candidate_id,event_id,trade_status,skipped_due_to_active_position,entry_time,exit_time,side,entry_price,stop_price,target_price,exit_price,exit_reason,same_bar_ambiguous,holding_bars,raw_return,r_multiple,source_event_session,source_event_regime,event_time,entry_day
CAND_BTC_EXH_SHORT_24_V1,abcd5258cf30bae6,EXECUTED,False,2026-03-12T09:47:00+00:00,2026-03-12T10:11:00+00:00,SHORT,70254.6,70377.7,69662.72582262,69877.2,EXPIRY,False,24,0.0053718902,3.0658001625,LONDON,REVERSAL_CANDIDATE,2026-03-12T09:46:00+00:00,2026-03-12
CAND_BTC_EXH_SHORT_24_V1,4013441a842344c4,EXECUTED,False,2026-03-12T11:43:00+00:00,2026-03-12T11:46:00+00:00,SHORT,70695.1,70724.3,69796.30712451,70724.3,STOP,False,3,-0.0004130414,-1.0,LONDON,EXPANSION,2026-03-12T11:42:00+00:00,2026-03-12
CAND_BTC_EXH_SHORT_24_V1,f739af7aeb3af47c,EXECUTED,False,2026-03-12T14:17:00+00:00,2026-03-12T14:30:00+00:00,SHORT,70394.6,70625.0,69914.95300743,69914.95300743,TARGET,False,13,0.0068136901,2.081801183,US,REVERSAL_CANDIDATE,2026-03-12T14:16:00+00:00,2026-03-12
CAND_BTC_EXH_SHORT_24_V1,fb9a99fdb240a4c5,EXECUTED,False,2026-03-12T16:47:00+00:00,2026-03-12T16:50:00+00:00,SHORT,70309.1,70450.0,69936.3727364,70450.0,STOP,False,3,-0.002004008,-1.0,US,REVERSAL_CANDIDATE,2026-03-12T16:46:00+00:00,2026-03-12
CAND_BTC_EXH_SHORT_24_V1,2667c612104d5276,EXECUTED,False,2026-03-12T23:17:00+00:00,2026-03-12T23:17:00+00:00,SHORT,70451.9,70485.7,69982.84899585,70485.7,STOP,False,0,-0.0004797599,-1.0,LATE_US,REVERSAL_CANDIDATE,2026-03-12T23:16:00+00:00,2026-03-12
CAND_BTC_EXH_SHORT_24_V1,2585eec8c400d261,EXECUTED,False,2026-03-13T00:17:00+00:00,2026-03-13T00:17:00+00:00,SHORT,71374.8,71488.0,71084.00595611,71488.0,STOP,False,0,-0.0015859939,-1.0,ASIA,CHOP,2026-03-13T00:16:00+00:00,2026-03-13
CAND_BTC_EXH_SHORT_24_V1,afbf51a169184786,EXECUTED,False,2026-03-13T00:33:00+00:00,2026-03-13T00:33:00+00:00,SHORT,71874.1,71940.0,71314.49606524,71940.0,STOP,False,0,-0.000916881,-1.0,ASIA,CHOP,2026-03-13T00:32:00+00:00,2026-03-13
CAND_BTC_EXH_SHORT_24_V1,7eb923e26780db88,EXECUTED,False,2026-03-13T08:39:00+00:00,2026-03-13T09:03:00+00:00,SHORT,71867.4,72156.4,71418.370644,71894.6,EXPIRY,False,24,-0.0003784748,-0.0941176471,LONDON,REVERSAL_CANDIDATE,2026-03-13T08:38:00+00:00,2026-03-13
CAND_BTC_EXH_SHORT_24_V1,b02fec8728c8c090,EXECUTED,False,2026-03-13T10:03:00+00:00,2026-03-13T10:04:00+00:00,SHORT,72120.8,72235.0,71501.38963235,72235.0,STOP,False,1,-0.0015834544,-1.0,LONDON,REVERSAL_CANDIDATE,2026-03-13T10:02:00+00:00,2026-03-13
CAND_BTC_EXH_SHORT_24_V1,67a86d6f2ba26db2,EXECUTED,False,2026-03-13T12:50:00+00:00,2026-03-13T13:07:00+00:00,SHORT,72804.2,72882.8,71704.63381439,72882.8,STOP,False,17,-0.001079608,-1.0,LONDON,EXPANSION,2026-03-13T12:49:00+00:00,2026-03-13
CAND_BTC_EXH_SHORT_24_V1,affbaec560d694eb,EXECUTED,False,2026-03-13T13:32:00+00:00,2026-03-13T13:32:00+00:00,SHORT,73139.0,73256.7,71834.93180121,73256.7,STOP,False,0,-0.0016092646,-1.0,US,REVERSAL_CANDIDATE,2026-03-13T13:31:00+00:00,2026-03-13
CAND_BTC_EXH_SHORT_24_V1,8b7539dbd5f3d9e2,EXECUTED,False,2026-03-13T15:17:00+00:00,2026-03-13T15:17:00+00:00,SHORT,72734.9,72799.8,72182.11671644,72799.8,STOP,False,0,-0.0008922814,-1.0,US,EXPANSION,2026-03-13T15:16:00+00:00,2026-03-13
CAND_BTC_EXH_SHORT_24_V1,7ef707943249ee03,EXECUTED,False,2026-03-14T23:08:00+00:00,2026-03-14T23:32:00+00:00,SHORT,71020.9,71071.9,70706.97680134,70995.0,EXPIRY,False,24,0.0003646814,0.5078431373,LATE_US,EXPANSION,2026-03-14T23:07:00+00:00,2026-03-14
CAND_BTC_EXH_SHORT_24_V1,1cf33b57c80f96da,EXECUTED,False,2026-03-15T02:50:00+00:00,2026-03-15T02:50:00+00:00,SHORT,71492.6,71549.7,71161.35750304,71549.7,STOP,False,0,-0.0007986841,-1.0,ASIA,EXPANSION,2026-03-15T02:49:00+00:00,2026-03-15
CAND_BTC_EXH_SHORT_24_V1,9798f67112292b58,EXECUTED,False,2026-03-15T04:19:00+00:00,2026-03-15T04:43:00+00:00,SHORT,71583.8,71621.1,71260.2541657,71445.0,EXPIRY,False,24,0.0019389862,3.7211796247,ASIA,REVERSAL_CANDIDATE,2026-03-15T04:18:00+00:00,2026-03-15
CAND_BTC_EXH_SHORT_24_V1,c02fc2b590c5c914,EXECUTED,False,2026-03-15T17:56:00+00:00,2026-03-15T18:20:00+00:00,SHORT,71934.2,71971.8,71483.17299895,71729.0,EXPIRY,False,24,0.002852607,5.4574468085,US,EXPANSION,2026-03-15T17:55:00+00:00,2026-03-15
CAND_BTC_EXH_SHORT_24_V1,037b43e07d951c7e,EXECUTED,False,2026-03-15T20:42:00+00:00,2026-03-15T21:06:00+00:00,SHORT,71779.3,71899.6,71494.24956036,71637.6,EXPIRY,False,24,0.0019741067,1.1778886118,LATE_US,REVERSAL_CANDIDATE,2026-03-15T20:41:00+00:00,2026-03-15
CAND_BTC_EXH_SHORT_24_V1,75f24bcb39a36019,EXECUTED,False,2026-03-15T21:40:00+00:00,2026-03-15T22:04:00+00:00,SHORT,72112.5,72200.0,71519.22356743,72200.0,STOP,False,24,-0.0012133819,-1.0,LATE_US,REVERSAL_CANDIDATE,2026-03-15T21:39:00+00:00,2026-03-15
CAND_BTC_EXH_SHORT_24_V1,33b8f550d915d2a7,EXECUTED,False,2026-03-15T22:54:00+00:00,2026-03-15T23:07:00+00:00,SHORT,72992.0,73130.2,71653.80343883,73130.2,STOP,False,13,-0.0018933582,-1.0,LATE_US,EXPANSION,2026-03-15T22:53:00+00:00,2026-03-15
CAND_BTC_EXH_SHORT_24_V1,4671e1b5eb4d7994,EXECUTED,False,2026-03-15T23:08:00+00:00,2026-03-15T23:32:00+00:00,SHORT,73097.5,73199.9,71708.87128941,72513.5,EXPIRY,False,24,0.0079893293,5.703125,LATE_US,REVERSAL_CANDIDATE,2026-03-15T23:07:00+00:00,2026-03-15
CAND_BTC_EXH_SHORT_24_V1,95cdc6c00b4525b9,EXECUTED,False,2026-03-16T03:40:00+00:00,2026-03-16T03:41:00+00:00,SHORT,73901.5,74096.4,73152.46767619,74096.4,STOP,False,1,-0.0026372942,-1.0,ASIA,REVERSAL_CANDIDATE,2026-03-16T03:39:00+00:00,2026-03-16
CAND_BTC_EXH_SHORT_24_V1,e9753b8de29fa7f2,EXECUTED,False,2026-03-16T11:02:00+00:00,2026-03-16T11:26:00+00:00,SHORT,73740.5,73856.6,73514.01070318,73580.6,EXPIRY,False,24,0.0021684149,1.3772609819,LONDON,REVERSAL_CANDIDATE,2026-03-16T11:01:00+00:00,2026-03-16
CAND_BTC_EXH_SHORT_24_V1,642fcbd84294b9c1,EXECUTED,False,2026-03-16T12:34:00+00:00,2026-03-16T12:34:00+00:00,SHORT,73986.3,74032.4,73527.67846797,74032.4,STOP,False,0,-0.0006230883,-1.0,LONDON,EXPANSION,2026-03-16T12:33:00+00:00,2026-03-16
CAND_BTC_EXH_SHORT_24_V1,505d95482fe77cf0,EXECUTED,False,2026-03-16T13:43:00+00:00,2026-03-16T14:07:00+00:00,SHORT,74367.2,74481.5,73570.37937406,74262.3,EXPIRY,False,24,0.0014105681,0.91776028,US,REVERSAL_CANDIDATE,2026-03-16T13:42:00+00:00,2026-03-16
CAND_BTC_EXH_SHORT_24_V1,0b6099cff2de1715,EXECUTED,False,2026-03-16T17:49:00+00:00,2026-03-16T18:08:00+00:00,SHORT,73991.2,74066.0,73580.58411461,74066.0,STOP,False,19,-0.001010931,-1.0,US,TREND_UP,2026-03-16T17:48:00+00:00,2026-03-16
CAND_BTC_EXH_SHORT_24_V1,38cfa15435b83c82,EXECUTED,False,2026-03-16T18:19:00+00:00,2026-03-16T18:27:00+00:00,SHORT,74240.4,74270.1,73592.52033615,74270.1,STOP,False,8,-0.0004000517,-1.0,US,REVERSAL_CANDIDATE,2026-03-16T18:18:00+00:00,2026-03-16
CAND_BTC_EXH_SHORT_24_V1,814abbb7429c8672,EXECUTED,False,2026-03-16T21:39:00+00:00,2026-03-16T22:03:00+00:00,SHORT,74615.7,74768.2,73653.93243655,74460.0,EXPIRY,False,24,0.0020866922,1.0209836066,LATE_US,REVERSAL_CANDIDATE,2026-03-16T21:38:00+00:00,2026-03-16
CAND_BTC_EXH_SHORT_24_V1,605ed179092fb64f,EXECUTED,False,2026-03-17T15:04:00+00:00,2026-03-17T15:04:00+00:00,SHORT,74750.1,74836.3,74424.53451361,74836.3,STOP,False,0,-0.0011531757,-1.0,US,REVERSAL_CANDIDATE,2026-03-17T15:03:00+00:00,2026-03-17
CAND_BTC_EXH_SHORT_24_V1,df5b27abf86b3dab,EXECUTED,False,2026-03-18T03:38:00+00:00,2026-03-18T04:02:00+00:00,SHORT,74571.6,74633.0,74039.39944936,74449.6,EXPIRY,False,24,0.0016360116,1.986970684,ASIA,REVERSAL_CANDIDATE,2026-03-18T03:37:00+00:00,2026-03-18
CAND_BTC_EXH_SHORT_24_V1,03217a385b94930d,EXECUTED,False,2026-03-19T03:21:00+00:00,2026-03-19T03:45:00+00:00,SHORT,71535.7,71598.3,71154.13261074,71211.9,EXPIRY,False,24,0.0045264113,5.1725239617,ASIA,EXPANSION,2026-03-19T03:20:00+00:00,2026-03-19
CAND_BTC_EXH_SHORT_24_V1,562ba05ebb2524fd,EXECUTED,False,2026-03-19T19:14:00+00:00,2026-03-19T19:20:00+00:00,SHORT,70289.8,70517.3,69910.71743183,70517.3,STOP,False,6,-0.0032366005,-1.0,US,EXPANSION,2026-03-19T19:13:00+00:00,2026-03-19
CAND_BTC_EXH_SHORT_24_V1,1dc1c1e9a4f9d9d2,EXECUTED,False,2026-03-20T07:48:00+00:00,2026-03-20T08:08:00+00:00,SHORT,70872.2,70900.0,70496.01295683,70900.0,STOP,False,20,-0.0003922554,-1.0,LONDON,REVERSAL_CANDIDATE,2026-03-20T07:47:00+00:00,2026-03-20
CAND_BTC_EXH_SHORT_24_V1,0bf03c593d170952,EXECUTED,False,2026-03-20T08:12:00+00:00,2026-03-20T08:13:00+00:00,SHORT,71215.7,71287.0,70561.57011676,71287.0,STOP,False,1,-0.0010011837,-1.0,LONDON,REVERSAL_CANDIDATE,2026-03-20T08:11:00+00:00,2026-03-20
CAND_BTC_EXH_SHORT_24_V1,b4b73e48e84a8b47,EXECUTED,False,2026-03-20T21:21:00+00:00,2026-03-20T21:21:00+00:00,SHORT,70498.3,70550.0,70214.95347168,70550.0,STOP,False,0,-0.000733351,-1.0,LATE_US,EXPANSION,2026-03-20T21:20:00+00:00,2026-03-20
CAND_BTC_EXH_SHORT_24_V1,7fc7084aa8af0645,EXECUTED,False,2026-03-20T22:14:00+00:00,2026-03-20T22:38:00+00:00,SHORT,70809.2,70888.0,70228.6687489,70643.3,EXPIRY,False,24,0.0023429159,2.1053299492,LATE_US,REVERSAL_CANDIDATE,2026-03-20T22:13:00+00:00,2026-03-20
CAND_BTC_EXH_SHORT_24_V1,3a641401def57d38,EXECUTED,False,2026-03-21T14:17:00+00:00,2026-03-21T14:41:00+00:00,SHORT,71000.0,71044.0,70671.06436354,70895.7,EXPIRY,False,24,0.0014690141,2.3704545455,US,REVERSAL_CANDIDATE,2026-03-21T14:16:00+00:00,2026-03-21
CAND_BTC_EXH_SHORT_24_V1,558e07beb24ad956,EXECUTED,False,2026-03-23T01:18:00+00:00,2026-03-23T01:21:00+00:00,SHORT,67980.4,68016.6,67765.01054505,68016.6,STOP,False,3,-0.0005325064,-1.0,ASIA,REVERSAL_CANDIDATE,2026-03-23T01:17:00+00:00,2026-03-23
CAND_BTC_EXH_SHORT_24_V1,c250d60cf580c331,EXECUTED,False,2026-03-23T02:31:00+00:00,2026-03-23T02:43:00+00:00,SHORT,68235.8,68294.3,67861.87950382,68294.3,STOP,False,12,-0.0008573212,-1.0,ASIA,REVERSAL_CANDIDATE,2026-03-23T02:30:00+00:00,2026-03-23
CAND_BTC_EXH_SHORT_24_V1,464e981616ff157a,EXECUTED,False,2026-03-23T05:05:00+00:00,2026-03-23T05:17:00+00:00,SHORT,68739.5,68777.0,68066.11779539,68777.0,STOP,False,12,-0.0005455379,-1.0,ASIA,EXPANSION,2026-03-23T05:04:00+00:00,2026-03-23
CAND_BTC_EXH_SHORT_24_V1,743e7816c89e3211,EXECUTED,False,2026-03-23T10:11:00+00:00,2026-03-23T10:12:00+00:00,SHORT,68587.5,68649.4,68164.71625325,68649.4,STOP,False,1,-0.0009024968,-1.0,LONDON,REVERSAL_CANDIDATE,2026-03-23T10:10:00+00:00,2026-03-23
CAND_BTC_EXH_SHORT_24_V1,f0d6981b82c7a535,EXECUTED,False,2026-03-23T11:13:00+00:00,2026-03-23T11:13:00+00:00,SHORT,71015.0,71290.4,68901.80333216,71290.4,STOP,False,0,-0.0038780539,-1.0,LONDON,REVERSAL_CANDIDATE,2026-03-23T11:12:00+00:00,2026-03-23
CAND_BTC_EXH_SHORT_24_V1,d3227fa8ee2d02e4,EXECUTED,False,2026-03-23T13:41:00+00:00,2026-03-23T13:41:00+00:00,SHORT,71102.8,71149.6,69534.46473986,71149.6,STOP,False,0,-0.0006582019,-1.0,US,TREND_UP,2026-03-23T13:40:00+00:00,2026-03-23
CAND_BTC_EXH_SHORT_24_V1,7417250d9b3bcc75,EXECUTED,False,2026-03-23T17:39:00+00:00,2026-03-23T17:54:00+00:00,SHORT,70994.6,71053.0,69900.31452412,71053.0,STOP,False,15,-0.0008225978,-1.0,US,REVERSAL_CANDIDATE,2026-03-23T17:38:00+00:00,2026-03-23
CAND_BTC_EXH_SHORT_24_V1,af65a0b9b82cf2d2,EXECUTED,False,2026-03-24T07:18:00+00:00,2026-03-24T07:23:00+00:00,SHORT,70866.7,70941.6,70514.17222575,70941.6,STOP,False,5,-0.0010569139,-1.0,LONDON,REVERSAL_CANDIDATE,2026-03-24T07:17:00+00:00,2026-03-24
CAND_BTC_EXH_SHORT_24_V1,b343721602d8bf8d,EXECUTED,False,2026-03-25T00:44:00+00:00,2026-03-25T00:52:00+00:00,SHORT,70966.0,71028.0,70750.20354256,70750.20354256,TARGET,False,8,0.0030408429,3.4805880232,ASIA,REVERSAL_CANDIDATE,2026-03-25T00:43:00+00:00,2026-03-25
CAND_BTC_EXH_SHORT_24_V1,776cf28a6fabf650,EXECUTED,False,2026-03-25T05:13:00+00:00,2026-03-25T05:13:00+00:00,SHORT,71287.9,71319.9,70764.22012683,71319.9,STOP,False,0,-0.000448884,-1.0,ASIA,REVERSAL_CANDIDATE,2026-03-25T05:12:00+00:00,2026-03-25
CAND_BTC_EXH_SHORT_24_V1,c519d29ae3e90abf,EXECUTED,False,2026-03-25T08:32:00+00:00,2026-03-25T08:34:00+00:00,SHORT,71195.1,71289.3,70875.53634917,71289.3,STOP,False,2,-0.0013231248,-1.0,LONDON,REVERSAL_CANDIDATE,2026-03-25T08:31:00+00:00,2026-03-25
CAND_BTC_EXH_SHORT_24_V1,b8a361b5e9a5243f,EXECUTED,False,2026-03-25T11:31:00+00:00,2026-03-25T11:31:00+00:00,SHORT,71832.8,71935.9,71057.07271914,71935.9,STOP,False,0,-0.0014352775,-1.0,LONDON,REVERSAL_CANDIDATE,2026-03-25T11:30:00+00:00,2026-03-25
CAND_BTC_EXH_SHORT_24_V1,1a84bd1999dab7e9,EXECUTED,False,2026-03-25T12:58:00+00:00,2026-03-25T13:22:00+00:00,SHORT,71769.9,71933.3,71179.31801936,71643.1,EXPIRY,False,24,0.0017667574,0.7760097919,LONDON,REVERSAL_CANDIDATE,2026-03-25T12:57:00+00:00,2026-03-25
CAND_BTC_EXH_SHORT_24_V1,9b0f7873917f9222,EXECUTED,False,2026-03-25T13:39:00+00:00,2026-03-25T14:03:00+00:00,SHORT,71852.8,71931.9,71214.86565733,71591.3,EXPIRY,False,24,0.003639385,3.3059418458,US,REVERSAL_CANDIDATE,2026-03-25T13:38:00+00:00,2026-03-25
CAND_BTC_EXH_SHORT_24_V1,8b862b83a34b104b,EXECUTED,False,2026-03-25T22:43:00+00:00,2026-03-25T23:07:00+00:00,SHORT,71492.2,71606.0,71161.20398187,71355.1,EXPIRY,False,24,0.0019176917,1.204745167,LATE_US,EXPANSION,2026-03-25T22:42:00+00:00,2026-03-25
CAND_BTC_EXH_SHORT_24_V1,7e4ec0ac91515b43,EXECUTED,False,2026-03-28T13:43:00+00:00,2026-03-28T14:07:00+00:00,SHORT,67069.0,67136.9,66368.62215665,66853.4,EXPIRY,False,24,0.0032145999,3.175257732,US,EXPANSION,2026-03-28T13:42:00+00:00,2026-03-28
CAND_BTC_EXH_SHORT_24_V1,2c6e1465f2c3f9ea,EXECUTED,False,2026-03-28T15:22:00+00:00,2026-03-28T15:46:00+00:00,SHORT,67132.0,67284.0,66482.56631377,67020.6,EXPIRY,False,24,0.0016594173,0.7328947368,US,REVERSAL_CANDIDATE,2026-03-28T15:21:00+00:00,2026-03-28
CAND_BTC_EXH_SHORT_24_V1,1f3f34c4db124f15,EXECUTED,False,2026-03-29T03:18:00+00:00,2026-03-29T03:42:00+00:00,SHORT,67043.6,67100.0,66610.3706178,66876.3,EXPIRY,False,24,0.0024953911,2.9663120567,ASIA,EXPANSION,2026-03-29T03:17:00+00:00,2026-03-29
CAND_BTC_EXH_SHORT_24_V1,736b2e8c4a2f2caf,EXECUTED,False,2026-03-30T02:49:00+00:00,2026-03-30T03:13:00+00:00,SHORT,67242.1,67336.5,66690.07135164,66990.8,EXPIRY,False,24,0.003737242,2.6620762712,ASIA,REVERSAL_CANDIDATE,2026-03-30T02:48:00+00:00,2026-03-30
CAND_BTC_EXH_SHORT_24_V1,91040eed454cbb64,EXECUTED,False,2026-03-30T04:13:00+00:00,2026-03-30T04:16:00+00:00,SHORT,67371.4,67466.0,66793.2188407,67466.0,STOP,False,3,-0.0014041567,-1.0,ASIA,REVERSAL_CANDIDATE,2026-03-30T04:12:00+00:00,2026-03-30
CAND_BTC_EXH_SHORT_24_V1,ea05b8ced30c587e,EXECUTED,False,2026-03-30T05:02:00+00:00,2026-03-30T05:10:00+00:00,SHORT,67641.7,67688.0,66880.38555374,67688.0,STOP,False,8,-0.000684489,-1.0,ASIA,REVERSAL_CANDIDATE,2026-03-30T05:01:00+00:00,2026-03-30
CAND_BTC_EXH_SHORT_24_V1,57fef071a0912089,EXECUTED,False,2026-03-30T08:07:00+00:00,2026-03-30T08:31:00+00:00,SHORT,67836.6,67888.5,67054.20180747,67754.5,EXPIRY,False,24,0.0012102611,1.5818882466,LONDON,EXPANSION,2026-03-30T08:06:00+00:00,2026-03-30
CAND_BTC_EXH_SHORT_24_V1,cd56de687449b315,EXECUTED,False,2026-03-31T00:51:00+00:00,2026-03-31T01:15:00+00:00,SHORT,67222.2,67276.0,66895.43730966,67198.9,EXPIRY,False,24,0.0003466117,0.4330855019,ASIA,REVERSAL_CANDIDATE,2026-03-31T00:50:00+00:00,2026-03-31
CAND_BTC_EXH_SHORT_24_V1,a6951ca92948e2d3,EXECUTED,False,2026-03-31T01:36:00+00:00,2026-03-31T02:00:00+00:00,SHORT,68297.7,68377.0,67478.03814238,67896.2,EXPIRY,False,24,0.0058786753,5.0630517024,ASIA,EXPANSION,2026-03-31T01:35:00+00:00,2026-03-31
CAND_BTC_EXH_SHORT_24_V1,c95f29c24e3636ec,EXECUTED,False,2026-03-31T16:47:00+00:00,2026-03-31T17:11:00+00:00,SHORT,67801.9,67888.0,67142.98567249,67841.7,EXPIRY,False,24,-0.0005870042,-0.462253194,US,REVERSAL_CANDIDATE,2026-03-31T16:46:00+00:00,2026-03-31
CAND_BTC_EXH_SHORT_24_V1,6d08efc42869b317,EXECUTED,False,2026-03-31T17:16:00+00:00,2026-03-31T17:16:00+00:00,SHORT,68432.8,68532.7,67221.75366501,68532.7,STOP,False,0,-0.0014598263,-1.0,US,EXPANSION,2026-03-31T17:15:00+00:00,2026-03-31
CAND_BTC_EXH_SHORT_24_V1,412e40f7fbf134c3,EXECUTED,False,2026-03-31T20:14:00+00:00,2026-03-31T20:38:00+00:00,SHORT,68124.4,68177.2,67304.08397602,68048.8,EXPIRY,False,24,0.0011097345,1.4318181818,LATE_US,REVERSAL_CANDIDATE,2026-03-31T20:13:00+00:00,2026-03-31
CAND_BTC_EXH_SHORT_24_V1,00e1017dcb9ca5f4,EXECUTED,False,2026-03-31T21:57:00+00:00,2026-03-31T22:21:00+00:00,SHORT,68318.5,68382.9,67328.44558123,68249.9,EXPIRY,False,24,0.0010041204,1.0652173913,LATE_US,REVERSAL_CANDIDATE,2026-03-31T21:56:00+00:00,2026-03-31
CAND_BTC_EXH_SHORT_24_V1,5dd0d94258cbe71b,EXECUTED,False,2026-04-01T00:56:00+00:00,2026-04-01T01:01:00+00:00,SHORT,68250.8,68305.1,68050.48281538,68305.1,STOP,False,5,-0.0007955951,-1.0,ASIA,REVERSAL_CANDIDATE,2026-04-01T00:55:00+00:00,2026-04-01
CAND_BTC_EXH_SHORT_24_V1,d6dd8cc7f61f1adc,EXECUTED,False,2026-04-01T05:27:00+00:00,2026-04-01T05:27:00+00:00,SHORT,68647.7,68725.6,68075.9404276,68725.6,STOP,False,0,-0.0011347795,-1.0,ASIA,EXPANSION,2026-04-01T05:26:00+00:00,2026-04-01
CAND_BTC_EXH_SHORT_24_V1,fc209b37e21026ac,EXECUTED,False,2026-04-01T06:22:00+00:00,2026-04-01T06:23:00+00:00,SHORT,68756.1,68794.1,68150.23530508,68794.1,STOP,False,1,-0.0005526782,-1.0,ASIA,REVERSAL_CANDIDATE,2026-04-01T06:21:00+00:00,2026-04-01
CAND_BTC_EXH_SHORT_24_V1,8c317331cb45f2a6,EXECUTED,False,2026-04-01T06:38:00+00:00,2026-04-01T06:45:00+00:00,SHORT,69032.1,69088.0,68243.75707337,69088.0,STOP,False,7,-0.0008097682,-1.0,ASIA,REVERSAL_CANDIDATE,2026-04-01T06:37:00+00:00,2026-04-01
CAND_BTC_EXH_SHORT_24_V1,db2b6ae510721eb6,EXECUTED,False,2026-04-01T15:27:00+00:00,2026-04-01T15:51:00+00:00,SHORT,68755.0,68873.1,68438.18698196,68749.0,EXPIRY,False,24,8.72664e-05,0.050804403,US,REVERSAL_CANDIDATE,2026-04-01T15:26:00+00:00,2026-04-01
CAND_BTC_EXH_SHORT_24_V1,8bc2c38b3d08c58f,EXECUTED,False,2026-04-01T17:05:00+00:00,2026-04-01T17:24:00+00:00,SHORT,69052.8,69142.6,68474.08019307,68474.08019307,TARGET,False,19,0.0083808304,6.4445412798,US,REVERSAL_CANDIDATE,2026-04-01T17:04:00+00:00,2026-04-01
CAND_BTC_EXH_SHORT_24_V1,189b373d347a73af,EXECUTED,False,2026-04-02T16:48:00+00:00,2026-04-02T17:12:00+00:00,SHORT,67176.2,67226.4,66754.84291409,66975.4,EXPIRY,False,24,0.0029891539,4.0,US,REVERSAL_CANDIDATE,2026-04-02T16:47:00+00:00,2026-04-02
CAND_BTC_EXH_SHORT_24_V1,049a85a0bbcc5baa,EXECUTED,False,2026-04-02T17:20:00+00:00,2026-04-02T17:44:00+00:00,SHORT,67335.3,67400.0,66768.36989967,66914.7,EXPIRY,False,24,0.0062463522,6.5007727975,US,REVERSAL_CANDIDATE,2026-04-02T17:19:00+00:00,2026-04-02
CAND_BTC_EXH_SHORT_24_V1,950effe60fb3ce1e,EXECUTED,False,2026-04-02T18:55:00+00:00,2026-04-02T19:03:00+00:00,SHORT,66992.8,67044.8,66773.49399291,67044.8,STOP,False,8,-0.0007762028,-1.0,US,REVERSAL_CANDIDATE,2026-04-02T18:54:00+00:00,2026-04-02
CAND_BTC_EXH_SHORT_24_V1,961c8c3861f99808,EXECUTED,False,2026-04-03T07:37:00+00:00,2026-04-03T08:01:00+00:00,SHORT,67124.5,67233.3,66636.3244769,67010.9,EXPIRY,False,24,0.0016923776,1.0441176471,LONDON,REVERSAL_CANDIDATE,2026-04-03T07:36:00+00:00,2026-04-03
CAND_BTC_EXH_SHORT_24_V1,234fb88d2c991781,EXECUTED,False,2026-04-04T15:14:00+00:00,2026-04-04T15:38:00+00:00,SHORT,67362.1,67554.5,67044.3393474,67307.9,EXPIRY,False,24,0.0008046067,0.2817047817,US,REVERSAL_CANDIDATE,2026-04-04T15:13:00+00:00,2026-04-04
CAND_BTC_EXH_SHORT_24_V1,3fa95db51f561517,EXECUTED,False,2026-04-05T15:30:00+00:00,2026-04-05T15:31:00+00:00,SHORT,67375.9,67521.7,66946.80113377,67521.7,STOP,False,1,-0.0021639785,-1.0,US,REVERSAL_CANDIDATE,2026-04-05T15:29:00+00:00,2026-04-05
CAND_BTC_EXH_SHORT_24_V1,e9d37dc0d55d7546,EXECUTED,False,2026-04-05T22:48:00+00:00,2026-04-05T22:58:00+00:00,SHORT,68100.1,68235.3,67222.57542081,68235.3,STOP,False,10,-0.0019853128,-1.0,LATE_US,REVERSAL_CANDIDATE,2026-04-05T22:47:00+00:00,2026-04-05
CAND_BTC_EXH_SHORT_24_V1,66a68ad29be06d54,EXECUTED,False,2026-04-05T23:10:00+00:00,2026-04-05T23:15:00+00:00,SHORT,68410.0,68580.0,67317.17177307,68580.0,STOP,False,5,-0.0024850168,-1.0,LATE_US,REVERSAL_CANDIDATE,2026-04-05T23:09:00+00:00,2026-04-05
CAND_BTC_EXH_SHORT_24_V1,6b6f9e6b28adba10,EXECUTED,False,2026-04-06T09:23:00+00:00,2026-04-06T09:23:00+00:00,SHORT,70063.9,70191.9,69245.79239917,70191.9,STOP,False,0,-0.0018269037,-1.0,LONDON,REVERSAL_CANDIDATE,2026-04-06T09:22:00+00:00,2026-04-06
CAND_BTC_EXH_SHORT_24_V1,3a3d155a0f2b3cb7,EXECUTED,False,2026-04-06T16:50:00+00:00,2026-04-06T17:13:00+00:00,SHORT,70188.1,70332.5,69429.53141425,69429.53141425,TARGET,False,23,0.0108076524,5.2532450537,US,REVERSAL_CANDIDATE,2026-04-06T16:49:00+00:00,2026-04-06
CAND_BTC_EXH_SHORT_24_V1,a63c1132dc97bab9,EXECUTED,False,2026-04-06T18:26:00+00:00,2026-04-06T18:28:00+00:00,SHORT,69779.1,69870.6,69445.73268127,69870.6,STOP,False,2,-0.0013112809,-1.0,US,REVERSAL_CANDIDATE,2026-04-06T18:25:00+00:00,2026-04-06
CAND_BTC_EXH_SHORT_24_V1,39dc92e9ec74d9f4,EXECUTED,False,2026-04-07T19:54:00+00:00,2026-04-07T20:01:00+00:00,SHORT,68999.1,69068.6,68475.54537534,69068.6,STOP,False,7,-0.0010072595,-1.0,US,REVERSAL_CANDIDATE,2026-04-07T19:53:00+00:00,2026-04-07
CAND_BTC_EXH_SHORT_24_V1,fcc2a437992d18c7,EXECUTED,False,2026-04-07T21:13:00+00:00,2026-04-07T21:13:00+00:00,SHORT,70031.2,70087.5,68609.8859254,70087.5,STOP,False,0,-0.0008039274,-1.0,LATE_US,EXPANSION,2026-04-07T21:12:00+00:00,2026-04-07
CAND_BTC_EXH_SHORT_24_V1,2ac24c4b5b9020c6,EXECUTED,False,2026-04-07T22:08:00+00:00,2026-04-07T22:32:00+00:00,SHORT,70378.0,70561.0,68750.27240148,70429.3,EXPIRY,False,24,-0.000728921,-0.2803278689,LATE_US,REVERSAL_CANDIDATE,2026-04-07T22:07:00+00:00,2026-04-07
CAND_BTC_EXH_SHORT_24_V1,63de9d4f63df60c5,EXECUTED,False,2026-04-07T22:34:00+00:00,2026-04-07T22:34:00+00:00,SHORT,70659.1,70999.3,68852.87743398,70999.3,STOP,False,0,-0.0048146665,-1.0,LATE_US,REVERSAL_CANDIDATE,2026-04-07T22:33:00+00:00,2026-04-07
CAND_BTC_EXH_SHORT_24_V1,71b482002f74c26e,EXECUTED,False,2026-04-07T23:02:00+00:00,2026-04-07T23:21:00+00:00,SHORT,71476.3,71700.0,69059.65270359,71700.0,STOP,False,19,-0.0031297087,-1.0,LATE_US,REVERSAL_CANDIDATE,2026-04-07T23:01:00+00:00,2026-04-07
CAND_BTC_EXH_SHORT_24_V1,d5da01ddf2d67a5e,EXECUTED,False,2026-04-07T23:28:00+00:00,2026-04-07T23:29:00+00:00,SHORT,72150.5,72287.9,69275.79505937,72287.9,STOP,False,1,-0.0019043527,-1.0,LATE_US,REVERSAL_CANDIDATE,2026-04-07T23:27:00+00:00,2026-04-07
CAND_BTC_EXH_SHORT_24_V1,a44136637410e5ea,EXECUTED,False,2026-04-08T06:23:00+00:00,2026-04-08T06:47:00+00:00,SHORT,71875.6,71919.0,71621.88931996,71783.4,EXPIRY,False,24,0.0012827719,2.1244239631,ASIA,REVERSAL_CANDIDATE,2026-04-08T06:22:00+00:00,2026-04-08
CAND_BTC_EXH_SHORT_24_V1,e9fb52fb22503270,EXECUTED,False,2026-04-08T13:15:00+00:00,2026-04-08T13:19:00+00:00,SHORT,72593.0,72800.0,71816.22357865,72800.0,STOP,False,4,-0.0028515146,-1.0,US,REVERSAL_CANDIDATE,2026-04-08T13:14:00+00:00,2026-04-08
CAND_BTC_EXH_SHORT_24_V1,b73c068c78080c75,EXECUTED,False,2026-04-09T08:47:00+00:00,2026-04-09T09:11:00+00:00,SHORT,71300.5,71342.0,70877.190391,71203.5,EXPIRY,False,24,0.0013604393,2.3373493976,LONDON,EXPANSION,2026-04-09T08:46:00+00:00,2026-04-09
CAND_BTC_EXH_SHORT_24_V1,ffd8e3db6340e564,EXECUTED,False,2026-04-09T09:19:00+00:00,2026-04-09T09:43:00+00:00,SHORT,71379.7,71480.0,70909.54469717,71219.6,EXPIRY,False,24,0.0022429346,1.5962113659,LONDON,REVERSAL_CANDIDATE,2026-04-09T09:18:00+00:00,2026-04-09
CAND_BTC_EXH_SHORT_24_V1,94210f3ad3082d0f,EXECUTED,False,2026-04-09T09:59:00+00:00,2026-04-09T10:23:00+00:00,SHORT,71490.8,71533.0,70939.69064882,71420.8,EXPIRY,False,24,0.000979147,1.6587677725,LONDON,REVERSAL_CANDIDATE,2026-04-09T09:58:00+00:00,2026-04-09
CAND_BTC_EXH_SHORT_24_V1,6aa43278649950e6,EXECUTED,False,2026-04-09T15:23:00+00:00,2026-04-09T15:33:00+00:00,SHORT,71550.6,71630.0,70985.95236011,71630.0,STOP,False,10,-0.0011097042,-1.0,US,EXPANSION,2026-04-09T15:22:00+00:00,2026-04-09
CAND_BTC_EXH_SHORT_24_V1,d95ff2af69d9ea1f,EXECUTED,False,2026-04-09T17:05:00+00:00,2026-04-09T17:16:00+00:00,SHORT,72370.7,72500.0,71308.98624251,72500.0,STOP,False,11,-0.0017866346,-1.0,US,REVERSAL_CANDIDATE,2026-04-09T17:04:00+00:00,2026-04-09
CAND_BTC_EXH_SHORT_24_V1,1d20f8a635807ca5,EXECUTED,False,2026-04-09T19:52:00+00:00,2026-04-09T20:16:00+00:00,SHORT,72200.1,72267.3,71447.5969911,72147.0,EXPIRY,False,24,0.000735456,0.7901785714,US,REVERSAL_CANDIDATE,2026-04-09T19:51:00+00:00,2026-04-09
CAND_BTC_EXH_SHORT_24_V1,67499852e43deda4,EXECUTED,False,2026-04-09T21:09:00+00:00,2026-04-09T21:33:00+00:00,SHORT,72601.5,72666.6,71490.08485747,72150.0,EXPIRY,False,24,0.0062188798,6.935483871,LATE_US,REVERSAL_CANDIDATE,2026-04-09T21:08:00+00:00,2026-04-09
CAND_BTC_EXH_SHORT_24_V1,6a626c9802db6248,EXECUTED,False,2026-04-09T22:19:00+00:00,2026-04-09T22:43:00+00:00,SHORT,72957.4,73128.0,71570.31929911,72255.1,EXPIRY,False,24,0.0096261654,4.1166471278,LATE_US,EXPANSION,2026-04-09T22:18:00+00:00,2026-04-09
CAND_BTC_EXH_SHORT_24_V1,f2d5e95692f92bd2,EXECUTED,False,2026-04-10T01:39:00+00:00,2026-04-10T01:42:00+00:00,SHORT,72291.7,72331.0,71891.05153583,72331.0,STOP,False,3,-0.0005436309,-1.0,ASIA,REVERSAL_CANDIDATE,2026-04-10T01:38:00+00:00,2026-04-10
CAND_BTC_EXH_SHORT_24_V1,3691ae1a3d08c113,EXECUTED,False,2026-04-10T12:33:00+00:00,2026-04-10T12:57:00+00:00,SHORT,72365.7,72467.3,71923.62716803,72233.6,EXPIRY,False,24,0.0018254505,1.3001968504,LONDON,REVERSAL_CANDIDATE,2026-04-10T12:32:00+00:00,2026-04-10
CAND_BTC_EXH_SHORT_24_V1,f1369f1d977ace42,EXECUTED,False,2026-04-10T14:07:00+00:00,2026-04-10T14:09:00+00:00,SHORT,72394.7,72522.0,71974.26276402,72522.0,STOP,False,2,-0.001758416,-1.0,US,REVERSAL_CANDIDATE,2026-04-10T14:06:00+00:00,2026-04-10
CAND_BTC_EXH_SHORT_24_V1,ae50ec4843b34020,EXECUTED,False,2026-04-10T14:33:00+00:00,2026-04-10T14:37:00+00:00,SHORT,73020.0,73100.0,72096.52669638,73100.0,STOP,False,4,-0.0010955902,-1.0,US,REVERSAL_CANDIDATE,2026-04-10T14:32:00+00:00,2026-04-10
CAND_BTC_EXH_SHORT_24_V1,775f85e3d5d7d1c5,EXECUTED,False,2026-04-10T17:00:00+00:00,2026-04-10T17:24:00+00:00,SHORT,72991.9,73024.1,72266.61805442,72920.1,EXPIRY,False,24,0.0009836708,2.2298136646,US,TREND_UP,2026-04-10T16:59:00+00:00,2026-04-10
CAND_BTC_EXH_SHORT_24_V1,80419d83fc759009,EXECUTED,False,2026-04-10T20:01:00+00:00,2026-04-10T20:06:00+00:00,SHORT,73187.8,73220.0,72346.95202511,73220.0,STOP,False,5,-0.000439964,-1.0,LATE_US,REVERSAL_CANDIDATE,2026-04-10T20:00:00+00:00,2026-04-10
CAND_BTC_EXH_SHORT_24_V1,dd6149267a14f63a,EXECUTED,False,2026-04-10T20:58:00+00:00,2026-04-10T21:22:00+00:00,SHORT,73343.3,73377.6,72393.65296867,73057.0,EXPIRY,False,24,0.0039035604,8.3469387755,LATE_US,REVERSAL_CANDIDATE,2026-04-10T20:57:00+00:00,2026-04-10
CAND_BTC_EXH_SHORT_24_V1,11e63b405e32336b,EXECUTED,False,2026-04-11T16:50:00+00:00,2026-04-11T17:14:00+00:00,SHORT,73123.2,73162.0,72773.51395017,72981.5,EXPIRY,False,24,0.0019378255,3.6520618557,US,EXPANSION,2026-04-11T16:49:00+00:00,2026-04-11
CAND_BTC_EXH_SHORT_24_V1,e5c4d6558dcefa39,EXECUTED,False,2026-04-13T15:02:00+00:00,2026-04-13T15:26:00+00:00,SHORT,72300.9,72431.0,71229.29972575,71877.6,EXPIRY,False,24,0.0058546989,3.2536510377,US,REVERSAL_CANDIDATE,2026-04-13T15:01:00+00:00,2026-04-13
CAND_BTC_EXH_SHORT_24_V1,021ee180f2e046ef,EXECUTED,False,2026-04-13T16:32:00+00:00,2026-04-13T16:32:00+00:00,SHORT,72251.1,72276.7,71352.11963345,72276.7,STOP,False,0,-0.0003543199,-1.0,US,TREND_UP,2026-04-13T16:31:00+00:00,2026-04-13
CAND_BTC_EXH_SHORT_24_V1,60b3dff1db64bfb1,EXECUTED,False,2026-04-13T19:36:00+00:00,2026-04-13T19:37:00+00:00,SHORT,73061.9,73100.0,71639.48405225,73100.0,STOP,False,1,-0.0005214756,-1.0,US,EXPANSION,2026-04-13T19:35:00+00:00,2026-04-13
CAND_BTC_EXH_SHORT_24_V1,21fb7894f8cfaf8e,EXECUTED,False,2026-04-13T19:39:00+00:00,2026-04-13T19:39:00+00:00,SHORT,72955.4,73018.8,71675.04519728,73018.8,STOP,False,0,-0.0008690241,-1.0,US,EXPANSION,2026-04-13T19:38:00+00:00,2026-04-13
CAND_BTC_EXH_SHORT_24_V1,dd76ccd24a3c4ba5,EXECUTED,False,2026-04-13T22:16:00+00:00,2026-04-13T22:17:00+00:00,SHORT,73720.5,73900.0,71932.92664648,73900.0,STOP,False,1,-0.0024348723,-1.0,LATE_US,REVERSAL_CANDIDATE,2026-04-13T22:15:00+00:00,2026-04-13
CAND_BTC_EXH_SHORT_24_V1,b26508e10380d869,EXECUTED,False,2026-04-13T22:57:00+00:00,2026-04-13T23:10:00+00:00,SHORT,74622.6,74750.0,72231.30175493,74750.0,STOP,False,13,-0.0017072576,-1.0,LATE_US,REVERSAL_CANDIDATE,2026-04-13T22:56:00+00:00,2026-04-13
CAND_BTC_EXH_SHORT_24_V1,ea8aa2bdade0844e,EXECUTED,False,2026-04-14T08:39:00+00:00,2026-04-14T09:03:00+00:00,SHORT,74838.7,74873.5,74395.64193732,74712.4,EXPIRY,False,24,0.0016876295,3.6293103448,LONDON,EXPANSION,2026-04-14T08:38:00+00:00,2026-04-14
CAND_BTC_EXH_SHORT_24_V1,4a46333ec588bf17,EXECUTED,False,2026-04-14T13:49:00+00:00,2026-04-14T13:57:00+00:00,SHORT,75288.1,75365.0,74517.57109778,75365.0,STOP,False,8,-0.0010214098,-1.0,US,REVERSAL_CANDIDATE,2026-04-14T13:48:00+00:00,2026-04-14
CAND_BTC_EXH_SHORT_24_V1,142d119ed68ccd3d,EXECUTED,False,2026-04-14T14:34:00+00:00,2026-04-14T14:58:00+00:00,SHORT,75892.7,76009.0,74790.51307864,75120.7,EXPIRY,False,24,0.0101722564,6.6380051591,US,REVERSAL_CANDIDATE,2026-04-14T14:33:00+00:00,2026-04-14
CAND_BTC_EXH_SHORT_24_V1,562e61bdb8ae4fc3,EXECUTED,False,2026-04-14T16:10:00+00:00,2026-04-14T16:34:00+00:00,SHORT,75618.3,75684.9,74870.30874835,75153.5,EXPIRY,False,24,0.0061466603,6.978978979,US,TREND_UP,2026-04-14T16:09:00+00:00,2026-04-14
CAND_BTC_EXH_SHORT_24_V1,faacb551f24148d9,EXECUTED,False,2026-04-15T14:26:00+00:00,2026-04-15T14:26:00+00:00,SHORT,74374.6,74419.1,74090.10777124,74419.1,STOP,False,0,-0.0005983225,-1.0,US,EXPANSION,2026-04-15T14:25:00+00:00,2026-04-15
CAND_BTC_EXH_SHORT_24_V1,51b81a61a91cded6,EXECUTED,False,2026-04-15T19:13:00+00:00,2026-04-15T19:13:00+00:00,SHORT,74602.8,74660.0,74075.71515127,74660.0,STOP,False,0,-0.0007667273,-1.0,US,REVERSAL_CANDIDATE,2026-04-15T19:12:00+00:00,2026-04-15
CAND_BTC_EXH_SHORT_24_V1,8dfb081c975ed720,EXECUTED,False,2026-04-15T22:12:00+00:00,2026-04-15T22:36:00+00:00,SHORT,75055.9,75110.9,74204.03720668,74960.7,EXPIRY,False,24,0.001268388,1.7309090909,LATE_US,EXPANSION,2026-04-15T22:11:00+00:00,2026-04-15
CAND_BTC_EXH_SHORT_24_V1,6e29244197f8c155,EXECUTED,False,2026-04-15T22:41:00+00:00,2026-04-15T23:05:00+00:00,SHORT,75251.1,75425.6,74232.3015352,74788.1,EXPIRY,False,24,0.006152734,2.6532951289,LATE_US,REVERSAL_CANDIDATE,2026-04-15T22:40:00+00:00,2026-04-15
CAND_BTC_EXH_SHORT_24_V1,2682cb42a6866047,EXECUTED,False,2026-04-16T02:34:00+00:00,2026-04-16T02:41:00+00:00,SHORT,74991.6,75051.8,74670.41152094,75051.8,STOP,False,7,-0.0008027566,-1.0,ASIA,REVERSAL_CANDIDATE,2026-04-16T02:33:00+00:00,2026-04-16
CAND_BTC_EXH_SHORT_24_V1,7e3a6fb746dd33d8,EXECUTED,False,2026-04-16T16:10:00+00:00,2026-04-16T16:34:00+00:00,SHORT,74841.7,74901.6,74400.47826022,74400.47826022,TARGET,False,24,0.0058953998,7.3659722835,US,REVERSAL_CANDIDATE,2026-04-16T16:09:00+00:00,2026-04-16
CAND_BTC_EXH_SHORT_24_V1,58546f251ea80a68,EXECUTED,False,2026-04-16T18:55:00+00:00,2026-04-16T19:19:00+00:00,SHORT,74899.7,75073.0,74398.00833903,74845.4,EXPIRY,False,24,0.0007249695,0.3133294864,US,REVERSAL_CANDIDATE,2026-04-16T18:54:00+00:00,2026-04-16
CAND_BTC_EXH_SHORT_24_V1,c949cf9063dc82b5,EXECUTED,False,2026-04-16T19:44:00+00:00,2026-04-16T19:47:00+00:00,SHORT,75206.5,75280.0,74428.40191573,75280.0,STOP,False,3,-0.0009773091,-1.0,US,REVERSAL_CANDIDATE,2026-04-16T19:43:00+00:00,2026-04-16
CAND_BTC_EXH_SHORT_24_V1,eb642875d4c4da5c,EXECUTED,False,2026-04-17T08:57:00+00:00,2026-04-17T09:15:00+00:00,SHORT,75764.0,75869.0,75003.61668775,75869.0,STOP,False,18,-0.0013858825,-1.0,LONDON,REVERSAL_CANDIDATE,2026-04-17T08:56:00+00:00,2026-04-17
CAND_BTC_EXH_SHORT_24_V1,88126590160157e4,EXECUTED,False,2026-04-17T12:55:00+00:00,2026-04-17T12:55:00+00:00,SHORT,76102.4,76206.6,75386.08853464,76206.6,STOP,False,0,-0.0013692078,-1.0,LONDON,REVERSAL_CANDIDATE,2026-04-17T12:54:00+00:00,2026-04-17
CAND_BTC_EXH_SHORT_24_V1,36addc266e94d9a8,EXECUTED,False,2026-04-17T13:14:00+00:00,2026-04-17T13:15:00+00:00,SHORT,76692.0,76770.0,75511.64270809,76770.0,STOP,False,1,-0.0010170552,-1.0,US,REVERSAL_CANDIDATE,2026-04-17T13:13:00+00:00,2026-04-17
CAND_BTC_EXH_SHORT_24_V1,35b9b7cf04b1284f,EXECUTED,False,2026-04-17T13:53:00+00:00,2026-04-17T13:54:00+00:00,SHORT,77164.5,77284.5,75785.19431222,77284.5,STOP,False,1,-0.0015551193,-1.0,US,REVERSAL_CANDIDATE,2026-04-17T13:52:00+00:00,2026-04-17
CAND_BTC_EXH_SHORT_24_V1,530d775db27ef416,EXECUTED,False,2026-04-17T16:07:00+00:00,2026-04-17T16:08:00+00:00,SHORT,77852.0,77929.8,76285.74121378,77929.8,STOP,False,1,-0.0009993321,-1.0,US,REVERSAL_CANDIDATE,2026-04-17T16:06:00+00:00,2026-04-17
CAND_BTC_EXH_SHORT_24_V1,d293a5948bab35b4,EXECUTED,False,2026-04-19T13:24:00+00:00,2026-04-19T13:48:00+00:00,SHORT,76155.9,76200.0,75419.25561695,75849.1,EXPIRY,False,24,0.0040285782,6.9569160998,US,REVERSAL_CANDIDATE,2026-04-19T13:23:00+00:00,2026-04-19
CAND_BTC_EXH_SHORT_24_V1,4a3092f925901490,EXECUTED,False,2026-04-20T01:46:00+00:00,2026-04-20T01:47:00+00:00,SHORT,74637.0,74673.7,74177.18527023,74673.7,STOP,False,1,-0.0004917132,-1.0,ASIA,REVERSAL_CANDIDATE,2026-04-20T01:45:00+00:00,2026-04-20
CAND_BTC_EXH_SHORT_24_V1,ee612c4fb1496ce5,EXECUTED,False,2026-04-20T06:44:00+00:00,2026-04-20T07:01:00+00:00,SHORT,74755.2,74808.7,74316.94557123,74808.7,STOP,False,17,-0.0007156693,-1.0,ASIA,REVERSAL_CANDIDATE,2026-04-20T06:43:00+00:00,2026-04-20
CAND_BTC_EXH_SHORT_24_V1,8f86ab32e0f1af7b,EXECUTED,False,2026-04-20T07:25:00+00:00,2026-04-20T07:25:00+00:00,SHORT,75431.4,75521.0,74476.54913969,75521.0,STOP,False,0,-0.0011878342,-1.0,LONDON,EXPANSION,2026-04-20T07:24:00+00:00,2026-04-20
CAND_BTC_EXH_SHORT_24_V1,da69be34931fe64a,EXECUTED,False,2026-04-20T12:22:00+00:00,2026-04-20T12:46:00+00:00,SHORT,75552.5,75633.0,74709.77490924,75200.1,EXPIRY,False,24,0.0046643063,4.3776397516,LONDON,REVERSAL_CANDIDATE,2026-04-20T12:21:00+00:00,2026-04-20
CAND_BTC_EXH_SHORT_24_V1,485c599f6cfef8a8,EXECUTED,False,2026-04-20T14:28:00+00:00,2026-04-20T14:52:00+00:00,SHORT,75633.6,75734.0,74817.00501966,75088.8,EXPIRY,False,24,0.0072031478,5.4262948207,US,REVERSAL_CANDIDATE,2026-04-20T14:27:00+00:00,2026-04-20
CAND_BTC_EXH_SHORT_24_V1,4558603f15f1282d,EXECUTED,False,2026-04-20T15:29:00+00:00,2026-04-20T15:30:00+00:00,SHORT,75579.8,75666.0,74870.7780822,75666.0,STOP,False,1,-0.0011405164,-1.0,US,REVERSAL_CANDIDATE,2026-04-20T15:28:00+00:00,2026-04-20
CAND_BTC_EXH_SHORT_24_V1,4419e35bd46f51c2,EXECUTED,False,2026-04-20T17:20:00+00:00,2026-04-20T17:20:00+00:00,SHORT,75763.0,75826.8,74947.3087281,75826.8,STOP,False,0,-0.0008420997,-1.0,US,REVERSAL_CANDIDATE,2026-04-20T17:19:00+00:00,2026-04-20
CAND_BTC_EXH_SHORT_24_V1,ecf9d5bd57f7b1bf,EXECUTED,False,2026-04-20T18:05:00+00:00,2026-04-20T18:10:00+00:00,SHORT,76088.6,76277.6,75013.63006682,76277.6,STOP,False,5,-0.0024839463,-1.0,US,REVERSAL_CANDIDATE,2026-04-20T18:04:00+00:00,2026-04-20
CAND_BTC_EXH_SHORT_24_V1,aecf1006b75b3243,EXECUTED,False,2026-04-20T18:53:00+00:00,2026-04-20T18:54:00+00:00,SHORT,76362.7,76429.9,75090.6934872,76429.9,STOP,False,1,-0.0008800108,-1.0,US,REVERSAL_CANDIDATE,2026-04-20T18:52:00+00:00,2026-04-20
CAND_BTC_EXH_SHORT_24_V1,6a181785f3c6b1da,EXECUTED,False,2026-04-20T20:23:00+00:00,2026-04-20T20:47:00+00:00,SHORT,76469.6,76531.0,75212.11295601,76199.9,EXPIRY,False,24,0.0035268917,4.3925081433,LATE_US,EXPANSION,2026-04-20T20:22:00+00:00,2026-04-20
CAND_BTC_EXH_SHORT_24_V1,75b88b2416fa759b,EXECUTED,False,2026-04-21T07:28:00+00:00,2026-04-21T07:42:00+00:00,SHORT,76173.9,76242.0,75811.46972089,76242.0,STOP,False,14,-0.000894007,-1.0,LONDON,REVERSAL_CANDIDATE,2026-04-21T07:27:00+00:00,2026-04-21
CAND_BTC_EXH_SHORT_24_V1,c80662ff442bb170,EXECUTED,False,2026-04-21T08:49:00+00:00,2026-04-21T09:13:00+00:00,SHORT,76748.3,76999.0,75997.1937558,76445.7,EXPIRY,False,24,0.0039427583,1.207020343,LONDON,REVERSAL_CANDIDATE,2026-04-21T08:48:00+00:00,2026-04-21
CAND_BTC_EXH_SHORT_24_V1,883cdf6107704ed0,EXECUTED,False,2026-04-21T10:56:00+00:00,2026-04-21T10:56:00+00:00,SHORT,76791.7,76820.0,76117.0183232,76820.0,STOP,False,0,-0.0003685294,-1.0,LONDON,REVERSAL_CANDIDATE,2026-04-21T10:55:00+00:00,2026-04-21
CAND_BTC_EXH_SHORT_24_V1,52e8a858b62df0b1,EXECUTED,False,2026-04-21T14:43:00+00:00,2026-04-21T14:52:00+00:00,SHORT,76413.0,76574.3,76117.42729749,76117.42729749,TARGET,False,9,0.0038680945,1.8324408091,US,REVERSAL_CANDIDATE,2026-04-21T14:42:00+00:00,2026-04-21
CAND_BTC_EXH_SHORT_24_V1,80b505c7bcc3302a,EXECUTED,False,2026-04-21T23:48:00+00:00,2026-04-21T23:53:00+00:00,SHORT,76281.2,76377.1,75865.32594546,76377.1,STOP,False,5,-0.0012571905,-1.0,LATE_US,REVERSAL_CANDIDATE,2026-04-21T23:47:00+00:00,2026-04-21
CAND_BTC_EXH_SHORT_24_V1,d696089d9f006664,EXECUTED,False,2026-04-22T02:19:00+00:00,2026-04-22T02:19:00+00:00,SHORT,77044.4,77127.0,76536.22824848,77127.0,STOP,False,0,-0.0010721091,-1.0,ASIA,EXPANSION,2026-04-22T02:18:00+00:00,2026-04-22
CAND_BTC_EXH_SHORT_24_V1,0448f24035706549,EXECUTED,False,2026-04-22T05:26:00+00:00,2026-04-22T05:50:00+00:00,SHORT,78183.2,78447.5,77287.4406165,78055.8,EXPIRY,False,24,0.0016295061,0.4820279985,ASIA,REVERSAL_CANDIDATE,2026-04-22T05:25:00+00:00,2026-04-22
CAND_BTC_EXH_SHORT_24_V1,1dba46e02b79111a,EXECUTED,False,2026-04-22T14:24:00+00:00,2026-04-22T14:48:00+00:00,SHORT,79062.1,79142.8,77826.71612631,78763.1,EXPIRY,False,24,0.0037818373,3.7050805452,US,REVERSAL_CANDIDATE,2026-04-22T14:23:00+00:00,2026-04-22
CAND_BTC_EXH_SHORT_24_V1,8e77415da15b32bb,EXECUTED,False,2026-04-23T15:19:00+00:00,2026-04-23T15:23:00+00:00,SHORT,78360.9,78446.9,77770.06069753,78446.9,STOP,False,4,-0.0010974861,-1.0,US,REVERSAL_CANDIDATE,2026-04-23T15:18:00+00:00,2026-04-23
CAND_BTC_EXH_SHORT_24_V1,cd6f2000d2a7f2cd,EXECUTED,False,2026-04-24T04:05:00+00:00,2026-04-24T04:27:00+00:00,SHORT,78529.0,78582.0,78261.55485627,78261.55485627,TARGET,False,22,0.0034056864,5.0461347874,ASIA,REVERSAL_CANDIDATE,2026-04-24T04:04:00+00:00,2026-04-24
CAND_BTC_EXH_SHORT_24_V1,f57f0f3b08a87413,EXECUTED,False,2026-04-24T13:09:00+00:00,2026-04-24T13:25:00+00:00,SHORT,78211.0,78296.0,77884.44633274,78296.0,STOP,False,16,-0.0010868036,-1.0,US,REVERSAL_CANDIDATE,2026-04-24T13:08:00+00:00,2026-04-24
CAND_BTC_EXH_SHORT_24_V1,b41042aa25f99c9e,EXECUTED,False,2026-04-24T15:13:00+00:00,2026-04-24T15:37:00+00:00,SHORT,78408.0,78479.0,77942.06492782,78170.0,EXPIRY,False,24,0.0030354046,3.3521126761,US,REVERSAL_CANDIDATE,2026-04-24T15:12:00+00:00,2026-04-24
CAND_BTC_EXH_SHORT_24_V1,daad522f8466f7f7,EXECUTED,False,2026-04-26T06:51:00+00:00,2026-04-26T06:53:00+00:00,SHORT,77743.0,77800.0,77547.06633863,77800.0,STOP,False,2,-0.000733185,-1.0,ASIA,REVERSAL_CANDIDATE,2026-04-26T06:50:00+00:00,2026-04-26
CAND_BTC_EXH_SHORT_24_V1,83d0de219a2a6102,EXECUTED,False,2026-04-26T23:58:00+00:00,2026-04-27T00:16:00+00:00,SHORT,78522.0,78778.0,77983.80181811,78778.0,STOP,False,18,-0.0032602328,-1.0,LATE_US,REVERSAL_CANDIDATE,2026-04-26T23:57:00+00:00,2026-04-26
CAND_BTC_EXH_SHORT_24_V1,b52ec798ac9f2d18,EXECUTED,False,2026-04-27T01:51:00+00:00,2026-04-27T02:15:00+00:00,SHORT,78765.0,78902.0,78412.69883924,78583.0,EXPIRY,False,24,0.002310671,1.3284671533,ASIA,REVERSAL_CANDIDATE,2026-04-27T01:50:00+00:00,2026-04-27
CAND_BTC_EXH_SHORT_24_V1,276bb2a593351fae,EXECUTED,False,2026-04-27T03:03:00+00:00,2026-04-27T03:27:00+00:00,SHORT,79430.0,79486.0,78693.072045,78955.0,EXPIRY,False,24,0.0059801083,8.4821428571,ASIA,REVERSAL_CANDIDATE,2026-04-27T03:02:00+00:00,2026-04-27
CAND_BTC_EXH_SHORT_24_V1,82edb454ed3a106f,EXECUTED,False,2026-04-29T03:52:00+00:00,2026-04-29T04:16:00+00:00,SHORT,76610.0,76668.0,76388.95862235,76548.0,EXPIRY,False,24,0.0008092938,1.0689655172,ASIA,REVERSAL_CANDIDATE,2026-04-29T03:51:00+00:00,2026-04-29
CAND_BTC_EXH_SHORT_24_V1,e796fb25140d6a29,EXECUTED,False,2026-04-29T05:22:00+00:00,2026-04-29T05:37:00+00:00,SHORT,76853.0,76900.0,76454.73326875,76900.0,STOP,False,15,-0.0006115571,-1.0,ASIA,REVERSAL_CANDIDATE,2026-04-29T05:21:00+00:00,2026-04-29
CAND_BTC_EXH_SHORT_24_V1,26d7c92830ba7656,EXECUTED,False,2026-04-29T11:53:00+00:00,2026-04-29T12:10:00+00:00,SHORT,77686.0,77800.0,76943.24595579,77800.0,STOP,False,17,-0.0014674459,-1.0,LONDON,REVERSAL_CANDIDATE,2026-04-29T11:52:00+00:00,2026-04-29
CAND_BTC_EXH_SHORT_24_V1,adff81262d511ddd,EXECUTED,False,2026-04-30T02:50:00+00:00,2026-04-30T03:02:00+00:00,SHORT,76269.0,76345.0,75909.76381192,76345.0,STOP,False,12,-0.000996473,-1.0,ASIA,REVERSAL_CANDIDATE,2026-04-30T02:49:00+00:00,2026-04-30
CAND_BTC_EXH_SHORT_24_V1,5e1c64599f5765a8,EXECUTED,False,2026-04-30T15:45:00+00:00,2026-04-30T15:45:00+00:00,SHORT,76582.0,76613.0,76039.23987593,76613.0,STOP,False,0,-0.0004047949,-1.0,US,EXPANSION,2026-04-30T15:44:00+00:00,2026-04-30
CAND_BTC_EXH_SHORT_24_V1,4d7e829baeee8cfd,EXECUTED,False,2026-05-01T10:22:00+00:00,2026-05-01T10:23:00+00:00,SHORT,77392.0,77418.0,76947.06621683,77418.0,STOP,False,1,-0.000335952,-1.0,LONDON,REVERSAL_CANDIDATE,2026-05-01T10:21:00+00:00,2026-05-01
CAND_BTC_EXH_SHORT_24_V1,760a15c7c4ec0a37,EXECUTED,False,2026-05-01T14:39:00+00:00,2026-05-01T15:03:00+00:00,SHORT,78090.0,78170.0,77132.60669878,78134.0,EXPIRY,False,24,-0.0005634524,-0.55,US,REVERSAL_CANDIDATE,2026-05-01T14:38:00+00:00,2026-05-01
CAND_BTC_EXH_SHORT_24_V1,2e21563956c415a0,EXECUTED,False,2026-05-03T22:38:00+00:00,2026-05-03T23:02:00+00:00,SHORT,79147.0,79268.0,78578.17206131,78898.0,EXPIRY,False,24,0.0031460447,2.0578512397,LATE_US,REVERSAL_CANDIDATE,2026-05-03T22:37:00+00:00,2026-05-03
CAND_BTC_EXH_SHORT_24_V1,510dfaa553efaf7b,EXECUTED,False,2026-05-04T04:02:00+00:00,2026-05-04T04:26:00+00:00,SHORT,79813.0,80100.0,79165.20988505,79646.0,EXPIRY,False,24,0.002092391,0.5818815331,ASIA,REVERSAL_CANDIDATE,2026-05-04T04:01:00+00:00,2026-05-04
CAND_BTC_EXH_SHORT_24_V1,17b1c0f2a64a2506,EXECUTED,False,2026-05-04T04:43:00+00:00,2026-05-04T04:56:00+00:00,SHORT,80192.0,80328.0,79344.77747303,80328.0,STOP,False,13,-0.0016959298,-1.0,ASIA,REVERSAL_CANDIDATE,2026-05-04T04:42:00+00:00,2026-05-04
CAND_BTC_EXH_SHORT_24_V1,669fb2c63076d14b,EXECUTED,False,2026-05-04T06:04:00+00:00,2026-05-04T06:04:00+00:00,SHORT,80399.0,80430.0,79546.72223815,80430.0,STOP,False,0,-0.0003855769,-1.0,ASIA,REVERSAL_CANDIDATE,2026-05-04T06:03:00+00:00,2026-05-04
CAND_BTC_EXH_SHORT_24_V1,e6f00bcc03a9d8ec,EXECUTED,False,2026-05-04T16:54:00+00:00,2026-05-04T16:54:00+00:00,SHORT,80347.0,80466.0,79406.8453985,80466.0,STOP,False,0,-0.0014810758,-1.0,US,REVERSAL_CANDIDATE,2026-05-04T16:53:00+00:00,2026-05-04
CAND_BTC_EXH_SHORT_24_V1,eb992f13b1afd5e3,EXECUTED,False,2026-05-05T04:47:00+00:00,2026-05-05T05:11:00+00:00,SHORT,80793.0,80900.0,80211.05308027,80574.0,EXPIRY,False,24,0.0027106309,2.046728972,ASIA,REVERSAL_CANDIDATE,2026-05-05T04:46:00+00:00,2026-05-05
CAND_BTC_EXH_SHORT_24_V1,83add8eb4a086f56,EXECUTED,False,2026-05-05T15:12:00+00:00,2026-05-05T15:21:00+00:00,SHORT,81641.0,81661.0,80760.39598134,81661.0,STOP,False,9,-0.000244975,-1.0,US,EXPANSION,2026-05-05T15:11:00+00:00,2026-05-05
CAND_BTC_EXH_SHORT_24_V1,6018b63e2344d9e8,EXECUTED,False,2026-05-05T17:14:00+00:00,2026-05-05T17:24:00+00:00,SHORT,81613.0,81665.0,80892.73353025,81665.0,STOP,False,10,-0.0006371534,-1.0,US,REVERSAL_CANDIDATE,2026-05-05T17:13:00+00:00,2026-05-05
CAND_BTC_EXH_SHORT_24_V1,1bf4825ced550838,EXECUTED,False,2026-05-06T05:27:00+00:00,2026-05-06T05:51:00+00:00,SHORT,81728.0,81761.0,81198.18326507,81495.0,EXPIRY,False,24,0.0028509201,7.0606060606,ASIA,EXPANSION,2026-05-06T05:26:00+00:00,2026-05-06
CAND_BTC_EXH_SHORT_24_V1,d0f0eb9a388ee1a6,EXECUTED,False,2026-05-06T10:57:00+00:00,2026-05-06T11:21:00+00:00,SHORT,81954.0,81986.0,81345.94452831,81809.0,EXPIRY,False,24,0.0017692852,4.53125,LONDON,EXPANSION,2026-05-06T10:56:00+00:00,2026-05-06
CAND_BTC_EXH_SHORT_24_V1,756626c33c46981c,EXECUTED,False,2026-05-07T06:37:00+00:00,2026-05-07T06:37:00+00:00,SHORT,81228.0,81296.9,80999.48338206,81296.9,STOP,False,0,-0.0008482297,-1.0,ASIA,REVERSAL_CANDIDATE,2026-05-07T06:36:00+00:00,2026-05-07
CAND_BTC_EXH_SHORT_24_V1,28741e40e9e98d3c,EXECUTED,False,2026-05-08T17:33:00+00:00,2026-05-08T17:34:00+00:00,SHORT,80156.3,80199.9,79814.31849782,80199.9,STOP,False,1,-0.0005439373,-1.0,US,REVERSAL_CANDIDATE,2026-05-08T17:32:00+00:00,2026-05-08
CAND_BTC_EXH_SHORT_24_V1,ed3e0f8d79b919fb,EXECUTED,False,2026-05-09T04:08:00+00:00,2026-05-09T04:32:00+00:00,SHORT,80588.1,80641.8,80358.85376981,80410.0,EXPIRY,False,24,0.0022100037,3.3165735568,ASIA,EXPANSION,2026-05-09T04:07:00+00:00,2026-05-09
CAND_BTC_EXH_SHORT_24_V1,97db333cdf1f91fc,EXECUTED,False,2026-05-10T15:53:00+00:00,2026-05-10T15:53:00+00:00,SHORT,81330.8,81370.0,80872.7555129,81370.0,STOP,False,0,-0.0004819822,-1.0,US,REVERSAL_CANDIDATE,2026-05-10T15:52:00+00:00,2026-05-10
CAND_BTC_EXH_SHORT_24_V1,bcbd25be3bdd25f0,EXECUTED,False,2026-05-10T22:34:00+00:00,2026-05-10T22:34:00+00:00,SHORT,81675.5,81786.7,81023.75540195,81786.7,STOP,False,0,-0.0013614854,-1.0,LATE_US,REVERSAL_CANDIDATE,2026-05-10T22:33:00+00:00,2026-05-10
CAND_BTC_EXH_SHORT_24_V1,b9ef0142c0c6104a,EXECUTED,False,2026-05-10T23:04:00+00:00,2026-05-10T23:11:00+00:00,SHORT,82326.4,82395.5,81118.866089,82395.5,STOP,False,7,-0.0008393419,-1.0,LATE_US,EXPANSION,2026-05-10T23:03:00+00:00,2026-05-10
CAND_BTC_EXH_SHORT_24_V1,878cabfb572548cd,EXECUTED,False,2026-05-11T17:47:00+00:00,2026-05-11T18:08:00+00:00,SHORT,81959.0,82033.8,81158.13060765,82033.8,STOP,False,21,-0.0009126514,-1.0,US,REVERSAL_CANDIDATE,2026-05-11T17:46:00+00:00,2026-05-11
CAND_BTC_EXH_SHORT_24_V1,c7a5bf645c7ae8bc,EXECUTED,False,2026-05-14T14:21:00+00:00,2026-05-14T14:38:00+00:00,SHORT,80190.6,80250.0,79604.94489684,80250.0,STOP,False,17,-0.0007407352,-1.0,US,REVERSAL_CANDIDATE,2026-05-14T14:20:00+00:00,2026-05-14
CAND_BTC_EXH_SHORT_24_V1,58454f1022bf8c9d,EXECUTED,False,2026-05-14T15:02:00+00:00,2026-05-14T15:26:00+00:00,SHORT,81067.0,81135.0,79821.79464293,80957.7,EXPIRY,False,24,0.0013482675,1.6073529412,US,EXPANSION,2026-05-14T15:01:00+00:00,2026-05-14
