date,rows,data_source,lineage_note,synthetic_pct,volume_sum,daily_return_pct,high_low_range_pct,realized_volatility,max_1h_move,max_4h_move,trend_day,chop_day,expansion_day,reversal_day,day_labels,session_volatility_distribution,large_move_windows
2026-03-10,526,primary,primary_clean_outside_contaminated_window,0.0,79305.443,-1.777659,3.201923,1.944181,1.476416,2.306906,True,False,False,False,trend_day,"{""asia"": 0.0, ""late_us"": 0.976856, ""london"": 0.0, ""us"": 1.680027}","[{""end_ts"": ""2026-03-10T19:34:00+00:00"", ""horizon"": ""4h"", ""move_pct"": -2.306906, ""start_ts"": ""2026-03-10T15:34:00+00:00""}, {""end_ts"": ""2026-03-10T19:33:00+00:00"", ""horizon"": ""4h"", ""move_pct"": -2.24879, ""start_ts"": ""2026-03-10T15:33:00+00:00""}, {""end_ts"": ""2026-03-10T19:36:00+00:00"", ""horizon"": ""4h"", ""move_pct"": -2.187843, ""start_ts"": ""2026-03-10T15:36:00+00:00""}, {""end_ts"": ""2026-03-10T19:32:00+00:00"", ""horizon"": ""4h"", ""move_pct"": -2.120351, ""start_ts"": ""2026-03-10T15:32:00+00:00""}, {""end_ts"": ""2026-03-10T19:38:00+00:00"", ""horizon"": ""4h"", ""move_pct"": -2.061704, ""start_ts"": ""2026-03-10T15:38:00+00:00""}]"
2026-03-11,615,primary,primary_clean_outside_contaminated_window,0.650407,97543.399,-0.354919,2.368113,2.374389,1.248739,1.348067,False,False,False,False,mixed_day,"{""asia"": 0.0, ""late_us"": 0.845348, ""london"": 0.0, ""us"": 2.218806}","[{""end_ts"": ""2026-03-11T17:52:00+00:00"", ""horizon"": ""4h"", ""move_pct"": 1.348067, ""start_ts"": ""2026-03-11T13:52:00+00:00""}, {""end_ts"": ""2026-03-11T17:53:00+00:00"", ""horizon"": ""4h"", ""move_pct"": 1.29217, ""start_ts"": ""2026-03-11T13:53:00+00:00""}, {""end_ts"": ""2026-03-11T17:26:00+00:00"", ""horizon"": ""1h"", ""move_pct"": 1.248739, ""start_ts"": ""2026-03-11T16:26:00+00:00""}, {""end_ts"": ""2026-03-11T15:46:00+00:00"", ""horizon"": ""1h"", ""move_pct"": -1.184944, ""start_ts"": ""2026-03-11T14:46:00+00:00""}, {""end_ts"": ""2026-03-11T15:49:00+00:00"", ""horizon"": ""1h"", ""move_pct"": -1.182656, ""start_ts"": ""2026-03-11T14:49:00+00:00""}]"
2026-03-12,1440,primary,primary_clean_outside_contaminated_window,0.0,186463.229,0.425802,2.290093,2.575084,1.478169,1.497457,False,False,True,False,expansion_day,"{""asia"": 0.970852, ""late_us"": 0.772718, ""london"": 1.153436, ""us"": 1.937183}","[{""end_ts"": ""2026-03-12T11:22:00+00:00"", ""horizon"": ""4h"", ""move_pct"": 1.497457, ""start_ts"": ""2026-03-12T07:22:00+00:00""}, {""end_ts"": ""2026-03-12T11:42:00+00:00"", ""horizon"": ""4h"", ""move_pct"": 1.496129, ""start_ts"": ""2026-03-12T07:42:00+00:00""}, {""end_ts"": ""2026-03-12T14:51:00+00:00"", ""horizon"": ""4h"", ""move_pct"": -1.486203, ""start_ts"": ""2026-03-12T10:51:00+00:00""}, {""end_ts"": ""2026-03-12T11:09:00+00:00"", ""horizon"": ""4h"", ""move_pct"": 1.485168, ""start_ts"": ""2026-03-12T07:09:00+00:00""}, {""end_ts"": ""2026-03-12T11:11:00+00:00"", ""horizon"": ""4h"", ""move_pct"": 1.482345, ""start_ts"": ""2026-03-12T07:11:00+00:00""}]"
2026-03-13,1440,primary,primary_clean_outside_contaminated_window,0.0,300055.628,0.62741,5.004668,3.002555,1.894876,3.877289,False,False,True,True,expansion_day|reversal_day,"{""asia"": 1.444149, ""late_us"": 0.829619, ""london"": 1.226042, ""us"": 2.175278}","[{""end_ts"": ""2026-03-13T18:24:00+00:00"", ""horizon"": ""4h"", ""move_pct"": -3.877289, ""start_ts"": ""2026-03-13T14:24:00+00:00""}, {""end_ts"": ""2026-03-13T18:25:00+00:00"", ""horizon"": ""4h"", ""move_pct"": -3.849996, ""start_ts"": ""2026-03-13T14:25:00+00:00""}, {""end_ts"": ""2026-03-13T18:26:00+00:00"", ""horizon"": ""4h"", ""move_pct"": -3.79951, ""start_ts"": ""2026-03-13T14:26:00+00:00""}, {""end_ts"": ""2026-03-13T18:27:00+00:00"", ""horizon"": ""4h"", ""move_pct"": -3.776751, ""start_ts"": ""2026-03-13T14:27:00+00:00""}, {""end_ts"": ""2026-03-13T18:23:00+00:00"", ""horizon"": ""4h"", ""move_pct"": -3.735984, ""start_ts"": ""2026-03-13T14:23:00+00:00""}]"
2026-03-14,1440,primary,primary_clean_outside_contaminated_window,0.0,79265.631,0.369416,1.433516,1.364072,0.768615,1.032564,False,False,False,False,mixed_day,"{""asia"": 0.931388, ""late_us"": 0.513581, ""london"": 0.6327, ""us"": 0.567526}","[{""end_ts"": ""2026-03-14T08:50:00+00:00"", ""horizon"": ""4h"", ""move_pct"": -1.032564, ""start_ts"": ""2026-03-14T04:50:00+00:00""}, {""end_ts"": ""2026-03-14T08:51:00+00:00"", ""horizon"": ""4h"", ""move_pct"": -1.01804, ""start_ts"": ""2026-03-14T04:51:00+00:00""}, {""end_ts"": ""2026-03-14T08:45:00+00:00"", ""horizon"": ""4h"", ""move_pct"": -1.006647, ""start_ts"": ""2026-03-14T04:45:00+00:00""}, {""end_ts"": ""2026-03-14T08:43:00+00:00"", ""horizon"": ""4h"", ""move_pct"": -1.002685, ""start_ts"": ""2026-03-14T04:43:00+00:00""}, {""end_ts"": ""2026-03-14T04:45:00+00:00"", ""horizon"": ""4h"", ""move_pct"": 0.997692, ""start_ts"": ""2026-03-14T00:45:00+00:00""}]"
2026-03-15,1438,primary,primary_clean_outside_contaminated_window,0.0,126378.088,2.228751,3.3498,1.9912,1.871588,2.339758,True,False,False,False,trend_day,"{""asia"": 0.94763, ""late_us"": 1.317424, ""london"": 0.666788, ""us"": 0.941445}","[{""end_ts"": ""2026-03-15T23:07:00+00:00"", ""horizon"": ""4h"", ""move_pct"": 2.339758, ""start_ts"": ""2026-03-15T19:07:00+00:00""}, {""end_ts"": ""2026-03-15T22:53:00+00:00"", ""horizon"": ""4h"", ""move_pct"": 2.294163, ""start_ts"": ""2026-03-15T18:53:00+00:00""}, {""end_ts"": ""2026-03-15T23:17:00+00:00"", ""horizon"": ""4h"", ""move_pct"": 2.293008, ""start_ts"": ""2026-03-15T19:17:00+00:00""}, {""end_ts"": ""2026-03-15T23:12:00+00:00"", ""horizon"": ""4h"", ""move_pct"": 2.279106, ""start_ts"": ""2026-03-15T19:12:00+00:00""}, {""end_ts"": ""2026-03-15T23:16:00+00:00"", ""horizon"": ""4h"", ""move_pct"": 2.260255, ""start_ts"": ""2026-03-15T19:16:00+00:00""}]"
2026-03-16,1440,primary,primary_clean_outside_contaminated_window,0.0,268994.832,2.788033,3.633471,2.973817,2.166795,2.415488,True,False,True,False,trend_day|expansion_day,"{""asia"": 1.650503, ""late_us"": 1.096419, ""london"": 1.211288, ""us"": 1.856377}","[{""end_ts"": ""2026-03-16T04:55:00+00:00"", ""horizon"": ""4h"", ""move_pct"": 2.415488, ""start_ts"": ""2026-03-16T00:55:00+00:00""}, {""end_ts"": ""2026-03-16T05:14:00+00:00"", ""horizon"": ""4h"", ""move_pct"": 2.412901, ""start_ts"": ""2026-03-16T01:14:00+00:00""}, {""end_ts"": ""2026-03-16T05:13:00+00:00"", ""horizon"": ""4h"", ""move_pct"": 2.292426, ""start_ts"": ""2026-03-16T01:13:00+00:00""}, {""end_ts"": ""2026-03-16T05:12:00+00:00"", ""horizon"": ""4h"", ""move_pct"": 2.182773, ""start_ts"": ""2026-03-16T01:12:00+00:00""}, {""end_ts"": ""2026-03-16T03:41:00+00:00"", ""horizon"": ""1h"", ""move_pct"": 2.166795, ""start_ts"": ""2026-03-16T02:41:00+00:00""}]"
2026-03-17,1440,primary,primary_clean_outside_contaminated_window,0.0,218388.978,-1.291578,3.565435,2.759056,1.843061,2.613424,False,False,True,False,expansion_day,"{""asia"": 1.802541, ""late_us"": 0.763907, ""london"": 1.109653, ""us"": 1.596117}","[{""end_ts"": ""2026-03-17T05:48:00+00:00"", ""horizon"": ""4h"", ""move_pct"": -2.613424, ""start_ts"": ""2026-03-17T01:48:00+00:00""}, {""end_ts"": ""2026-03-17T05:49:00+00:00"", ""horizon"": ""4h"", ""move_pct"": -2.44961, ""start_ts"": ""2026-03-17T01:49:00+00:00""}, {""end_ts"": ""2026-03-17T05:47:00+00:00"", ""horizon"": ""4h"", ""move_pct"": -2.375208, ""start_ts"": ""2026-03-17T01:47:00+00:00""}, {""end_ts"": ""2026-03-17T06:04:00+00:00"", ""horizon"": ""4h"", ""move_pct"": -2.316192, ""start_ts"": ""2026-03-17T02:04:00+00:00""}, {""end_ts"": ""2026-03-17T05:50:00+00:00"", ""horizon"": ""4h"", ""move_pct"": -2.311889, ""start_ts"": ""2026-03-17T01:50:00+00:00""}]"
2026-03-18,1440,primary,primary_clean_outside_contaminated_window,0.0,226776.106,-3.604193,5.654352,2.439385,1.744904,4.023056,True,False,True,False,trend_day|expansion_day,"{""asia"": 0.917131, ""late_us"": 0.880056, ""london"": 1.200459, ""us"": 1.70054}","[{""end_ts"": ""2026-03-18T15:02:00+00:00"", ""horizon"": ""4h"", ""move_pct"": -4.023056, ""start_ts"": ""2026-03-18T11:02:00+00:00""}, {""end_ts"": ""2026-03-18T15:14:00+00:00"", ""horizon"": ""4h"", ""move_pct"": -3.933103, ""start_ts"": ""2026-03-18T11:14:00+00:00""}, {""end_ts"": ""2026-03-18T15:15:00+00:00"", ""horizon"": ""4h"", ""move_pct"": -3.888232, ""start_ts"": ""2026-03-18T11:15:00+00:00""}, {""end_ts"": ""2026-03-18T15:16:00+00:00"", ""horizon"": ""4h"", ""move_pct"": -3.860933, ""start_ts"": ""2026-03-18T11:16:00+00:00""}, {""end_ts"": ""2026-03-18T15:01:00+00:00"", ""horizon"": ""4h"", ""move_pct"": -3.842525, ""start_ts"": ""2026-03-18T11:01:00+00:00""}]"
2026-03-19,1440,primary,primary_clean_outside_contaminated_window,0.0,218634.66,-1.869306,4.000258,2.773048,1.889799,2.863226,True,False,True,False,trend_day|expansion_day,"{""asia"": 1.119901, ""late_us"": 0.834839, ""london"": 1.335175, ""us"": 1.988307}","[{""end_ts"": ""2026-03-19T07:24:00+00:00"", ""horizon"": ""4h"", ""move_pct"": -2.863226, ""start_ts"": ""2026-03-19T03:24:00+00:00""}, {""end_ts"": ""2026-03-19T07:23:00+00:00"", ""horizon"": ""4h"", ""move_pct"": -2.69147, ""start_ts"": ""2026-03-19T03:23:00+00:00""}, {""end_ts"": ""2026-03-19T07:25:00+00:00"", ""horizon"": ""4h"", ""move_pct"": -2.573203, ""start_ts"": ""2026-03-19T03:25:00+00:00""}, {""end_ts"": ""2026-03-19T07:22:00+00:00"", ""horizon"": ""4h"", ""move_pct"": -2.529032, ""start_ts"": ""2026-03-19T03:22:00+00:00""}, {""end_ts"": ""2026-03-19T07:21:00+00:00"", ""horizon"": ""4h"", ""move_pct"": -2.479428, ""start_ts"": ""2026-03-19T03:21:00+00:00""}]"
2026-03-20,1440,primary,primary_clean_outside_contaminated_window,0.0,186120.742,0.858667,2.850585,2.570917,1.518552,1.695963,False,False,True,False,expansion_day,"{""asia"": 1.027134, ""late_us"": 0.930463, ""london"": 1.151198, ""us"": 1.833774}","[{""end_ts"": ""2026-03-20T15:10:00+00:00"", ""horizon"": ""4h"", ""move_pct"": -1.695963, ""start_ts"": ""2026-03-20T11:10:00+00:00""}, {""end_ts"": ""2026-03-20T15:09:00+00:00"", ""horizon"": ""4h"", ""move_pct"": -1.689052, ""start_ts"": ""2026-03-20T11:09:00+00:00""}, {""end_ts"": ""2026-03-20T15:11:00+00:00"", ""horizon"": ""4h"", ""move_pct"": -1.648662, ""start_ts"": ""2026-03-20T11:11:00+00:00""}, {""end_ts"": ""2026-03-20T21:37:00+00:00"", ""horizon"": ""4h"", ""move_pct"": 1.644607, ""start_ts"": ""2026-03-20T17:37:00+00:00""}, {""end_ts"": ""2026-03-20T21:38:00+00:00"", ""horizon"": ""4h"", ""move_pct"": 1.643571, ""start_ts"": ""2026-03-20T17:38:00+00:00""}]"
2026-03-21,1440,primary,primary_clean_outside_contaminated_window,0.0,73295.83,-2.525659,3.641694,1.401639,2.397783,2.537739,True,False,False,False,trend_day,"{""asia"": 0.609543, ""late_us"": 0.942157, ""london"": 0.454773, ""us"": 0.706093}","[{""end_ts"": ""2026-03-21T23:58:00+00:00"", ""horizon"": ""4h"", ""move_pct"": -2.537739, ""start_ts"": ""2026-03-21T19:58:00+00:00""}, {""end_ts"": ""2026-03-21T23:58:00+00:00"", ""horizon"": ""1h"", ""move_pct"": -2.397783, ""start_ts"": ""2026-03-21T22:58:00+00:00""}, {""end_ts"": ""2026-03-21T23:59:00+00:00"", ""horizon"": ""4h"", ""move_pct"": -2.377575, ""start_ts"": ""2026-03-21T19:59:00+00:00""}, {""end_ts"": ""2026-03-21T23:59:00+00:00"", ""horizon"": ""1h"", ""move_pct"": -2.252136, ""start_ts"": ""2026-03-21T22:59:00+00:00""}, {""end_ts"": ""2026-03-21T23:57:00+00:00"", ""horizon"": ""4h"", ""move_pct"": -2.158583, ""start_ts"": ""2026-03-21T19:57:00+00:00""}]"
2026-03-22,1440,primary,primary_clean_outside_contaminated_window,0.0,135592.375,-1.534086,3.274904,2.275669,1.478189,2.024956,True,False,False,False,trend_day,"{""asia"": 1.286963, ""late_us"": 1.310231, ""london"": 0.992064, ""us"": 0.905167}","[{""end_ts"": ""2026-03-22T21:20:00+00:00"", ""horizon"": ""4h"", ""move_pct"": -2.024956, ""start_ts"": ""2026-03-22T17:20:00+00:00""}, {""end_ts"": ""2026-03-22T21:21:00+00:00"", ""horizon"": ""4h"", ""move_pct"": -2.011281, ""start_ts"": ""2026-03-22T17:21:00+00:00""}, {""end_ts"": ""2026-03-22T21:22:00+00:00"", ""horizon"": ""4h"", ""move_pct"": -1.951186, ""start_ts"": ""2026-03-22T17:22:00+00:00""}, {""end_ts"": ""2026-03-22T21:23:00+00:00"", ""horizon"": ""4h"", ""move_pct"": -1.864049, ""start_ts"": ""2026-03-22T17:23:00+00:00""}, {""end_ts"": ""2026-03-22T21:24:00+00:00"", ""horizon"": ""4h"", ""move_pct"": -1.799924, ""start_ts"": ""2026-03-22T17:24:00+00:00""}]"
2026-03-23,1440,primary,primary_clean_outside_contaminated_window,0.0,291141.026,4.507553,6.471563,3.97855,3.889114,5.095177,True,False,True,False,trend_day|expansion_day,"{""asia"": 1.532291, ""late_us"": 0.653563, ""london"": 3.160984, ""us"": 1.746333}","[{""end_ts"": ""2026-03-23T11:10:00+00:00"", ""horizon"": ""4h"", ""move_pct"": 5.095177, ""start_ts"": ""2026-03-23T07:10:00+00:00""}, {""end_ts"": ""2026-03-23T11:13:00+00:00"", ""horizon"": ""4h"", ""move_pct"": 5.039562, ""start_ts"": ""2026-03-23T07:13:00+00:00""}, {""end_ts"": ""2026-03-23T13:52:00+00:00"", ""horizon"": ""4h"", ""move_pct"": 4.913974, ""start_ts"": ""2026-03-23T09:52:00+00:00""}, {""end_ts"": ""2026-03-23T14:02:00+00:00"", ""horizon"": ""4h"", ""move_pct"": 4.90564, ""start_ts"": ""2026-03-23T10:02:00+00:00""}, {""end_ts"": ""2026-03-23T13:53:00+00:00"", ""horizon"": ""4h"", ""move_pct"": 4.845777, ""start_ts"": ""2026-03-23T09:53:00+00:00""}]"
2026-03-24,1440,primary,primary_clean_outside_contaminated_window,0.0,196214.097,-0.495442,3.517907,2.579254,1.437629,2.621892,False,False,True,True,expansion_day|reversal_day,"{""asia"": 1.15375, ""late_us"": 1.178788, ""london"": 1.014358, ""us"": 1.703039}","[{""end_ts"": ""2026-03-24T17:06:00+00:00"", ""horizon"": ""4h"", ""move_pct"": -2.621892, ""start_ts"": ""2026-03-24T13:06:00+00:00""}, {""end_ts"": ""2026-03-24T17:07:00+00:00"", ""horizon"": ""4h"", ""move_pct"": -2.582414, ""start_ts"": ""2026-03-24T13:07:00+00:00""}, {""end_ts"": ""2026-03-24T17:34:00+00:00"", ""horizon"": ""4h"", ""move_pct"": -2.347622, ""start_ts"": ""2026-03-24T13:34:00+00:00""}, {""end_ts"": ""2026-03-24T17:05:00+00:00"", ""horizon"": ""4h"", ""move_pct"": -2.346115, ""start_ts"": ""2026-03-24T13:05:00+00:00""}, {""end_ts"": ""2026-03-24T14:51:00+00:00"", ""horizon"": ""4h"", ""move_pct"": -2.342415, ""start_ts"": ""2026-03-24T10:51:00+00:00""}]"
2026-03-25,1440,primary,primary_clean_outside_contaminated_window,0.0,166502.426,1.087291,2.304042,2.316075,1.277955,1.534459,False,False,False,False,mixed_day,"{""asia"": 0.977748, ""late_us"": 0.806166, ""london"": 1.143051, ""us"": 1.56239}","[{""end_ts"": ""2026-03-25T15:39:00+00:00"", ""horizon"": ""4h"", ""move_pct"": -1.534459, ""start_ts"": ""2026-03-25T11:39:00+00:00""}, {""end_ts"": ""2026-03-25T15:19:00+00:00"", ""horizon"": ""4h"", ""move_pct"": -1.49694, ""start_ts"": ""2026-03-25T11:19:00+00:00""}, {""end_ts"": ""2026-03-25T15:18:00+00:00"", ""horizon"": ""4h"", ""move_pct"": -1.483949, ""start_ts"": ""2026-03-25T11:18:00+00:00""}, {""end_ts"": ""2026-03-25T17:38:00+00:00"", ""horizon"": ""4h"", ""move_pct"": -1.438914, ""start_ts"": ""2026-03-25T13:38:00+00:00""}, {""end_ts"": ""2026-03-25T15:40:00+00:00"", ""horizon"": ""4h"", ""move_pct"": -1.437411, ""start_ts"": ""2026-03-25T11:40:00+00:00""}]"
2026-03-26,1440,primary,primary_clean_outside_contaminated_window,0.0,186473.349,-3.496191,4.617687,2.460041,1.318114,2.164823,True,False,True,False,trend_day|expansion_day,"{""asia"": 0.991431, ""late_us"": 1.514465, ""london"": 0.933774, ""us"": 1.372024}","[{""end_ts"": ""2026-03-26T18:28:00+00:00"", ""horizon"": ""4h"", ""move_pct"": -2.164823, ""start_ts"": ""2026-03-26T14:28:00+00:00""}, {""end_ts"": ""2026-03-26T18:35:00+00:00"", ""horizon"": ""4h"", ""move_pct"": -2.151895, ""start_ts"": ""2026-03-26T14:35:00+00:00""}, {""end_ts"": ""2026-03-26T18:29:00+00:00"", ""horizon"": ""4h"", ""move_pct"": -2.128485, ""start_ts"": ""2026-03-26T14:29:00+00:00""}, {""end_ts"": ""2026-03-26T18:33:00+00:00"", ""horizon"": ""4h"", ""move_pct"": -2.115584, ""start_ts"": ""2026-03-26T14:33:00+00:00""}, {""end_ts"": ""2026-03-26T18:34:00+00:00"", ""horizon"": ""4h"", ""move_pct"": -2.088892, ""start_ts"": ""2026-03-26T14:34:00+00:00""}]"
2026-03-27,1440,primary,primary_clean_outside_contaminated_window,0.0,212208.482,-3.572711,5.294084,2.504971,2.01725,3.378946,True,False,True,False,trend_day|expansion_day,"{""asia"": 0.910623, ""late_us"": 0.56455, ""london"": 1.436522, ""us"": 1.749062}","[{""end_ts"": ""2026-03-27T11:13:00+00:00"", ""horizon"": ""4h"", ""move_pct"": -3.378946, ""start_ts"": ""2026-03-27T07:13:00+00:00""}, {""end_ts"": ""2026-03-27T11:12:00+00:00"", ""horizon"": ""4h"", ""move_pct"": -3.34153, ""start_ts"": ""2026-03-27T07:12:00+00:00""}, {""end_ts"": ""2026-03-27T10:56:00+00:00"", ""horizon"": ""4h"", ""move_pct"": -3.318736, ""start_ts"": ""2026-03-27T06:56:00+00:00""}, {""end_ts"": ""2026-03-27T11:01:00+00:00"", ""horizon"": ""4h"", ""move_pct"": -3.315419, ""start_ts"": ""2026-03-27T07:01:00+00:00""}, {""end_ts"": ""2026-03-27T11:02:00+00:00"", ""horizon"": ""4h"", ""move_pct"": -3.291233, ""start_ts"": ""2026-03-27T07:02:00+00:00""}]"
2026-03-28,1440,primary,primary_clean_outside_contaminated_window,0.0,89437.828,-0.04415,2.103544,1.48293,1.157131,1.459774,False,True,False,False,chop_day,"{""asia"": 0.742896, ""late_us"": 0.627367, ""london"": 0.502694, ""us"": 0.999848}","[{""end_ts"": ""2026-03-28T15:24:00+00:00"", ""horizon"": ""4h"", ""move_pct"": 1.459774, ""start_ts"": ""2026-03-28T11:24:00+00:00""}, {""end_ts"": ""2026-03-28T15:25:00+00:00"", ""horizon"": ""4h"", ""move_pct"": 1.456304, ""start_ts"": ""2026-03-28T11:25:00+00:00""}, {""end_ts"": ""2026-03-28T15:22:00+00:00"", ""horizon"": ""4h"", ""move_pct"": 1.429801, ""start_ts"": ""2026-03-28T11:22:00+00:00""}, {""end_ts"": ""2026-03-28T15:23:00+00:00"", ""horizon"": ""4h"", ""move_pct"": 1.409633, ""start_ts"": ""2026-03-28T11:23:00+00:00""}, {""end_ts"": ""2026-03-28T15:21:00+00:00"", ""horizon"": ""4h"", ""move_pct"": 1.400807, ""start_ts"": ""2026-03-28T11:21:00+00:00""}]"
2026-03-29,1440,primary,primary_clean_outside_contaminated_window,0.0,110325.934,-0.526271,3.289078,1.998388,2.468682,2.1071,False,False,False,True,reversal_day,"{""asia"": 0.741278, ""late_us"": 1.520176, ""london"": 0.68346, ""us"": 0.815143}","[{""end_ts"": ""2026-03-29T22:50:00+00:00"", ""horizon"": ""1h"", ""move_pct"": -2.468682, ""start_ts"": ""2026-03-29T21:50:00+00:00""}, {""end_ts"": ""2026-03-29T22:51:00+00:00"", ""horizon"": ""1h"", ""move_pct"": -2.37948, ""start_ts"": ""2026-03-29T21:51:00+00:00""}, {""end_ts"": ""2026-03-29T22:49:00+00:00"", ""horizon"": ""1h"", ""move_pct"": -2.291405, ""start_ts"": ""2026-03-29T21:49:00+00:00""}, {""end_ts"": ""2026-03-29T22:52:00+00:00"", ""horizon"": ""1h"", ""move_pct"": -2.19492, ""start_ts"": ""2026-03-29T21:52:00+00:00""}, {""end_ts"": ""2026-03-29T22:50:00+00:00"", ""horizon"": ""4h"", ""move_pct"": -2.1071, ""start_ts"": ""2026-03-29T18:50:00+00:00""}]"
2026-03-30,1440,primary,primary_clean_outside_contaminated_window,0.0,187010.823,1.120528,3.628796,2.578775,1.135221,2.516589,False,False,True,True,expansion_day|reversal_day,"{""asia"": 1.835431, ""late_us"": 0.727594, ""london"": 0.874486, ""us"": 1.406543}","[{""end_ts"": ""2026-03-30T04:16:00+00:00"", ""horizon"": ""4h"", ""move_pct"": 2.516589, ""start_ts"": ""2026-03-30T00:16:00+00:00""}, {""end_ts"": ""2026-03-30T04:17:00+00:00"", ""horizon"": ""4h"", ""move_pct"": 2.485399, ""start_ts"": ""2026-03-30T00:17:00+00:00""}, {""end_ts"": ""2026-03-30T04:15:00+00:00"", ""horizon"": ""4h"", ""move_pct"": 2.389663, ""start_ts"": ""2026-03-30T00:15:00+00:00""}, {""end_ts"": ""2026-03-30T04:13:00+00:00"", ""horizon"": ""4h"", ""move_pct"": 2.363479, ""start_ts"": ""2026-03-30T00:13:00+00:00""}, {""end_ts"": ""2026-03-30T04:11:00+00:00"", ""horizon"": ""4h"", ""move_pct"": 2.351393, ""start_ts"": ""2026-03-30T00:11:00+00:00""}]"
2026-03-31,1440,primary,primary_clean_outside_contaminated_window,0.0,243364.396,2.232321,3.987143,2.893992,2.306387,2.456731,True,False,True,False,trend_day|expansion_day,"{""asia"": 1.378277, ""late_us"": 0.805136, ""london"": 1.256008, ""us"": 2.06101}","[{""end_ts"": ""2026-03-31T17:15:00+00:00"", ""horizon"": ""4h"", ""move_pct"": 2.456731, ""start_ts"": ""2026-03-31T13:15:00+00:00""}, {""end_ts"": ""2026-03-31T09:57:00+00:00"", ""horizon"": ""4h"", ""move_pct"": -2.416586, ""start_ts"": ""2026-03-31T05:57:00+00:00""}, {""end_ts"": ""2026-03-31T09:58:00+00:00"", ""horizon"": ""4h"", ""move_pct"": -2.355671, ""start_ts"": ""2026-03-31T05:58:00+00:00""}, {""end_ts"": ""2026-03-31T09:56:00+00:00"", ""horizon"": ""4h"", ""move_pct"": -2.347696, ""start_ts"": ""2026-03-31T05:56:00+00:00""}, {""end_ts"": ""2026-03-31T09:59:00+00:00"", ""horizon"": ""4h"", ""move_pct"": -2.324835, ""start_ts"": ""2026-03-31T05:59:00+00:00""}]"
2026-04-01,1440,primary,primary_clean_outside_contaminated_window,0.0,157274.915,-0.249409,2.568968,2.336733,1.586465,2.31551,False,False,False,False,mixed_day,"{""asia"": 1.197914, ""late_us"": 0.689332, ""london"": 1.22195, ""us"": 1.431701}","[{""end_ts"": ""2026-04-01T06:58:00+00:00"", ""horizon"": ""4h"", ""move_pct"": 2.31551, ""start_ts"": ""2026-04-01T02:58:00+00:00""}, {""end_ts"": ""2026-04-01T06:45:00+00:00"", ""horizon"": ""4h"", ""move_pct"": 2.312261, ""start_ts"": ""2026-04-01T02:45:00+00:00""}, {""end_ts"": ""2026-04-01T06:57:00+00:00"", ""horizon"": ""4h"", ""move_pct"": 2.299184, ""start_ts"": ""2026-04-01T02:57:00+00:00""}, {""end_ts"": ""2026-04-01T06:56:00+00:00"", ""horizon"": ""4h"", ""move_pct"": 2.250872, ""start_ts"": ""2026-04-01T02:56:00+00:00""}, {""end_ts"": ""2026-04-01T06:59:00+00:00"", ""horizon"": ""4h"", ""move_pct"": 2.236694, ""start_ts"": ""2026-04-01T02:59:00+00:00""}]"
2026-04-02,1440,primary,primary_clean_outside_contaminated_window,0.0,188280.071,-1.796244,4.351817,2.510838,2.04029,3.40932,False,False,True,True,expansion_day|reversal_day,"{""asia"": 1.753091, ""late_us"": 0.597331, ""london"": 0.846354, ""us"": 1.468355}","[{""end_ts"": ""2026-04-02T04:57:00+00:00"", ""horizon"": ""4h"", ""move_pct"": -3.40932, ""start_ts"": ""2026-04-02T00:57:00+00:00""}, {""end_ts"": ""2026-04-02T04:58:00+00:00"", ""horizon"": ""4h"", ""move_pct"": -3.369183, ""start_ts"": ""2026-04-02T00:58:00+00:00""}, {""end_ts"": ""2026-04-02T04:55:00+00:00"", ""horizon"": ""4h"", ""move_pct"": -3.364192, ""start_ts"": ""2026-04-02T00:55:00+00:00""}, {""end_ts"": ""2026-04-02T04:56:00+00:00"", ""horizon"": ""4h"", ""move_pct"": -3.346857, ""start_ts"": ""2026-04-02T00:56:00+00:00""}, {""end_ts"": ""2026-04-02T04:54:00+00:00"", ""horizon"": ""4h"", ""move_pct"": -3.343759, ""start_ts"": ""2026-04-02T00:54:00+00:00""}]"
2026-04-03,1440,primary,primary_clean_outside_contaminated_window,0.0,78959.096,0.079858,1.659974,1.451616,0.73142,0.996741,False,True,False,False,chop_day,"{""asia"": 0.963461, ""late_us"": 0.341022, ""london"": 0.766263, ""us"": 0.688152}","[{""end_ts"": ""2026-04-03T08:10:00+00:00"", ""horizon"": ""4h"", ""move_pct"": 0.996741, ""start_ts"": ""2026-04-03T04:10:00+00:00""}, {""end_ts"": ""2026-04-03T08:11:00+00:00"", ""horizon"": ""4h"", ""move_pct"": 0.983533, ""start_ts"": ""2026-04-03T04:11:00+00:00""}, {""end_ts"": ""2026-04-03T08:12:00+00:00"", ""horizon"": ""4h"", ""move_pct"": 0.918874, ""start_ts"": ""2026-04-03T04:12:00+00:00""}, {""end_ts"": ""2026-04-03T08:24:00+00:00"", ""horizon"": ""4h"", ""move_pct"": 0.917907, ""start_ts"": ""2026-04-03T04:24:00+00:00""}, {""end_ts"": ""2026-04-03T08:32:00+00:00"", ""horizon"": ""4h"", ""move_pct"": 0.897105, ""start_ts"": ""2026-04-03T04:32:00+00:00""}]"
2026-04-04,1440,primary,primary_clean_outside_contaminated_window,0.0,50787.406,0.509637,1.208726,0.851097,0.425938,0.683886,False,False,False,False,mixed_day,"{""asia"": 0.362591, ""late_us"": 0.336615, ""london"": 0.38185, ""us"": 0.577366}","[{""end_ts"": ""2026-04-04T16:45:00+00:00"", ""horizon"": ""4h"", ""move_pct"": 0.683886, ""start_ts"": ""2026-04-04T12:45:00+00:00""}, {""end_ts"": ""2026-04-04T16:47:00+00:00"", ""horizon"": ""4h"", ""move_pct"": 0.649713, ""start_ts"": ""2026-04-04T12:47:00+00:00""}, {""end_ts"": ""2026-04-04T16:44:00+00:00"", ""horizon"": ""4h"", ""move_pct"": 0.646753, ""start_ts"": ""2026-04-04T12:44:00+00:00""}, {""end_ts"": ""2026-04-04T16:41:00+00:00"", ""horizon"": ""4h"", ""move_pct"": 0.632998, ""start_ts"": ""2026-04-04T12:41:00+00:00""}, {""end_ts"": ""2026-04-04T16:43:00+00:00"", ""horizon"": ""4h"", ""move_pct"": 0.617255, ""start_ts"": ""2026-04-04T12:43:00+00:00""}]"
2026-04-05,1440,primary,primary_clean_outside_contaminated_window,0.0,104838.148,2.558309,3.764624,1.548839,2.345329,2.565174,True,False,False,True,trend_day|reversal_day,"{""asia"": 0.49546, ""late_us"": 1.050004, ""london"": 0.458518, ""us"": 0.912968}","[{""end_ts"": ""2026-04-05T23:47:00+00:00"", ""horizon"": ""4h"", ""move_pct"": 2.565174, ""start_ts"": ""2026-04-05T19:47:00+00:00""}, {""end_ts"": ""2026-04-05T23:49:00+00:00"", ""horizon"": ""4h"", ""move_pct"": 2.559834, ""start_ts"": ""2026-04-05T19:49:00+00:00""}, {""end_ts"": ""2026-04-05T23:51:00+00:00"", ""horizon"": ""4h"", ""move_pct"": 2.532517, ""start_ts"": ""2026-04-05T19:51:00+00:00""}, {""end_ts"": ""2026-04-05T23:52:00+00:00"", ""horizon"": ""4h"", ""move_pct"": 2.523109, ""start_ts"": ""2026-04-05T19:52:00+00:00""}, {""end_ts"": ""2026-04-05T23:59:00+00:00"", ""horizon"": ""4h"", ""move_pct"": 2.515639, ""start_ts"": ""2026-04-05T19:59:00+00:00""}]"
2026-04-06,1440,primary,primary_clean_outside_contaminated_window,0.0,166796.425,-0.25508,3.050817,2.201449,1.557263,1.930781,False,False,False,True,reversal_day,"{""asia"": 1.238435, ""late_us"": 0.835448, ""london"": 0.906758, ""us"": 1.338671}","[{""end_ts"": ""2026-04-06T23:22:00+00:00"", ""horizon"": ""4h"", ""move_pct"": -1.930781, ""start_ts"": ""2026-04-06T19:22:00+00:00""}, {""end_ts"": ""2026-04-06T23:21:00+00:00"", ""horizon"": ""4h"", ""move_pct"": -1.88184, ""start_ts"": ""2026-04-06T19:21:00+00:00""}, {""end_ts"": ""2026-04-06T23:30:00+00:00"", ""horizon"": ""4h"", ""move_pct"": -1.872351, ""start_ts"": ""2026-04-06T19:30:00+00:00""}, {""end_ts"": ""2026-04-06T23:31:00+00:00"", ""horizon"": ""4h"", ""move_pct"": -1.8723, ""start_ts"": ""2026-04-06T19:31:00+00:00""}, {""end_ts"": ""2026-04-06T23:28:00+00:00"", ""horizon"": ""4h"", ""move_pct"": -1.864841, ""start_ts"": ""2026-04-06T19:28:00+00:00""}]"
2026-04-07,1440,primary,primary_clean_outside_contaminated_window,0.0,232715.724,4.555349,7.312622,2.807106,3.357909,6.120538,True,False,True,True,trend_day|expansion_day|reversal_day,"{""asia"": 0.948464, ""late_us"": 1.910539, ""london"": 1.03582, ""us"": 1.49985}","[{""end_ts"": ""2026-04-07T23:30:00+00:00"", ""horizon"": ""4h"", ""move_pct"": 6.120538, ""start_ts"": ""2026-04-07T19:30:00+00:00""}, {""end_ts"": ""2026-04-07T23:32:00+00:00"", ""horizon"": ""4h"", ""move_pct"": 5.772736, ""start_ts"": ""2026-04-07T19:32:00+00:00""}, {""end_ts"": ""2026-04-07T23:31:00+00:00"", ""horizon"": ""4h"", ""move_pct"": 5.739549, ""start_ts"": ""2026-04-07T19:31:00+00:00""}, {""end_ts"": ""2026-04-07T23:33:00+00:00"", ""horizon"": ""4h"", ""move_pct"": 5.727545, ""start_ts"": ""2026-04-07T19:33:00+00:00""}, {""end_ts"": ""2026-04-07T23:35:00+00:00"", ""horizon"": ""4h"", ""move_pct"": 5.676767, ""start_ts"": ""2026-04-07T19:35:00+00:00""}]"
2026-04-08,1440,primary,primary_clean_outside_contaminated_window,0.0,183482.289,-1.117953,3.041996,2.209643,1.734456,1.536494,False,False,False,False,mixed_day,"{""asia"": 1.085178, ""late_us"": 0.68565, ""london"": 0.780573, ""us"": 1.619049}","[{""end_ts"": ""2026-04-08T14:10:00+00:00"", ""horizon"": ""1h"", ""move_pct"": -1.734456, ""start_ts"": ""2026-04-08T13:10:00+00:00""}, {""end_ts"": ""2026-04-08T14:09:00+00:00"", ""horizon"": ""1h"", ""move_pct"": -1.692426, ""start_ts"": ""2026-04-08T13:09:00+00:00""}, {""end_ts"": ""2026-04-08T14:20:00+00:00"", ""horizon"": ""1h"", ""move_pct"": -1.627255, ""start_ts"": ""2026-04-08T13:20:00+00:00""}, {""end_ts"": ""2026-04-08T14:18:00+00:00"", ""horizon"": ""1h"", ""move_pct"": -1.586199, ""start_ts"": ""2026-04-08T13:18:00+00:00""}, {""end_ts"": ""2026-04-08T14:19:00+00:00"", ""horizon"": ""1h"", ""move_pct"": -1.582067, ""start_ts"": ""2026-04-08T13:19:00+00:00""}]"
2026-04-09,1440,primary,primary_clean_outside_contaminated_window,0.0,175685.874,0.992284,3.800777,2.444211,2.214035,2.342707,False,False,True,False,expansion_day,"{""asia"": 0.907235, ""late_us"": 1.206423, ""london"": 0.732161, ""us"": 1.777278}","[{""end_ts"": ""2026-04-09T17:48:00+00:00"", ""horizon"": ""4h"", ""move_pct"": 2.342707, ""start_ts"": ""2026-04-09T13:48:00+00:00""}, {""end_ts"": ""2026-04-09T17:57:00+00:00"", ""horizon"": ""4h"", ""move_pct"": 2.297932, ""start_ts"": ""2026-04-09T13:57:00+00:00""}, {""end_ts"": ""2026-04-09T17:41:00+00:00"", ""horizon"": ""4h"", ""move_pct"": 2.283501, ""start_ts"": ""2026-04-09T13:41:00+00:00""}, {""end_ts"": ""2026-04-09T17:46:00+00:00"", ""horizon"": ""4h"", ""move_pct"": 2.282091, ""start_ts"": ""2026-04-09T13:46:00+00:00""}, {""end_ts"": ""2026-04-09T17:39:00+00:00"", ""horizon"": ""4h"", ""move_pct"": 2.281366, ""start_ts"": ""2026-04-09T13:39:00+00:00""}]"
2026-04-10,1440,primary,primary_clean_outside_contaminated_window,0.0,156682.213,1.605008,2.882075,2.027989,1.572695,1.906859,True,False,False,False,trend_day,"{""asia"": 0.932715, ""late_us"": 0.711314, ""london"": 0.836741, ""us"": 1.427111}","[{""end_ts"": ""2026-04-10T14:36:00+00:00"", ""horizon"": ""4h"", ""move_pct"": 1.906859, ""start_ts"": ""2026-04-10T10:36:00+00:00""}, {""end_ts"": ""2026-04-10T14:39:00+00:00"", ""horizon"": ""4h"", ""move_pct"": 1.897262, ""start_ts"": ""2026-04-10T10:39:00+00:00""}, {""end_ts"": ""2026-04-10T14:37:00+00:00"", ""horizon"": ""4h"", ""move_pct"": 1.851674, ""start_ts"": ""2026-04-10T10:37:00+00:00""}, {""end_ts"": ""2026-04-10T14:25:00+00:00"", ""horizon"": ""4h"", ""move_pct"": 1.847841, ""start_ts"": ""2026-04-10T10:25:00+00:00""}, {""end_ts"": ""2026-04-10T14:31:00+00:00"", ""horizon"": ""4h"", ""move_pct"": 1.83627, ""start_ts"": ""2026-04-10T10:31:00+00:00""}]"
2026-04-11,1440,primary,primary_clean_outside_contaminated_window,0.0,79978.066,0.127953,1.812325,1.393285,0.851472,1.407582,False,True,False,False,chop_day,"{""asia"": 0.608716, ""late_us"": 0.672615, ""london"": 0.420398, ""us"": 0.970154}","[{""end_ts"": ""2026-04-11T19:10:00+00:00"", ""horizon"": ""4h"", ""move_pct"": 1.407582, ""start_ts"": ""2026-04-11T15:10:00+00:00""}, {""end_ts"": ""2026-04-11T18:37:00+00:00"", ""horizon"": ""4h"", ""move_pct"": 1.398251, ""start_ts"": ""2026-04-11T14:37:00+00:00""}, {""end_ts"": ""2026-04-11T18:39:00+00:00"", ""horizon"": ""4h"", ""move_pct"": 1.378835, ""start_ts"": ""2026-04-11T14:39:00+00:00""}, {""end_ts"": ""2026-04-11T19:33:00+00:00"", ""horizon"": ""4h"", ""move_pct"": 1.345567, ""start_ts"": ""2026-04-11T15:33:00+00:00""}, {""end_ts"": ""2026-04-11T19:09:00+00:00"", ""horizon"": ""4h"", ""move_pct"": 1.336442, ""start_ts"": ""2026-04-11T15:09:00+00:00""}]"
2026-04-12,1440,primary,primary_clean_outside_contaminated_window,0.0,134781.99,-3.115319,3.61057,2.027619,2.21112,2.330137,True,False,False,False,trend_day,"{""asia"": 1.312699, ""late_us"": 1.112914, ""london"": 0.674606, ""us"": 0.829722}","[{""end_ts"": ""2026-04-12T05:02:00+00:00"", ""horizon"": ""4h"", ""move_pct"": -2.330137, ""start_ts"": ""2026-04-12T01:02:00+00:00""}, {""end_ts"": ""2026-04-12T05:01:00+00:00"", ""horizon"": ""4h"", ""move_pct"": -2.259578, ""start_ts"": ""2026-04-12T01:01:00+00:00""}, {""end_ts"": ""2026-04-12T01:50:00+00:00"", ""horizon"": ""1h"", ""move_pct"": -2.21112, ""start_ts"": ""2026-04-12T00:50:00+00:00""}, {""end_ts"": ""2026-04-12T02:05:00+00:00"", ""horizon"": ""1h"", ""move_pct"": -2.209178, ""start_ts"": ""2026-04-12T01:05:00+00:00""}, {""end_ts"": ""2026-04-12T05:00:00+00:00"", ""horizon"": ""4h"", ""move_pct"": -2.204448, ""start_ts"": ""2026-04-12T01:00:00+00:00""}]"
2026-04-13,1440,primary,primary_clean_outside_contaminated_window,0.0,212841.678,5.265242,6.155628,2.477296,2.014412,3.381531,True,False,True,False,trend_day|expansion_day,"{""asia"": 0.858331, ""late_us"": 1.458584, ""london"": 0.724585, ""us"": 1.656389}","[{""end_ts"": ""2026-04-13T23:10:00+00:00"", ""horizon"": ""4h"", ""move_pct"": 3.381531, ""start_ts"": ""2026-04-13T19:10:00+00:00""}, {""end_ts"": ""2026-04-13T23:11:00+00:00"", ""horizon"": ""4h"", ""move_pct"": 3.37218, ""start_ts"": ""2026-04-13T19:11:00+00:00""}, {""end_ts"": ""2026-04-13T23:14:00+00:00"", ""horizon"": ""4h"", ""move_pct"": 3.36164, ""start_ts"": ""2026-04-13T19:14:00+00:00""}, {""end_ts"": ""2026-04-13T23:12:00+00:00"", ""horizon"": ""4h"", ""move_pct"": 3.268563, ""start_ts"": ""2026-04-13T19:12:00+00:00""}, {""end_ts"": ""2026-04-13T23:13:00+00:00"", ""horizon"": ""4h"", ""move_pct"": 3.268176, ""start_ts"": ""2026-04-13T19:13:00+00:00""}]"
2026-04-14,1440,primary,primary_clean_outside_contaminated_window,0.0,183480.276,-0.346038,3.014321,2.284162,1.871224,1.935351,False,False,False,False,mixed_day,"{""asia"": 0.758938, ""late_us"": 0.870437, ""london"": 0.898513, ""us"": 1.753799}","[{""end_ts"": ""2026-04-14T18:32:00+00:00"", ""horizon"": ""4h"", ""move_pct"": -1.935351, ""start_ts"": ""2026-04-14T14:32:00+00:00""}, {""end_ts"": ""2026-04-14T18:33:00+00:00"", ""horizon"": ""4h"", ""move_pct"": -1.88147, ""start_ts"": ""2026-04-14T14:33:00+00:00""}, {""end_ts"": ""2026-04-14T14:31:00+00:00"", ""horizon"": ""1h"", ""move_pct"": 1.871224, ""start_ts"": ""2026-04-14T13:31:00+00:00""}, {""end_ts"": ""2026-04-14T14:32:00+00:00"", ""horizon"": ""4h"", ""move_pct"": 1.861249, ""start_ts"": ""2026-04-14T10:32:00+00:00""}, {""end_ts"": ""2026-04-14T18:31:00+00:00"", ""horizon"": ""4h"", ""move_pct"": -1.843439, ""start_ts"": ""2026-04-14T14:31:00+00:00""}]"
2026-04-15,1440,primary,primary_clean_outside_contaminated_window,0.0,131020.231,0.888176,2.667228,2.164171,1.393279,2.156923,False,False,False,False,mixed_day,"{""asia"": 0.892452, ""late_us"": 0.959769, ""london"": 0.885671, ""us"": 1.476376}","[{""end_ts"": ""2026-04-15T19:38:00+00:00"", ""horizon"": ""4h"", ""move_pct"": 2.156923, ""start_ts"": ""2026-04-15T15:38:00+00:00""}, {""end_ts"": ""2026-04-15T19:37:00+00:00"", ""horizon"": ""4h"", ""move_pct"": 2.126189, ""start_ts"": ""2026-04-15T15:37:00+00:00""}, {""end_ts"": ""2026-04-15T19:39:00+00:00"", ""horizon"": ""4h"", ""move_pct"": 1.897681, ""start_ts"": ""2026-04-15T15:39:00+00:00""}, {""end_ts"": ""2026-04-15T19:40:00+00:00"", ""horizon"": ""4h"", ""move_pct"": 1.896585, ""start_ts"": ""2026-04-15T15:40:00+00:00""}, {""end_ts"": ""2026-04-15T19:36:00+00:00"", ""horizon"": ""4h"", ""move_pct"": 1.764584, ""start_ts"": ""2026-04-15T15:36:00+00:00""}]"
2026-04-16,1440,primary,primary_clean_outside_contaminated_window,0.0,158383.274,0.459638,2.999885,2.334496,1.831934,1.702862,False,False,False,False,mixed_day,"{""asia"": 0.991279, ""late_us"": 0.781957, ""london"": 0.69907, ""us"": 1.834215}","[{""end_ts"": ""2026-04-16T14:28:00+00:00"", ""horizon"": ""1h"", ""move_pct"": -1.831934, ""start_ts"": ""2026-04-16T13:28:00+00:00""}, {""end_ts"": ""2026-04-16T14:23:00+00:00"", ""horizon"": ""1h"", ""move_pct"": -1.818415, ""start_ts"": ""2026-04-16T13:23:00+00:00""}, {""end_ts"": ""2026-04-16T14:25:00+00:00"", ""horizon"": ""1h"", ""move_pct"": -1.806571, ""start_ts"": ""2026-04-16T13:25:00+00:00""}, {""end_ts"": ""2026-04-16T14:27:00+00:00"", ""horizon"": ""1h"", ""move_pct"": -1.795388, ""start_ts"": ""2026-04-16T13:27:00+00:00""}, {""end_ts"": ""2026-04-16T14:24:00+00:00"", ""horizon"": ""1h"", ""move_pct"": -1.794456, ""start_ts"": ""2026-04-16T13:24:00+00:00""}]"
2026-04-17,1440,primary,primary_clean_outside_contaminated_window,0.0,239339.091,2.611614,5.086091,2.643173,1.938383,3.714118,True,False,True,False,trend_day|expansion_day,"{""asia"": 0.786519, ""late_us"": 0.665754, ""london"": 1.440764, ""us"": 1.958851}","[{""end_ts"": ""2026-04-17T14:45:00+00:00"", ""horizon"": ""4h"", ""move_pct"": 3.714118, ""start_ts"": ""2026-04-17T10:45:00+00:00""}, {""end_ts"": ""2026-04-17T14:46:00+00:00"", ""horizon"": ""4h"", ""move_pct"": 3.686503, ""start_ts"": ""2026-04-17T10:46:00+00:00""}, {""end_ts"": ""2026-04-17T14:53:00+00:00"", ""horizon"": ""4h"", ""move_pct"": 3.673682, ""start_ts"": ""2026-04-17T10:53:00+00:00""}, {""end_ts"": ""2026-04-17T14:43:00+00:00"", ""horizon"": ""4h"", ""move_pct"": 3.667996, ""start_ts"": ""2026-04-17T10:43:00+00:00""}, {""end_ts"": ""2026-04-17T14:52:00+00:00"", ""horizon"": ""4h"", ""move_pct"": 3.595533, ""start_ts"": ""2026-04-17T10:52:00+00:00""}]"
2026-04-18,1440,primary,primary_clean_outside_contaminated_window,0.0,105994.874,-1.782279,2.57573,1.512561,0.662405,1.604877,True,False,False,False,trend_day,"{""asia"": 0.687984, ""late_us"": 0.44226, ""london"": 0.871671, ""us"": 0.926203}","[{""end_ts"": ""2026-04-18T11:41:00+00:00"", ""horizon"": ""4h"", ""move_pct"": -1.604877, ""start_ts"": ""2026-04-18T07:41:00+00:00""}, {""end_ts"": ""2026-04-18T11:44:00+00:00"", ""horizon"": ""4h"", ""move_pct"": -1.574983, ""start_ts"": ""2026-04-18T07:44:00+00:00""}, {""end_ts"": ""2026-04-18T11:46:00+00:00"", ""horizon"": ""4h"", ""move_pct"": -1.572504, ""start_ts"": ""2026-04-18T07:46:00+00:00""}, {""end_ts"": ""2026-04-18T11:40:00+00:00"", ""horizon"": ""4h"", ""move_pct"": -1.568698, ""start_ts"": ""2026-04-18T07:40:00+00:00""}, {""end_ts"": ""2026-04-18T11:45:00+00:00"", ""horizon"": ""4h"", ""move_pct"": -1.548518, ""start_ts"": ""2026-04-18T07:45:00+00:00""}]"
2026-04-19,1440,primary,primary_clean_outside_contaminated_window,0.0,128871.263,-2.464384,3.304262,2.034321,1.284602,1.944809,True,False,False,False,trend_day,"{""asia"": 0.759634, ""late_us"": 1.102406, ""london"": 0.819511, ""us"": 1.293609}","[{""end_ts"": ""2026-04-19T18:48:00+00:00"", ""horizon"": ""4h"", ""move_pct"": -1.944809, ""start_ts"": ""2026-04-19T14:48:00+00:00""}, {""end_ts"": ""2026-04-19T18:49:00+00:00"", ""horizon"": ""4h"", ""move_pct"": -1.925888, ""start_ts"": ""2026-04-19T14:49:00+00:00""}, {""end_ts"": ""2026-04-19T18:47:00+00:00"", ""horizon"": ""4h"", ""move_pct"": -1.803517, ""start_ts"": ""2026-04-19T14:47:00+00:00""}, {""end_ts"": ""2026-04-19T18:50:00+00:00"", ""horizon"": ""4h"", ""move_pct"": -1.80229, ""start_ts"": ""2026-04-19T14:50:00+00:00""}, {""end_ts"": ""2026-04-19T18:51:00+00:00"", ""horizon"": ""4h"", ""move_pct"": -1.78245, ""start_ts"": ""2026-04-19T14:51:00+00:00""}]"
2026-04-20,1440,primary,primary_clean_outside_contaminated_window,0.069444,166140.553,2.790165,3.880578,2.352192,1.52329,2.253541,True,False,True,False,trend_day|expansion_day,"{""asia"": 0.974822, ""late_us"": 0.731819, ""london"": 1.233595, ""us"": 1.588006}","[{""end_ts"": ""2026-04-20T19:08:00+00:00"", ""horizon"": ""4h"", ""move_pct"": 2.253541, ""start_ts"": ""2026-04-20T15:08:00+00:00""}, {""end_ts"": ""2026-04-20T19:10:00+00:00"", ""horizon"": ""4h"", ""move_pct"": 2.191247, ""start_ts"": ""2026-04-20T15:10:00+00:00""}, {""end_ts"": ""2026-04-20T19:09:00+00:00"", ""horizon"": ""4h"", ""move_pct"": 2.18473, ""start_ts"": ""2026-04-20T15:09:00+00:00""}, {""end_ts"": ""2026-04-20T19:05:00+00:00"", ""horizon"": ""4h"", ""move_pct"": 2.169354, ""start_ts"": ""2026-04-20T15:05:00+00:00""}, {""end_ts"": ""2026-04-20T19:07:00+00:00"", ""horizon"": ""4h"", ""move_pct"": 2.138614, ""start_ts"": ""2026-04-20T15:07:00+00:00""}]"
2026-04-21,1440,primary,primary_clean_outside_contaminated_window,0.0,164734.144,0.676858,2.930544,2.252756,1.158591,1.933063,False,False,False,False,mixed_day,"{""asia"": 0.846765, ""late_us"": 0.966725, ""london"": 1.045346, ""us"": 1.525735}","[{""end_ts"": ""2026-04-21T23:47:00+00:00"", ""horizon"": ""4h"", ""move_pct"": 1.933063, ""start_ts"": ""2026-04-21T19:47:00+00:00""}, {""end_ts"": ""2026-04-21T23:52:00+00:00"", ""horizon"": ""4h"", ""move_pct"": 1.877976, ""start_ts"": ""2026-04-21T19:52:00+00:00""}, {""end_ts"": ""2026-04-21T23:49:00+00:00"", ""horizon"": ""4h"", ""move_pct"": 1.8743, ""start_ts"": ""2026-04-21T19:49:00+00:00""}, {""end_ts"": ""2026-04-21T23:53:00+00:00"", ""horizon"": ""4h"", ""move_pct"": 1.857663, ""start_ts"": ""2026-04-21T19:53:00+00:00""}, {""end_ts"": ""2026-04-21T23:55:00+00:00"", ""horizon"": ""4h"", ""move_pct"": 1.85134, ""start_ts"": ""2026-04-21T19:55:00+00:00""}]"
2026-04-22,1440,primary,primary_clean_outside_contaminated_window,0.0,191119.358,2.457916,4.411429,2.175679,1.894216,2.880144,True,False,True,False,trend_day|expansion_day,"{""asia"": 1.380849, ""late_us"": 0.625444, ""london"": 0.766217, ""us"": 1.356172}","[{""end_ts"": ""2026-04-22T05:26:00+00:00"", ""horizon"": ""4h"", ""move_pct"": 2.880144, ""start_ts"": ""2026-04-22T01:26:00+00:00""}, {""end_ts"": ""2026-04-22T05:29:00+00:00"", ""horizon"": ""4h"", ""move_pct"": 2.777603, ""start_ts"": ""2026-04-22T01:29:00+00:00""}, {""end_ts"": ""2026-04-22T05:30:00+00:00"", ""horizon"": ""4h"", ""move_pct"": 2.762758, ""start_ts"": ""2026-04-22T01:30:00+00:00""}, {""end_ts"": ""2026-04-22T05:27:00+00:00"", ""horizon"": ""4h"", ""move_pct"": 2.732569, ""start_ts"": ""2026-04-22T01:27:00+00:00""}, {""end_ts"": ""2026-04-22T05:34:00+00:00"", ""horizon"": ""4h"", ""move_pct"": 2.719628, ""start_ts"": ""2026-04-22T01:34:00+00:00""}]"
2026-04-23,1440,primary_plus_recovered_gap,primary outside outage; feed_recovered inside outage; funding/liquidation degraded,0.0,129725.67652,-0.223702,2.760949,2.311816,1.71888,1.914138,False,False,False,False,mixed_day,"{""asia"": 1.270749, ""late_us"": 0.793954, ""london"": 0.884068, ""us"": 1.520711}","[{""end_ts"": ""2026-04-23T19:41:00+00:00"", ""horizon"": ""4h"", ""move_pct"": -1.914138, ""start_ts"": ""2026-04-23T15:41:00+00:00""}, {""end_ts"": ""2026-04-23T19:42:00+00:00"", ""horizon"": ""4h"", ""move_pct"": -1.792142, ""start_ts"": ""2026-04-23T15:42:00+00:00""}, {""end_ts"": ""2026-04-23T19:43:00+00:00"", ""horizon"": ""4h"", ""move_pct"": -1.733972, ""start_ts"": ""2026-04-23T15:43:00+00:00""}, {""end_ts"": ""2026-04-23T19:41:00+00:00"", ""horizon"": ""1h"", ""move_pct"": -1.71888, ""start_ts"": ""2026-04-23T18:41:00+00:00""}, {""end_ts"": ""2026-04-23T19:47:00+00:00"", ""horizon"": ""1h"", ""move_pct"": -1.697706, ""start_ts"": ""2026-04-23T18:47:00+00:00""}]"
2026-04-24,1440,primary_plus_recovered_gap,primary outside outage; feed_recovered inside outage; funding/liquidation degraded,0.0,12660.82916,-0.362165,1.564246,1.756952,0.980692,1.25,False,True,False,False,chop_day,"{""asia"": 0.899675, ""late_us"": 0.533304, ""london"": 0.76093, ""us"": 1.188192}","[{""end_ts"": ""2026-04-24T15:12:00+00:00"", ""horizon"": ""4h"", ""move_pct"": 1.25, ""start_ts"": ""2026-04-24T11:12:00+00:00""}, {""end_ts"": ""2026-04-24T15:11:00+00:00"", ""horizon"": ""4h"", ""move_pct"": 1.234472, ""start_ts"": ""2026-04-24T11:11:00+00:00""}, {""end_ts"": ""2026-04-24T15:10:00+00:00"", ""horizon"": ""4h"", ""move_pct"": 1.213812, ""start_ts"": ""2026-04-24T11:10:00+00:00""}, {""end_ts"": ""2026-04-24T15:09:00+00:00"", ""horizon"": ""4h"", ""move_pct"": 1.191967, ""start_ts"": ""2026-04-24T11:09:00+00:00""}, {""end_ts"": ""2026-04-24T15:14:00+00:00"", ""horizon"": ""4h"", ""move_pct"": 1.128004, ""start_ts"": ""2026-04-24T11:14:00+00:00""}]"
2026-04-25,1440,primary_plus_recovered_gap,primary outside outage; feed_recovered inside outage; funding/liquidation degraded,0.0,5601.37815,-0.037402,0.960844,0.77732,0.610039,0.622724,False,True,False,False,chop_day,"{""asia"": 0.424898, ""late_us"": 0.267486, ""london"": 0.334674, ""us"": 0.489684}","[{""end_ts"": ""2026-04-25T21:37:00+00:00"", ""horizon"": ""4h"", ""move_pct"": -0.622724, ""start_ts"": ""2026-04-25T17:37:00+00:00""}, {""end_ts"": ""2026-04-25T21:35:00+00:00"", ""horizon"": ""4h"", ""move_pct"": -0.618968, ""start_ts"": ""2026-04-25T17:35:00+00:00""}, {""end_ts"": ""2026-04-25T21:34:00+00:00"", ""horizon"": ""4h"", ""move_pct"": -0.617737, ""start_ts"": ""2026-04-25T17:34:00+00:00""}, {""end_ts"": ""2026-04-25T21:40:00+00:00"", ""horizon"": ""4h"", ""move_pct"": -0.6139, ""start_ts"": ""2026-04-25T17:40:00+00:00""}, {""end_ts"": ""2026-04-25T21:45:00+00:00"", ""horizon"": ""4h"", ""move_pct"": -0.612849, ""start_ts"": ""2026-04-25T17:45:00+00:00""}]"
2026-04-26,1440,primary_plus_recovered_gap,primary outside outage; feed_recovered inside outage; funding/liquidation degraded,0.0,7172.43082,1.082218,2.10768,1.378169,0.888441,0.959279,False,False,False,False,mixed_day,"{""asia"": 0.460138, ""late_us"": 1.040148, ""london"": 0.53899, ""us"": 0.560188}","[{""end_ts"": ""2026-04-26T10:37:00+00:00"", ""horizon"": ""4h"", ""move_pct"": 0.959279, ""start_ts"": ""2026-04-26T06:37:00+00:00""}, {""end_ts"": ""2026-04-26T10:38:00+00:00"", ""horizon"": ""4h"", ""move_pct"": 0.928137, ""start_ts"": ""2026-04-26T06:38:00+00:00""}, {""end_ts"": ""2026-04-26T10:05:00+00:00"", ""horizon"": ""4h"", ""move_pct"": 0.92644, ""start_ts"": ""2026-04-26T06:05:00+00:00""}, {""end_ts"": ""2026-04-26T10:02:00+00:00"", ""horizon"": ""4h"", ""move_pct"": 0.925196, ""start_ts"": ""2026-04-26T06:02:00+00:00""}, {""end_ts"": ""2026-04-26T09:57:00+00:00"", ""horizon"": ""4h"", ""move_pct"": 0.923773, ""start_ts"": ""2026-04-26T05:57:00+00:00""}]"
2026-04-27,1440,primary_plus_recovered_gap,primary outside outage; feed_recovered inside outage; funding/liquidation degraded,0.0,16636.99426,-2.050576,3.858857,2.005598,1.844216,2.204333,True,False,True,False,trend_day|expansion_day,"{""asia"": 1.229944, ""late_us"": 0.522553, ""london"": 0.883756, ""us"": 1.204822}","[{""end_ts"": ""2026-04-27T08:32:00+00:00"", ""horizon"": ""4h"", ""move_pct"": -2.204333, ""start_ts"": ""2026-04-27T04:32:00+00:00""}, {""end_ts"": ""2026-04-27T09:32:00+00:00"", ""horizon"": ""4h"", ""move_pct"": -2.084726, ""start_ts"": ""2026-04-27T05:32:00+00:00""}, {""end_ts"": ""2026-04-27T09:36:00+00:00"", ""horizon"": ""4h"", ""move_pct"": -2.073395, ""start_ts"": ""2026-04-27T05:36:00+00:00""}, {""end_ts"": ""2026-04-27T09:34:00+00:00"", ""horizon"": ""4h"", ""move_pct"": -2.068008, ""start_ts"": ""2026-04-27T05:34:00+00:00""}, {""end_ts"": ""2026-04-27T09:35:00+00:00"", ""horizon"": ""4h"", ""move_pct"": -2.065667, ""start_ts"": ""2026-04-27T05:35:00+00:00""}]"
2026-04-28,1440,primary_plus_recovered_gap,primary outside outage; feed_recovered inside outage; funding/liquidation degraded,0.0,13672.93719,-0.563898,2.358472,1.452766,0.852764,1.201879,False,True,False,False,chop_day,"{""asia"": 0.750379, ""late_us"": 0.425188, ""london"": 0.62418, ""us"": 0.988117}","[{""end_ts"": ""2026-04-28T16:51:00+00:00"", ""horizon"": ""4h"", ""move_pct"": -1.201879, ""start_ts"": ""2026-04-28T12:51:00+00:00""}, {""end_ts"": ""2026-04-28T16:38:00+00:00"", ""horizon"": ""4h"", ""move_pct"": -1.178974, ""start_ts"": ""2026-04-28T12:38:00+00:00""}, {""end_ts"": ""2026-04-28T16:41:00+00:00"", ""horizon"": ""4h"", ""move_pct"": -1.171095, ""start_ts"": ""2026-04-28T12:41:00+00:00""}, {""end_ts"": ""2026-04-28T16:52:00+00:00"", ""horizon"": ""4h"", ""move_pct"": -1.168072, ""start_ts"": ""2026-04-28T12:52:00+00:00""}, {""end_ts"": ""2026-04-28T16:50:00+00:00"", ""horizon"": ""4h"", ""move_pct"": -1.147085, ""start_ts"": ""2026-04-28T12:50:00+00:00""}]"
2026-04-29,1440,primary_plus_recovered_gap,primary outside outage; feed_recovered inside outage; funding/liquidation degraded,0.0,18066.32716,-0.544809,3.885695,2.005874,1.207119,2.426897,False,False,True,True,expansion_day|reversal_day,"{""asia"": 0.720838, ""late_us"": 1.133744, ""london"": 0.677451, ""us"": 1.318373}","[{""end_ts"": ""2026-04-29T17:54:00+00:00"", ""horizon"": ""4h"", ""move_pct"": -2.426897, ""start_ts"": ""2026-04-29T13:54:00+00:00""}, {""end_ts"": ""2026-04-29T17:57:00+00:00"", ""horizon"": ""4h"", ""move_pct"": -2.349318, ""start_ts"": ""2026-04-29T13:57:00+00:00""}, {""end_ts"": ""2026-04-29T17:55:00+00:00"", ""horizon"": ""4h"", ""move_pct"": -2.34677, ""start_ts"": ""2026-04-29T13:55:00+00:00""}, {""end_ts"": ""2026-04-29T17:56:00+00:00"", ""horizon"": ""4h"", ""move_pct"": -2.286524, ""start_ts"": ""2026-04-29T13:56:00+00:00""}, {""end_ts"": ""2026-04-29T17:58:00+00:00"", ""horizon"": ""4h"", ""move_pct"": -2.269622, ""start_ts"": ""2026-04-29T13:58:00+00:00""}]"
2026-04-30,1440,primary_plus_recovered_gap,primary outside outage; feed_recovered inside outage; funding/liquidation degraded,0.0,10577.89328,0.435905,1.771275,1.662194,1.038135,1.307643,False,True,False,False,chop_day,"{""asia"": 1.005476, ""late_us"": 0.526145, ""london"": 0.69317, ""us"": 0.996805}","[{""end_ts"": ""2026-04-30T07:28:00+00:00"", ""horizon"": ""4h"", ""move_pct"": -1.307643, ""start_ts"": ""2026-04-30T03:28:00+00:00""}, {""end_ts"": ""2026-04-30T07:30:00+00:00"", ""horizon"": ""4h"", ""move_pct"": -1.206287, ""start_ts"": ""2026-04-30T03:30:00+00:00""}, {""end_ts"": ""2026-04-30T07:29:00+00:00"", ""horizon"": ""4h"", ""move_pct"": -1.19715, ""start_ts"": ""2026-04-30T03:29:00+00:00""}, {""end_ts"": ""2026-04-30T07:32:00+00:00"", ""horizon"": ""4h"", ""move_pct"": -1.160843, ""start_ts"": ""2026-04-30T03:32:00+00:00""}, {""end_ts"": ""2026-04-30T07:31:00+00:00"", ""horizon"": ""4h"", ""move_pct"": -1.148116, ""start_ts"": ""2026-04-30T03:31:00+00:00""}]"
2026-05-01,1440,primary_plus_recovered_gap,primary outside outage; feed_recovered inside outage; funding/liquidation degraded,0.0,17134.43723,2.556334,3.551848,1.713736,1.20913,2.137145,True,False,False,False,trend_day,"{""asia"": 0.824329, ""late_us"": 0.598942, ""london"": 0.549311, ""us"": 1.262745}","[{""end_ts"": ""2026-05-01T16:14:00+00:00"", ""horizon"": ""4h"", ""move_pct"": 2.137145, ""start_ts"": ""2026-05-01T12:14:00+00:00""}, {""end_ts"": ""2026-05-01T15:56:00+00:00"", ""horizon"": ""4h"", ""move_pct"": 2.057411, ""start_ts"": ""2026-05-01T11:56:00+00:00""}, {""end_ts"": ""2026-05-01T16:13:00+00:00"", ""horizon"": ""4h"", ""move_pct"": 2.056792, ""start_ts"": ""2026-05-01T12:13:00+00:00""}, {""end_ts"": ""2026-05-01T15:54:00+00:00"", ""horizon"": ""4h"", ""move_pct"": 2.026625, ""start_ts"": ""2026-05-01T11:54:00+00:00""}, {""end_ts"": ""2026-05-01T15:55:00+00:00"", ""horizon"": ""4h"", ""move_pct"": 2.02015, ""start_ts"": ""2026-05-01T11:55:00+00:00""}]"
2026-05-02,1440,primary_plus_recovered_gap,primary outside outage; feed_recovered inside outage; funding/liquidation degraded,0.0,6292.13166,0.69821,1.482097,1.068943,0.813132,0.782305,False,False,False,False,mixed_day,"{""asia"": 0.522541, ""late_us"": 0.763147, ""london"": 0.349713, ""us"": 0.405857}","[{""end_ts"": ""2026-05-02T23:38:00+00:00"", ""horizon"": ""1h"", ""move_pct"": 0.813132, ""start_ts"": ""2026-05-02T22:38:00+00:00""}, {""end_ts"": ""2026-05-02T23:38:00+00:00"", ""horizon"": ""4h"", ""move_pct"": 0.782305, ""start_ts"": ""2026-05-02T19:38:00+00:00""}, {""end_ts"": ""2026-05-02T23:39:00+00:00"", ""horizon"": ""1h"", ""move_pct"": 0.69078, ""start_ts"": ""2026-05-02T22:39:00+00:00""}, {""end_ts"": ""2026-05-02T23:39:00+00:00"", ""horizon"": ""4h"", ""move_pct"": 0.661273, ""start_ts"": ""2026-05-02T19:39:00+00:00""}, {""end_ts"": ""2026-05-02T23:46:00+00:00"", ""horizon"": ""4h"", ""move_pct"": 0.591633, ""start_ts"": ""2026-05-02T19:46:00+00:00""}]"
2026-05-03,1440,primary_plus_recovered_gap,primary outside outage; feed_recovered inside outage; funding/liquidation degraded,0.0,6230.38868,0.133384,1.504065,0.962053,0.652132,0.87815,False,True,False,False,chop_day,"{""asia"": 0.537984, ""late_us"": 0.487876, ""london"": 0.365186, ""us"": 0.51451}","[{""end_ts"": ""2026-05-03T05:30:00+00:00"", ""horizon"": ""4h"", ""move_pct"": -0.87815, ""start_ts"": ""2026-05-03T01:30:00+00:00""}, {""end_ts"": ""2026-05-03T04:56:00+00:00"", ""horizon"": ""4h"", ""move_pct"": -0.853465, ""start_ts"": ""2026-05-03T00:56:00+00:00""}, {""end_ts"": ""2026-05-03T05:27:00+00:00"", ""horizon"": ""4h"", ""move_pct"": -0.852943, ""start_ts"": ""2026-05-03T01:27:00+00:00""}, {""end_ts"": ""2026-05-03T04:57:00+00:00"", ""horizon"": ""4h"", ""move_pct"": -0.847393, ""start_ts"": ""2026-05-03T00:57:00+00:00""}, {""end_ts"": ""2026-05-03T05:31:00+00:00"", ""horizon"": ""4h"", ""move_pct"": -0.846554, ""start_ts"": ""2026-05-03T01:31:00+00:00""}]"
2026-05-04,1440,primary_plus_recovered_gap,primary outside outage; feed_recovered inside outage; funding/liquidation degraded,0.0,26751.17404,1.821595,3.26644,2.661743,2.133872,2.654563,True,False,True,False,trend_day|expansion_day,"{""asia"": 1.59813, ""late_us"": 0.572135, ""london"": 1.149699, ""us"": 1.693859}","[{""end_ts"": ""2026-05-04T06:19:00+00:00"", ""horizon"": ""4h"", ""move_pct"": 2.654563, ""start_ts"": ""2026-05-04T02:19:00+00:00""}, {""end_ts"": ""2026-05-04T06:20:00+00:00"", ""horizon"": ""4h"", ""move_pct"": 2.64785, ""start_ts"": ""2026-05-04T02:20:00+00:00""}, {""end_ts"": ""2026-05-04T06:22:00+00:00"", ""horizon"": ""4h"", ""move_pct"": 2.602245, ""start_ts"": ""2026-05-04T02:22:00+00:00""}, {""end_ts"": ""2026-05-04T06:18:00+00:00"", ""horizon"": ""4h"", ""move_pct"": 2.595979, ""start_ts"": ""2026-05-04T02:18:00+00:00""}, {""end_ts"": ""2026-05-04T06:21:00+00:00"", ""horizon"": ""4h"", ""move_pct"": 2.585877, ""start_ts"": ""2026-05-04T02:21:00+00:00""}]"
2026-05-05,1440,primary_plus_recovered_gap,primary outside outage; feed_recovered inside outage; funding/liquidation degraded,0.0,16408.18198,1.465256,2.549247,1.597423,0.865764,1.488964,True,False,False,False,trend_day,"{""asia"": 0.775231, ""late_us"": 0.592787, ""london"": 0.637928, ""us"": 1.091961}","[{""end_ts"": ""2026-05-05T05:39:00+00:00"", ""horizon"": ""4h"", ""move_pct"": 1.488964, ""start_ts"": ""2026-05-05T01:39:00+00:00""}, {""end_ts"": ""2026-05-05T05:44:00+00:00"", ""horizon"": ""4h"", ""move_pct"": 1.463139, ""start_ts"": ""2026-05-05T01:44:00+00:00""}, {""end_ts"": ""2026-05-05T05:43:00+00:00"", ""horizon"": ""4h"", ""move_pct"": 1.441789, ""start_ts"": ""2026-05-05T01:43:00+00:00""}, {""end_ts"": ""2026-05-05T05:46:00+00:00"", ""horizon"": ""4h"", ""move_pct"": 1.430524, ""start_ts"": ""2026-05-05T01:46:00+00:00""}, {""end_ts"": ""2026-05-05T05:45:00+00:00"", ""horizon"": ""4h"", ""move_pct"": 1.426548, ""start_ts"": ""2026-05-05T01:45:00+00:00""}]"
2026-05-06,1440,primary_plus_recovered_gap,primary outside outage; feed_recovered inside outage; funding/liquidation degraded,0.0,23719.20524,-0.017198,2.60297,1.83597,1.049134,1.620825,False,True,False,False,chop_day,"{""asia"": 0.98732, ""late_us"": 0.655912, ""london"": 0.742645, ""us"": 1.188966}","[{""end_ts"": ""2026-05-06T13:37:00+00:00"", ""horizon"": ""4h"", ""move_pct"": 1.620825, ""start_ts"": ""2026-05-06T09:37:00+00:00""}, {""end_ts"": ""2026-05-06T13:38:00+00:00"", ""horizon"": ""4h"", ""move_pct"": 1.586678, ""start_ts"": ""2026-05-06T09:38:00+00:00""}, {""end_ts"": ""2026-05-06T13:36:00+00:00"", ""horizon"": ""4h"", ""move_pct"": 1.56296, ""start_ts"": ""2026-05-06T09:36:00+00:00""}, {""end_ts"": ""2026-05-06T13:24:00+00:00"", ""horizon"": ""4h"", ""move_pct"": 1.542952, ""start_ts"": ""2026-05-06T09:24:00+00:00""}, {""end_ts"": ""2026-05-06T13:35:00+00:00"", ""horizon"": ""4h"", ""move_pct"": 1.540955, ""start_ts"": ""2026-05-06T09:35:00+00:00""}]"
2026-05-07,1440,primary,primary_clean_outside_contaminated_window,0.0,134719.173,-1.739892,2.726499,1.668504,0.96117,1.726999,True,False,False,False,trend_day,"{""asia"": 0.808072, ""late_us"": 0.628793, ""london"": 0.730685, ""us"": 1.094128}","[{""end_ts"": ""2026-05-07T17:27:00+00:00"", ""horizon"": ""4h"", ""move_pct"": -1.726999, ""start_ts"": ""2026-05-07T13:27:00+00:00""}, {""end_ts"": ""2026-05-07T16:59:00+00:00"", ""horizon"": ""4h"", ""move_pct"": -1.699758, ""start_ts"": ""2026-05-07T12:59:00+00:00""}, {""end_ts"": ""2026-05-07T16:58:00+00:00"", ""horizon"": ""4h"", ""move_pct"": -1.693304, ""start_ts"": ""2026-05-07T12:58:00+00:00""}, {""end_ts"": ""2026-05-07T17:00:00+00:00"", ""horizon"": ""4h"", ""move_pct"": -1.684203, ""start_ts"": ""2026-05-07T13:00:00+00:00""}, {""end_ts"": ""2026-05-07T17:22:00+00:00"", ""horizon"": ""4h"", ""move_pct"": -1.666658, ""start_ts"": ""2026-05-07T13:22:00+00:00""}]"
2026-05-08,1440,primary,primary_clean_outside_contaminated_window,0.0,106773.658,0.228462,1.676391,1.621666,0.889629,1.277858,False,True,False,False,chop_day,"{""asia"": 0.797397, ""late_us"": 0.442209, ""london"": 0.6486, ""us"": 1.171276}","[{""end_ts"": ""2026-05-08T11:27:00+00:00"", ""horizon"": ""4h"", ""move_pct"": 1.277858, ""start_ts"": ""2026-05-08T07:27:00+00:00""}, {""end_ts"": ""2026-05-08T11:26:00+00:00"", ""horizon"": ""4h"", ""move_pct"": 1.266543, ""start_ts"": ""2026-05-08T07:26:00+00:00""}, {""end_ts"": ""2026-05-08T11:25:00+00:00"", ""horizon"": ""4h"", ""move_pct"": 1.240327, ""start_ts"": ""2026-05-08T07:25:00+00:00""}, {""end_ts"": ""2026-05-08T11:29:00+00:00"", ""horizon"": ""4h"", ""move_pct"": 1.234152, ""start_ts"": ""2026-05-08T07:29:00+00:00""}, {""end_ts"": ""2026-05-08T11:28:00+00:00"", ""horizon"": ""4h"", ""move_pct"": 1.232959, ""start_ts"": ""2026-05-08T07:28:00+00:00""}]"
2026-05-09,1440,primary,primary_clean_outside_contaminated_window,0.0,55864.868,0.617427,1.201669,0.870179,0.440807,0.98155,False,False,False,False,mixed_day,"{""asia"": 0.487424, ""late_us"": 0.279615, ""london"": 0.380174, ""us"": 0.541319}","[{""end_ts"": ""2026-05-09T18:29:00+00:00"", ""horizon"": ""4h"", ""move_pct"": 0.98155, ""start_ts"": ""2026-05-09T14:29:00+00:00""}, {""end_ts"": ""2026-05-09T18:35:00+00:00"", ""horizon"": ""4h"", ""move_pct"": 0.92696, ""start_ts"": ""2026-05-09T14:35:00+00:00""}, {""end_ts"": ""2026-05-09T18:34:00+00:00"", ""horizon"": ""4h"", ""move_pct"": 0.919867, ""start_ts"": ""2026-05-09T14:34:00+00:00""}, {""end_ts"": ""2026-05-09T18:27:00+00:00"", ""horizon"": ""4h"", ""move_pct"": 0.919649, ""start_ts"": ""2026-05-09T14:27:00+00:00""}, {""end_ts"": ""2026-05-09T18:38:00+00:00"", ""horizon"": ""4h"", ""move_pct"": 0.898007, ""start_ts"": ""2026-05-09T14:38:00+00:00""}]"
2026-05-10,1440,primary,primary_clean_outside_contaminated_window,0.0,94445.272,1.858893,2.77228,1.517446,1.767081,1.472044,True,False,False,False,trend_day,"{""asia"": 0.410939, ""late_us"": 1.248302, ""london"": 0.390693, ""us"": 0.649209}","[{""end_ts"": ""2026-05-10T22:57:00+00:00"", ""horizon"": ""1h"", ""move_pct"": 1.767081, ""start_ts"": ""2026-05-10T21:57:00+00:00""}, {""end_ts"": ""2026-05-10T23:03:00+00:00"", ""horizon"": ""1h"", ""move_pct"": 1.75763, ""start_ts"": ""2026-05-10T22:03:00+00:00""}, {""end_ts"": ""2026-05-10T22:56:00+00:00"", ""horizon"": ""1h"", ""move_pct"": 1.682883, ""start_ts"": ""2026-05-10T21:56:00+00:00""}, {""end_ts"": ""2026-05-10T23:00:00+00:00"", ""horizon"": ""1h"", ""move_pct"": 1.660014, ""start_ts"": ""2026-05-10T22:00:00+00:00""}, {""end_ts"": ""2026-05-10T22:54:00+00:00"", ""horizon"": ""1h"", ""move_pct"": 1.635463, ""start_ts"": ""2026-05-10T21:54:00+00:00""}]"
2026-05-11,1440,primary,primary_clean_outside_contaminated_window,0.0,122438.284,-0.573757,2.380208,1.743722,1.104572,1.924919,False,True,False,False,chop_day,"{""asia"": 1.030349, ""late_us"": 0.549668, ""london"": 0.603633, ""us"": 1.14438}","[{""end_ts"": ""2026-05-11T04:01:00+00:00"", ""horizon"": ""4h"", ""move_pct"": -1.924919, ""start_ts"": ""2026-05-11T00:01:00+00:00""}, {""end_ts"": ""2026-05-11T04:02:00+00:00"", ""horizon"": ""4h"", ""move_pct"": -1.906997, ""start_ts"": ""2026-05-11T00:02:00+00:00""}, {""end_ts"": ""2026-05-11T18:33:00+00:00"", ""horizon"": ""4h"", ""move_pct"": 1.898661, ""start_ts"": ""2026-05-11T14:33:00+00:00""}, {""end_ts"": ""2026-05-11T18:32:00+00:00"", ""horizon"": ""4h"", ""move_pct"": 1.843396, ""start_ts"": ""2026-05-11T14:32:00+00:00""}, {""end_ts"": ""2026-05-11T18:34:00+00:00"", ""horizon"": ""4h"", ""move_pct"": 1.829223, ""start_ts"": ""2026-05-11T14:34:00+00:00""}]"
2026-05-12,1440,primary,primary_clean_outside_contaminated_window,0.0,121278.145,-1.515318,2.394521,1.48189,0.938199,1.28221,True,False,False,False,trend_day,"{""asia"": 0.733699, ""late_us"": 0.437727, ""london"": 0.662031, ""us"": 1.012768}","[{""end_ts"": ""2026-05-12T16:51:00+00:00"", ""horizon"": ""4h"", ""move_pct"": -1.28221, ""start_ts"": ""2026-05-12T12:51:00+00:00""}, {""end_ts"": ""2026-05-12T16:48:00+00:00"", ""horizon"": ""4h"", ""move_pct"": -1.275921, ""start_ts"": ""2026-05-12T12:48:00+00:00""}, {""end_ts"": ""2026-05-12T16:49:00+00:00"", ""horizon"": ""4h"", ""move_pct"": -1.260866, ""start_ts"": ""2026-05-12T12:49:00+00:00""}, {""end_ts"": ""2026-05-12T16:53:00+00:00"", ""horizon"": ""4h"", ""move_pct"": -1.235322, ""start_ts"": ""2026-05-12T12:53:00+00:00""}, {""end_ts"": ""2026-05-12T16:50:00+00:00"", ""horizon"": ""4h"", ""move_pct"": -1.227728, ""start_ts"": ""2026-05-12T12:50:00+00:00""}]"
2026-05-13,1440,primary,primary_clean_outside_contaminated_window,0.0,139653.227,-1.468413,3.177191,1.427881,1.169737,2.179998,True,False,False,False,trend_day,"{""asia"": 0.630811, ""late_us"": 0.509914, ""london"": 0.717507, ""us"": 0.930503}","[{""end_ts"": ""2026-05-13T16:10:00+00:00"", ""horizon"": ""4h"", ""move_pct"": -2.179998, ""start_ts"": ""2026-05-13T12:10:00+00:00""}, {""end_ts"": ""2026-05-13T14:01:00+00:00"", ""horizon"": ""4h"", ""move_pct"": -2.159074, ""start_ts"": ""2026-05-13T10:01:00+00:00""}, {""end_ts"": ""2026-05-13T16:11:00+00:00"", ""horizon"": ""4h"", ""move_pct"": -2.120669, ""start_ts"": ""2026-05-13T12:11:00+00:00""}, {""end_ts"": ""2026-05-13T16:09:00+00:00"", ""horizon"": ""4h"", ""move_pct"": -2.105016, ""start_ts"": ""2026-05-13T12:09:00+00:00""}, {""end_ts"": ""2026-05-13T15:59:00+00:00"", ""horizon"": ""4h"", ""move_pct"": -2.092904, ""start_ts"": ""2026-05-13T11:59:00+00:00""}]"
2026-05-14,1440,primary,primary_clean_outside_contaminated_window,0.0,175844.368,2.196793,3.947115,1.846521,1.704974,2.82259,True,False,True,False,trend_day|expansion_day,"{""asia"": 0.809645, ""late_us"": 0.500073, ""london"": 0.677041, ""us"": 1.429364}","[{""end_ts"": ""2026-05-14T16:01:00+00:00"", ""horizon"": ""4h"", ""move_pct"": 2.82259, ""start_ts"": ""2026-05-14T12:01:00+00:00""}, {""end_ts"": ""2026-05-14T17:04:00+00:00"", ""horizon"": ""4h"", ""move_pct"": 2.791691, ""start_ts"": ""2026-05-14T13:04:00+00:00""}, {""end_ts"": ""2026-05-14T16:15:00+00:00"", ""horizon"": ""4h"", ""move_pct"": 2.744806, ""start_ts"": ""2026-05-14T12:15:00+00:00""}, {""end_ts"": ""2026-05-14T16:19:00+00:00"", ""horizon"": ""4h"", ""move_pct"": 2.744611, ""start_ts"": ""2026-05-14T12:19:00+00:00""}, {""end_ts"": ""2026-05-14T16:13:00+00:00"", ""horizon"": ""4h"", ""move_pct"": 2.737622, ""start_ts"": ""2026-05-14T12:13:00+00:00""}]"
2026-05-15,1440,primary,primary_clean_outside_contaminated_window,0.0,153631.555,-2.431372,3.718496,1.792734,2.026913,2.147672,True,False,False,False,trend_day,"{""asia"": 0.99943, ""late_us"": 0.422416, ""london"": 0.779594, ""us"": 1.194604}","[{""end_ts"": ""2026-05-15T14:00:00+00:00"", ""horizon"": ""4h"", ""move_pct"": -2.147672, ""start_ts"": ""2026-05-15T10:00:00+00:00""}, {""end_ts"": ""2026-05-15T14:52:00+00:00"", ""horizon"": ""4h"", ""move_pct"": -2.110276, ""start_ts"": ""2026-05-15T10:52:00+00:00""}, {""end_ts"": ""2026-05-15T14:01:00+00:00"", ""horizon"": ""4h"", ""move_pct"": -2.102284, ""start_ts"": ""2026-05-15T10:01:00+00:00""}, {""end_ts"": ""2026-05-15T14:48:00+00:00"", ""horizon"": ""4h"", ""move_pct"": -2.088048, ""start_ts"": ""2026-05-15T10:48:00+00:00""}, {""end_ts"": ""2026-05-15T13:58:00+00:00"", ""horizon"": ""4h"", ""move_pct"": -2.086701, ""start_ts"": ""2026-05-15T09:58:00+00:00""}]"
2026-05-16,1440,primary,primary_clean_outside_contaminated_window,0.0,86048.051,-1.185091,2.020763,1.182369,1.025485,1.442516,True,False,False,False,trend_day,"{""asia"": 0.531069, ""late_us"": 0.276377, ""london"": 0.838263, ""us"": 0.579665}","[{""end_ts"": ""2026-05-16T10:29:00+00:00"", ""horizon"": ""4h"", ""move_pct"": -1.442516, ""start_ts"": ""2026-05-16T06:29:00+00:00""}, {""end_ts"": ""2026-05-16T10:12:00+00:00"", ""horizon"": ""4h"", ""move_pct"": -1.430541, ""start_ts"": ""2026-05-16T06:12:00+00:00""}, {""end_ts"": ""2026-05-16T10:13:00+00:00"", ""horizon"": ""4h"", ""move_pct"": -1.416097, ""start_ts"": ""2026-05-16T06:13:00+00:00""}, {""end_ts"": ""2026-05-16T10:09:00+00:00"", ""horizon"": ""4h"", ""move_pct"": -1.385334, ""start_ts"": ""2026-05-16T06:09:00+00:00""}, {""end_ts"": ""2026-05-16T10:10:00+00:00"", ""horizon"": ""4h"", ""move_pct"": -1.357438, ""start_ts"": ""2026-05-16T06:10:00+00:00""}]"
