family,side,horizon,vwap_bp_bucket,surface_type,events,independent_days,max_day_count,max_day_share,mean_return_bp,median_return_bp,positive_rate,net_bp_after_0_00015,net_bp_after_0_00020,avg_MFE,avg_MAE,MFE_MAE_ratio,max_session_share,session_distribution,no_lookahead_predicates,verdict,verdict_reason,rejection_strength_bucket,volume_bucket
VWAP_DEVIATION_REVERSION,LONG,60,VWAP_100_200BP,vwap_bucket_only,423,30,41,0.096927,11.714933,9.869024,0.652482,10.214933,9.714933,42.465402,-28.11611,1.510358,0.463357,"{""ASIA"": 26, ""LATE_US"": 129, ""LONDON"": 72, ""US"": 196}",True,NEEDS_REPLAY_SPEC,passes_repaired_replay_spec_gate,,
VWAP_DEVIATION_REVERSION,SHORT,60,VWAP_100_200BP,vwap_bucket_only,305,31,31,0.101639,10.410669,17.474484,0.639344,8.910669,8.410669,49.328241,-35.872559,1.375097,0.501639,"{""ASIA"": 14, ""LATE_US"": 110, ""LONDON"": 28, ""US"": 153}",True,NEEDS_REPLAY_SPEC,max_day_share_between_0_10_and_0_15_accepted_for_replay_spec_review,,
VWAP_DEVIATION_REVERSION,LONG,24,VWAP_100_200BP,vwap_bucket_only,423,30,41,0.096927,9.672974,8.023325,0.680851,8.172974,7.672974,22.240924,-12.418977,1.790882,0.463357,"{""ASIA"": 26, ""LATE_US"": 129, ""LONDON"": 72, ""US"": 196}",True,NEEDS_REPLAY_SPEC,passes_repaired_replay_spec_gate,,
VWAP_DEVIATION_REVERSION,SHORT,24,VWAP_100_200BP,vwap_bucket_only,305,31,31,0.101639,9.469676,9.859556,0.629508,7.969676,7.469676,24.49221,-13.54268,1.80852,0.501639,"{""ASIA"": 14, ""LATE_US"": 110, ""LONDON"": 28, ""US"": 153}",True,NEEDS_REPLAY_SPEC,max_day_share_between_0_10_and_0_15_accepted_for_replay_spec_review,,
VWAP_DEVIATION_REVERSION,SHORT,12,VWAP_100_200BP,vwap_bucket_only,305,31,31,0.101639,9.42756,8.849227,0.665574,7.92756,7.42756,24.49221,-13.54268,1.80852,0.501639,"{""ASIA"": 14, ""LATE_US"": 110, ""LONDON"": 28, ""US"": 153}",True,NEEDS_REPLAY_SPEC,max_day_share_between_0_10_and_0_15_accepted_for_replay_spec_review,,
VWAP_DEVIATION_REVERSION,LONG,24,VWAP_45_60BP,vwap_bucket_only,371,52,19,0.051213,9.270397,6.629693,0.681941,7.770397,7.270397,18.180707,-7.810853,2.327621,0.301887,"{""ASIA"": 99, ""LATE_US"": 50, ""LONDON"": 112, ""US"": 110}",True,NEEDS_REPLAY_SPEC,passes_repaired_replay_spec_gate,,
VWAP_DEVIATION_REVERSION,LONG,12,VWAP_45_60BP,vwap_bucket_only,371,52,19,0.051213,8.430782,8.012115,0.74124,6.930782,6.430782,18.180707,-7.810853,2.327621,0.301887,"{""ASIA"": 99, ""LATE_US"": 50, ""LONDON"": 112, ""US"": 110}",True,NEEDS_REPLAY_SPEC,passes_repaired_replay_spec_gate,,
VWAP_DEVIATION_REVERSION,SHORT,24,VWAP_60_100BP,vwap_bucket_only,507,49,41,0.080868,8.174585,7.674765,0.623274,6.674585,6.174585,18.860191,-10.552963,1.787194,0.362919,"{""ASIA"": 69, ""LATE_US"": 134, ""LONDON"": 120, ""US"": 184}",True,NEEDS_REPLAY_SPEC,passes_repaired_replay_spec_gate,,
VWAP_DEVIATION_REVERSION,LONG,12,VWAP_100_200BP,vwap_bucket_only,423,30,41,0.096927,8.007371,7.045182,0.669031,6.507371,6.007371,22.240924,-12.418977,1.790882,0.463357,"{""ASIA"": 26, ""LATE_US"": 129, ""LONDON"": 72, ""US"": 196}",True,NEEDS_REPLAY_SPEC,passes_repaired_replay_spec_gate,,
VWAP_DEVIATION_REVERSION,SHORT,60,VWAP_45_60BP,vwap_bucket_only,425,54,19,0.044706,7.556187,6.226896,0.595294,6.056187,5.556187,35.516555,-24.484416,1.450578,0.308235,"{""ASIA"": 88, ""LATE_US"": 98, ""LONDON"": 108, ""US"": 131}",True,NEEDS_REPLAY_SPEC,passes_repaired_replay_spec_gate,,
VWAP_DEVIATION_REVERSION,SHORT,6,VWAP_100_200BP,vwap_bucket_only,305,31,31,0.101639,7.500482,6.278237,0.639344,6.000482,5.500482,24.49221,-13.54268,1.80852,0.501639,"{""ASIA"": 14, ""LATE_US"": 110, ""LONDON"": 28, ""US"": 153}",True,NEEDS_REPLAY_SPEC,max_day_share_between_0_10_and_0_15_accepted_for_replay_spec_review,,
VWAP_DEVIATION_REVERSION,SHORT,12,VWAP_60_100BP,vwap_bucket_only,508,49,41,0.080709,6.918368,6.510299,0.67126,5.418368,4.918368,18.859005,-10.535366,1.790066,0.362205,"{""ASIA"": 69, ""LATE_US"": 134, ""LONDON"": 121, ""US"": 184}",True,NEEDS_REPLAY_SPEC,passes_repaired_replay_spec_gate,,
VWAP_DEVIATION_REVERSION,SHORT,60,VWAP_60_100BP,vwap_bucket_only,507,49,41,0.080868,6.595662,9.112698,0.593688,5.095662,4.595662,40.667864,-29.240971,1.390784,0.362919,"{""ASIA"": 69, ""LATE_US"": 134, ""LONDON"": 120, ""US"": 184}",True,NEEDS_REPLAY_SPEC,passes_repaired_replay_spec_gate,,
VWAP_DEVIATION_REVERSION,SHORT,24,VWAP_45_60BP,vwap_bucket_only,426,54,19,0.044601,6.575249,7.863228,0.673709,5.075249,4.575249,17.392063,-8.229948,2.113265,0.307512,"{""ASIA"": 88, ""LATE_US"": 98, ""LONDON"": 109, ""US"": 131}",True,NEEDS_REPLAY_SPEC,passes_repaired_replay_spec_gate,,
VWAP_DEVIATION_REVERSION,LONG,6,VWAP_100_200BP,vwap_bucket_only,423,30,41,0.096927,6.554542,5.298154,0.65721,5.054542,4.554542,22.240924,-12.418977,1.790882,0.463357,"{""ASIA"": 26, ""LATE_US"": 129, ""LONDON"": 72, ""US"": 196}",True,NEEDS_REPLAY_SPEC,passes_repaired_replay_spec_gate,,
VWAP_DEVIATION_REVERSION,SHORT,12,VWAP_45_60BP,vwap_bucket_only,427,54,19,0.044496,6.466764,6.003934,0.697892,4.966764,4.466764,17.394299,-8.215858,2.117161,0.306792,"{""ASIA"": 88, ""LATE_US"": 98, ""LONDON"": 110, ""US"": 131}",True,NEEDS_REPLAY_SPEC,passes_repaired_replay_spec_gate,,
VWAP_DEVIATION_REVERSION,LONG,60,VWAP_45_60BP,vwap_bucket_only,371,52,19,0.051213,6.098498,7.336788,0.606469,4.598498,4.098498,37.75602,-27.105953,1.392905,0.301887,"{""ASIA"": 99, ""LATE_US"": 50, ""LONDON"": 112, ""US"": 110}",True,NEEDS_REPLAY_SPEC,passes_repaired_replay_spec_gate,,
VWAP_DEVIATION_REVERSION,LONG,6,VWAP_45_60BP,vwap_bucket_only,371,52,19,0.051213,5.543485,4.975138,0.684636,4.043485,3.543485,18.180707,-7.810853,2.327621,0.301887,"{""ASIA"": 99, ""LATE_US"": 50, ""LONDON"": 112, ""US"": 110}",True,NEEDS_REPLAY_SPEC,passes_repaired_replay_spec_gate,,
VWAP_DEVIATION_REVERSION,SHORT,6,VWAP_45_60BP,vwap_bucket_only,427,54,19,0.044496,5.508096,4.686986,0.704918,4.008096,3.508096,17.394299,-8.215858,2.117161,0.306792,"{""ASIA"": 88, ""LATE_US"": 98, ""LONDON"": 110, ""US"": 131}",True,NEEDS_REPLAY_SPEC,passes_repaired_replay_spec_gate,,
VWAP_DEVIATION_REVERSION,SHORT,6,VWAP_60_100BP,vwap_bucket_only,508,49,41,0.080709,5.119617,4.387097,0.661417,3.619617,3.119617,18.859005,-10.535366,1.790066,0.362205,"{""ASIA"": 69, ""LATE_US"": 134, ""LONDON"": 121, ""US"": 184}",True,NEEDS_REPLAY_SPEC,passes_repaired_replay_spec_gate,,
VWAP_DEVIATION_REVERSION,SHORT,3,VWAP_100_200BP,vwap_bucket_only,305,31,31,0.101639,5.028666,4.227196,0.645902,3.528666,3.028666,24.49221,-13.54268,1.80852,0.501639,"{""ASIA"": 14, ""LATE_US"": 110, ""LONDON"": 28, ""US"": 153}",True,NEEDS_REPLAY_SPEC,max_day_share_between_0_10_and_0_15_accepted_for_replay_spec_review,,
VWAP_DEVIATION_REVERSION,LONG,12,VWAP_60_100BP,vwap_bucket_only,454,42,37,0.081498,4.89324,4.495627,0.625551,3.39324,2.89324,17.806461,-11.052736,1.611046,0.442731,"{""ASIA"": 39, ""LATE_US"": 110, ""LONDON"": 104, ""US"": 201}",True,NEEDS_REPLAY_SPEC,passes_repaired_replay_spec_gate,,
VWAP_DEVIATION_REVERSION,LONG,3,VWAP_100_200BP,vwap_bucket_only,423,30,41,0.096927,4.806174,3.826915,0.661939,3.306174,2.806174,22.240924,-12.418977,1.790882,0.463357,"{""ASIA"": 26, ""LATE_US"": 129, ""LONDON"": 72, ""US"": 196}",True,NEEDS_REPLAY_SPEC,passes_repaired_replay_spec_gate,,
VWAP_DEVIATION_REVERSION,LONG,6,VWAP_60_100BP,vwap_bucket_only,454,42,37,0.081498,4.554934,4.51781,0.65859,3.054934,2.554934,17.806461,-11.052736,1.611046,0.442731,"{""ASIA"": 39, ""LATE_US"": 110, ""LONDON"": 104, ""US"": 201}",True,NEEDS_REPLAY_SPEC,passes_repaired_replay_spec_gate,,
VWAP_DEVIATION_REVERSION,LONG,60,VWAP_60_100BP,vwap_bucket_only,454,42,37,0.081498,4.384729,4.693392,0.557269,2.884729,2.384729,36.278382,-31.152206,1.164553,0.442731,"{""ASIA"": 39, ""LATE_US"": 110, ""LONDON"": 104, ""US"": 201}",True,NEEDS_REPLAY_SPEC,passes_repaired_replay_spec_gate,,
VWAP_DEVIATION_REVERSION,LONG,24,VWAP_60_100BP,vwap_bucket_only,454,42,37,0.081498,4.199599,4.763715,0.588106,2.699599,2.199599,17.806461,-11.052736,1.611046,0.442731,"{""ASIA"": 39, ""LATE_US"": 110, ""LONDON"": 104, ""US"": 201}",True,NEEDS_REPLAY_SPEC,passes_repaired_replay_spec_gate,,
VWAP_DEVIATION_REVERSION,SHORT,3,VWAP_60_100BP,vwap_bucket_only,508,49,41,0.080709,4.037075,3.439792,0.663386,2.537075,2.037075,18.859005,-10.535366,1.790066,0.362205,"{""ASIA"": 69, ""LATE_US"": 134, ""LONDON"": 121, ""US"": 184}",True,NEEDS_REPLAY_SPEC,passes_repaired_replay_spec_gate,,
VWAP_DEVIATION_REVERSION,SHORT,3,VWAP_45_60BP,vwap_bucket_only,426,54,19,0.044601,3.878103,2.753351,0.678404,2.378103,1.878103,17.406504,-8.235145,2.113685,0.305164,"{""ASIA"": 88, ""LATE_US"": 98, ""LONDON"": 110, ""US"": 130}",True,NEEDS_REPLAY_SPEC,passes_repaired_replay_spec_gate,,
VWAP_DEVIATION_REVERSION,LONG,3,VWAP_45_60BP,vwap_bucket_only,371,52,19,0.051213,3.834727,3.61207,0.665768,2.334727,1.834727,18.180707,-7.810853,2.327621,0.301887,"{""ASIA"": 99, ""LATE_US"": 50, ""LONDON"": 112, ""US"": 110}",True,NEEDS_REPLAY_SPEC,passes_repaired_replay_spec_gate,,
VWAP_DEVIATION_REVERSION,LONG,3,VWAP_60_100BP,vwap_bucket_only,454,42,37,0.081498,3.450704,3.21127,0.645374,1.950704,1.450704,17.806461,-11.052736,1.611046,0.442731,"{""ASIA"": 39, ""LATE_US"": 110, ""LONDON"": 104, ""US"": 201}",True,NEEDS_REPLAY_SPEC,passes_repaired_replay_spec_gate,,
VWAP_DEVIATION_REVERSION,LONG,60,VWAP_GE_200BP,vwap_bucket_only,23,5,10,0.434783,43.180121,37.038731,0.913043,41.680121,41.180121,71.061397,-22.801228,3.11656,0.695652,"{""LATE_US"": 5, ""LONDON"": 2, ""US"": 16}",True,REJECT_SURFACE,events_below_50;independent_days_below_15;day_concentration_above_0_15,,
VWAP_DEVIATION_REVERSION,LONG,24,VWAP_GE_200BP,vwap_bucket_only,23,5,10,0.434783,33.82544,30.342245,0.869565,32.32544,31.82544,42.156171,-11.626312,3.625928,0.695652,"{""LATE_US"": 5, ""LONDON"": 2, ""US"": 16}",True,REJECT_SURFACE,events_below_50;independent_days_below_15;day_concentration_above_0_15,,
VWAP_DEVIATION_REVERSION,LONG,12,VWAP_GE_200BP,vwap_bucket_only,23,5,10,0.434783,26.523577,27.89841,0.826087,25.023577,24.523577,42.156171,-11.626312,3.625928,0.695652,"{""LATE_US"": 5, ""LONDON"": 2, ""US"": 16}",True,REJECT_SURFACE,events_below_50;independent_days_below_15;day_concentration_above_0_15,,
VWAP_DEVIATION_REVERSION,LONG,6,VWAP_GE_200BP,vwap_bucket_only,23,5,10,0.434783,17.838025,15.526493,0.782609,16.338025,15.838025,42.156171,-11.626312,3.625928,0.695652,"{""LATE_US"": 5, ""LONDON"": 2, ""US"": 16}",True,REJECT_SURFACE,events_below_50;independent_days_below_15;day_concentration_above_0_15,,
VWAP_DEVIATION_REVERSION,SHORT,60,VWAP_GE_200BP,vwap_bucket_only,45,6,11,0.244444,15.233992,13.870016,0.6,13.733992,13.233992,78.805824,-63.797602,1.235247,0.466667,"{""LATE_US"": 20, ""LONDON"": 4, ""US"": 21}",True,REJECT_SURFACE,events_below_50;independent_days_below_15;day_concentration_above_0_15,,
VWAP_DEVIATION_REVERSION,LONG,3,VWAP_GE_200BP,vwap_bucket_only,23,5,10,0.434783,12.165433,11.092514,0.826087,10.665433,10.165433,42.156171,-11.626312,3.625928,0.695652,"{""LATE_US"": 5, ""LONDON"": 2, ""US"": 16}",True,REJECT_SURFACE,events_below_50;independent_days_below_15;day_concentration_above_0_15,,
VWAP_DEVIATION_REVERSION,SHORT,24,VWAP_GE_200BP,vwap_bucket_only,45,6,11,0.244444,9.487571,9.241657,0.533333,7.987571,7.487571,34.929151,-29.002496,1.20435,0.466667,"{""LATE_US"": 20, ""LONDON"": 4, ""US"": 21}",True,REJECT_SURFACE,events_below_50;independent_days_below_15;day_concentration_above_0_15,,
VWAP_DEVIATION_REVERSION,SHORT,3,VWAP_GE_200BP,vwap_bucket_only,45,6,11,0.244444,7.622078,9.046767,0.666667,6.122078,5.622078,34.929151,-29.002496,1.20435,0.466667,"{""LATE_US"": 20, ""LONDON"": 4, ""US"": 21}",True,REJECT_SURFACE,events_below_50;independent_days_below_15;day_concentration_above_0_15,,
VWAP_DEVIATION_REVERSION,SHORT,12,VWAP_GE_200BP,vwap_bucket_only,45,6,11,0.244444,5.742573,6.28506,0.577778,4.242573,3.742573,34.929151,-29.002496,1.20435,0.466667,"{""LATE_US"": 20, ""LONDON"": 4, ""US"": 21}",True,REJECT_SURFACE,events_below_50;independent_days_below_15;day_concentration_above_0_15,,
VWAP_DEVIATION_REVERSION,SHORT,6,VWAP_GE_200BP,vwap_bucket_only,45,6,11,0.244444,4.062675,7.498018,0.6,2.562675,2.062675,34.929151,-29.002496,1.20435,0.466667,"{""LATE_US"": 20, ""LONDON"": 4, ""US"": 21}",True,REJECT_SURFACE,events_below_50;independent_days_below_15;day_concentration_above_0_15,,
EXHAUSTION_REVERSAL,SHORT,24,,rejection_bucket_only,100,45,5,0.05,11.420775,13.41967,0.68,9.920775,9.420775,24.617292,-16.945733,1.452713,0.4,"{""ASIA"": 22, ""LATE_US"": 19, ""LONDON"": 19, ""US"": 40}",True,NEEDS_REPLAY_SPEC,passes_repaired_replay_spec_gate,STRONG_GE_0_45,
EXHAUSTION_REVERSAL,SHORT,12,,rejection_bucket_only,100,45,5,0.05,10.227355,11.190435,0.7,8.727355,8.227355,24.617292,-16.945733,1.452713,0.4,"{""ASIA"": 22, ""LATE_US"": 19, ""LONDON"": 19, ""US"": 40}",True,NEEDS_REPLAY_SPEC,passes_repaired_replay_spec_gate,STRONG_GE_0_45,
EXHAUSTION_REVERSAL,SHORT,60,,rejection_bucket_only,100,45,5,0.05,9.02153,9.53217,0.64,7.52153,7.02153,49.735514,-39.811282,1.249282,0.4,"{""ASIA"": 22, ""LATE_US"": 19, ""LONDON"": 19, ""US"": 40}",True,NEEDS_REPLAY_SPEC,passes_repaired_replay_spec_gate,STRONG_GE_0_45,
EXHAUSTION_REVERSAL,SHORT,6,,rejection_bucket_only,100,45,5,0.05,6.970833,6.593009,0.65,5.470833,4.970833,24.617292,-16.945733,1.452713,0.4,"{""ASIA"": 22, ""LATE_US"": 19, ""LONDON"": 19, ""US"": 40}",True,NEEDS_REPLAY_SPEC,passes_repaired_replay_spec_gate,STRONG_GE_0_45,
EXHAUSTION_REVERSAL,SHORT,3,,rejection_bucket_only,100,45,5,0.05,4.422574,4.266486,0.67,2.922574,2.422574,24.617292,-16.945733,1.452713,0.4,"{""ASIA"": 22, ""LATE_US"": 19, ""LONDON"": 19, ""US"": 40}",True,NEEDS_REPLAY_SPEC,passes_repaired_replay_spec_gate,STRONG_GE_0_45,
EXHAUSTION_REVERSAL,LONG,3,,rejection_bucket_only,1,1,1,1.0,24.507246,24.507246,1.0,23.007246,22.507246,28.117059,-4.145645,6.782312,1.0,"{""US"": 1}",True,REJECT_SURFACE,events_below_50;independent_days_below_15;day_concentration_above_0_15;session_concentration_above_0_75,LOW_LT_0_25,
EXHAUSTION_REVERSAL,LONG,24,,rejection_bucket_only,1,1,1,1.0,15.849335,15.849335,1.0,14.349335,13.849335,28.117059,-4.145645,6.782312,1.0,"{""US"": 1}",True,REJECT_SURFACE,events_below_50;independent_days_below_15;day_concentration_above_0_15;session_concentration_above_0_75,LOW_LT_0_25,
EXHAUSTION_REVERSAL,LONG,6,,rejection_bucket_only,1,1,1,1.0,13.621404,13.621404,1.0,12.121404,11.621404,28.117059,-4.145645,6.782312,1.0,"{""US"": 1}",True,REJECT_SURFACE,events_below_50;independent_days_below_15;day_concentration_above_0_15;session_concentration_above_0_75,LOW_LT_0_25,
EXHAUSTION_REVERSAL,SHORT,6,,rejection_bucket_only,3,3,1,0.333333,6.27654,8.553625,1.0,4.77654,4.27654,17.942126,-17.697208,1.013839,0.666667,"{""LATE_US"": 2, ""US"": 1}",True,REJECT_SURFACE,events_below_50;independent_days_below_15;day_concentration_above_0_15,LOW_LT_0_25,
EXHAUSTION_REVERSAL,LONG,12,,rejection_bucket_only,1,1,1,1.0,5.132703,5.132703,1.0,3.632703,3.132703,28.117059,-4.145645,6.782312,1.0,"{""US"": 1}",True,REJECT_SURFACE,events_below_50;independent_days_below_15;day_concentration_above_0_15;session_concentration_above_0_75,LOW_LT_0_25,
EXHAUSTION_REVERSAL,LONG,60,,rejection_bucket_only,1,1,1,1.0,0.380722,0.380722,1.0,-1.119278,-1.619278,28.117059,-13.973925,2.012109,1.0,"{""US"": 1}",True,REJECT_SURFACE,events_below_50;independent_days_below_15;cost_0_00015_kills_edge;day_concentration_above_0_15;session_concentration_above_0_75,LOW_LT_0_25,
EXHAUSTION_REVERSAL,SHORT,3,,rejection_bucket_only,3,3,1,0.333333,-0.534778,3.144323,0.666667,-2.034778,-2.534778,17.942126,-17.697208,1.013839,0.666667,"{""LATE_US"": 2, ""US"": 1}",True,REJECT_SURFACE,events_below_50;independent_days_below_15;cost_0_00015_kills_edge;day_concentration_above_0_15,LOW_LT_0_25,
EXHAUSTION_REVERSAL,SHORT,24,,rejection_bucket_only,3,3,1,0.333333,-3.312397,16.294522,0.666667,-4.812397,-5.312397,17.942126,-17.697208,1.013839,0.666667,"{""LATE_US"": 2, ""US"": 1}",True,REJECT_SURFACE,events_below_50;independent_days_below_15;cost_0_00015_kills_edge;day_concentration_above_0_15,LOW_LT_0_25,
EXHAUSTION_REVERSAL,SHORT,12,,rejection_bucket_only,3,3,1,0.333333,-6.130644,4.468193,0.666667,-7.630644,-8.130644,17.942126,-17.697208,1.013839,0.666667,"{""LATE_US"": 2, ""US"": 1}",True,REJECT_SURFACE,events_below_50;independent_days_below_15;cost_0_00015_kills_edge;day_concentration_above_0_15,LOW_LT_0_25,
EXHAUSTION_REVERSAL,SHORT,60,,rejection_bucket_only,3,3,1,0.333333,-10.963545,-36.270378,0.333333,-12.463545,-12.963545,26.836233,-56.730468,0.473048,0.666667,"{""LATE_US"": 2, ""US"": 1}",True,REJECT_SURFACE,events_below_50;independent_days_below_15;median_return_non_positive;positive_rate_below_0_53;cost_0_00015_kills_edge;day_concentration_above_0_15;mfe_mae_ratio_below_0_8,LOW_LT_0_25,
EXHAUSTION_REVERSAL,SHORT,24,,rejection_bucket_only,78,36,6,0.076923,16.139499,16.517527,0.74359,14.639499,14.139499,29.201507,-12.554616,2.325958,0.397436,"{""ASIA"": 21, ""LATE_US"": 12, ""LONDON"": 14, ""US"": 31}",True,WATCH_SURFACE,watch_surface_below_replay_spec_gate,MID_0_25_0_45,
EXHAUSTION_REVERSAL,SHORT,12,,rejection_bucket_only,78,36,6,0.076923,14.4816,12.38677,0.769231,12.9816,12.4816,29.201507,-12.554616,2.325958,0.397436,"{""ASIA"": 21, ""LATE_US"": 12, ""LONDON"": 14, ""US"": 31}",True,WATCH_SURFACE,watch_surface_below_replay_spec_gate,MID_0_25_0_45,
EXHAUSTION_REVERSAL,LONG,60,,rejection_bucket_only,71,37,5,0.070423,12.669108,16.834851,0.676056,11.169108,10.669108,44.437207,-31.469241,1.412084,0.394366,"{""ASIA"": 21, ""LATE_US"": 8, ""LONDON"": 14, ""US"": 28}",True,WATCH_SURFACE,watch_surface_below_replay_spec_gate,MID_0_25_0_45,
EXHAUSTION_REVERSAL,SHORT,60,,rejection_bucket_only,78,36,6,0.076923,11.516448,17.820191,0.628205,10.016448,9.516448,55.078392,-38.572897,1.427904,0.397436,"{""ASIA"": 21, ""LATE_US"": 12, ""LONDON"": 14, ""US"": 31}",True,WATCH_SURFACE,watch_surface_below_replay_spec_gate,MID_0_25_0_45,
EXHAUSTION_REVERSAL,SHORT,6,,rejection_bucket_only,78,36,6,0.076923,11.151871,11.394742,0.794872,9.651871,9.151871,29.201507,-12.554616,2.325958,0.397436,"{""ASIA"": 21, ""LATE_US"": 12, ""LONDON"": 14, ""US"": 31}",True,WATCH_SURFACE,watch_surface_below_replay_spec_gate,MID_0_25_0_45,
EXHAUSTION_REVERSAL,LONG,24,,rejection_bucket_only,71,37,5,0.070423,10.305771,9.160842,0.690141,8.805771,8.305771,23.935197,-15.465487,1.547652,0.394366,"{""ASIA"": 21, ""LATE_US"": 8, ""LONDON"": 14, ""US"": 28}",True,WATCH_SURFACE,watch_surface_below_replay_spec_gate,MID_0_25_0_45,
EXHAUSTION_REVERSAL,SHORT,3,,rejection_bucket_only,78,36,6,0.076923,10.010424,9.470345,0.807692,8.510424,8.010424,29.201507,-12.554616,2.325958,0.397436,"{""ASIA"": 21, ""LATE_US"": 12, ""LONDON"": 14, ""US"": 31}",True,WATCH_SURFACE,watch_surface_below_replay_spec_gate,MID_0_25_0_45,
EXHAUSTION_REVERSAL,LONG,12,,rejection_bucket_only,71,37,5,0.070423,8.330897,5.625135,0.746479,6.830897,6.330897,23.935197,-15.465487,1.547652,0.394366,"{""ASIA"": 21, ""LATE_US"": 8, ""LONDON"": 14, ""US"": 28}",True,WATCH_SURFACE,watch_surface_below_replay_spec_gate,MID_0_25_0_45,
EXHAUSTION_REVERSAL,LONG,12,,rejection_bucket_only,89,39,10,0.11236,8.070338,10.408987,0.662921,6.570338,6.070338,25.012979,-20.660433,1.210671,0.438202,"{""ASIA"": 19, ""LATE_US"": 12, ""LONDON"": 19, ""US"": 39}",True,WATCH_SURFACE,watch_surface_below_replay_spec_gate,STRONG_GE_0_45,
EXHAUSTION_REVERSAL,LONG,60,,rejection_bucket_only,89,39,10,0.11236,7.517908,7.625343,0.640449,6.017908,5.517908,43.919772,-41.532147,1.057489,0.438202,"{""ASIA"": 19, ""LATE_US"": 12, ""LONDON"": 19, ""US"": 39}",True,WATCH_SURFACE,watch_surface_below_replay_spec_gate,STRONG_GE_0_45,
EXHAUSTION_REVERSAL,LONG,6,,rejection_bucket_only,71,37,5,0.070423,7.165371,9.408101,0.732394,5.665371,5.165371,23.935197,-15.465487,1.547652,0.394366,"{""ASIA"": 21, ""LATE_US"": 8, ""LONDON"": 14, ""US"": 28}",True,WATCH_SURFACE,watch_surface_below_replay_spec_gate,MID_0_25_0_45,
EXHAUSTION_REVERSAL,LONG,24,,rejection_bucket_only,89,39,10,0.11236,5.356444,10.282064,0.651685,3.856444,3.356444,25.012979,-20.660433,1.210671,0.438202,"{""ASIA"": 19, ""LATE_US"": 12, ""LONDON"": 19, ""US"": 39}",True,WATCH_SURFACE,watch_surface_below_replay_spec_gate,STRONG_GE_0_45,
EXHAUSTION_REVERSAL,LONG,3,,rejection_bucket_only,71,37,5,0.070423,4.33215,8.113914,0.732394,2.83215,2.33215,23.935197,-15.465487,1.547652,0.394366,"{""ASIA"": 21, ""LATE_US"": 8, ""LONDON"": 14, ""US"": 28}",True,WATCH_SURFACE,watch_surface_below_replay_spec_gate,MID_0_25_0_45,
EXHAUSTION_REVERSAL,LONG,6,,rejection_bucket_only,89,39,10,0.11236,3.983607,6.778426,0.629213,2.483607,1.983607,25.012979,-20.660433,1.210671,0.438202,"{""ASIA"": 19, ""LATE_US"": 12, ""LONDON"": 19, ""US"": 39}",True,WATCH_SURFACE,watch_surface_below_replay_spec_gate,STRONG_GE_0_45,
EXHAUSTION_REVERSAL,LONG,3,,rejection_bucket_only,89,39,10,0.11236,3.270655,3.336237,0.58427,1.770655,1.270655,25.012979,-20.660433,1.210671,0.438202,"{""ASIA"": 19, ""LATE_US"": 12, ""LONDON"": 19, ""US"": 39}",True,WATCH_SURFACE,watch_surface_below_replay_spec_gate,STRONG_GE_0_45,
VWAP_DEVIATION_REVERSION,SHORT,60,,volume_bucket_only,166,45,10,0.060241,14.939985,13.88144,0.638554,13.439985,12.939985,46.331953,-30.532583,1.517459,0.379518,"{""ASIA"": 24, ""LATE_US"": 51, ""LONDON"": 28, ""US"": 63}",True,NEEDS_REPLAY_SPEC,passes_repaired_replay_spec_gate,,Q90_95
EXHAUSTION_REVERSAL,SHORT,24,,volume_bucket_only,144,54,7,0.048611,14.788867,14.626353,0.722222,13.288867,12.788867,26.748967,-14.279711,1.873215,0.354167,"{""ASIA"": 37, ""LATE_US"": 28, ""LONDON"": 28, ""US"": 51}",True,NEEDS_REPLAY_SPEC,passes_repaired_replay_spec_gate,,Q95_PLUS
EXHAUSTION_REVERSAL,SHORT,12,,volume_bucket_only,144,54,7,0.048611,12.05092,11.622109,0.722222,10.55092,10.05092,26.748967,-14.279711,1.873215,0.354167,"{""ASIA"": 37, ""LATE_US"": 28, ""LONDON"": 28, ""US"": 51}",True,NEEDS_REPLAY_SPEC,passes_repaired_replay_spec_gate,,Q95_PLUS
VWAP_DEVIATION_REVERSION,LONG,24,,volume_bucket_only,172,45,12,0.069767,10.914598,10.971698,0.69186,9.414598,8.914598,20.853622,-11.081826,1.881786,0.331395,"{""ASIA"": 27, ""LATE_US"": 42, ""LONDON"": 46, ""US"": 57}",True,NEEDS_REPLAY_SPEC,passes_repaired_replay_spec_gate,,Q90_95
VWAP_DEVIATION_REVERSION,LONG,60,,volume_bucket_only,172,45,12,0.069767,10.730175,8.763211,0.651163,9.230175,8.730175,41.401399,-28.298985,1.462999,0.331395,"{""ASIA"": 27, ""LATE_US"": 42, ""LONDON"": 46, ""US"": 57}",True,NEEDS_REPLAY_SPEC,passes_repaired_replay_spec_gate,,Q90_95
VWAP_DEVIATION_REVERSION,LONG,60,,volume_bucket_only,460,44,25,0.054348,10.495988,8.524302,0.597826,8.995988,8.495988,40.998363,-25.517438,1.60668,0.452174,"{""ASIA"": 56, ""LATE_US"": 114, ""LONDON"": 82, ""US"": 208}",True,NEEDS_REPLAY_SPEC,passes_repaired_replay_spec_gate,,BELOW_Q75
VWAP_DEVIATION_REVERSION,LONG,24,,volume_bucket_only,460,44,25,0.054348,9.902881,6.810485,0.658696,8.402881,7.902881,19.850019,-8.415414,2.358769,0.452174,"{""ASIA"": 56, ""LATE_US"": 114, ""LONDON"": 82, ""US"": 208}",True,NEEDS_REPLAY_SPEC,passes_repaired_replay_spec_gate,,BELOW_Q75
EXHAUSTION_REVERSAL,SHORT,6,,volume_bucket_only,144,54,7,0.048611,9.565725,8.792533,0.722222,8.065725,7.565725,26.748967,-14.279711,1.873215,0.354167,"{""ASIA"": 37, ""LATE_US"": 28, ""LONDON"": 28, ""US"": 51}",True,NEEDS_REPLAY_SPEC,passes_repaired_replay_spec_gate,,Q95_PLUS
VWAP_DEVIATION_REVERSION,SHORT,60,,volume_bucket_only,327,50,21,0.06422,9.030748,10.300153,0.626911,7.530748,7.030748,42.077852,-29.025923,1.449665,0.412844,"{""ASIA"": 41, ""LATE_US"": 87, ""LONDON"": 64, ""US"": 135}",True,NEEDS_REPLAY_SPEC,passes_repaired_replay_spec_gate,,Q75_90
VWAP_DEVIATION_REVERSION,SHORT,24,,volume_bucket_only,319,53,17,0.053292,8.830329,9.346195,0.667712,7.330329,6.830329,21.888409,-13.587303,1.610946,0.341693,"{""ASIA"": 46, ""LATE_US"": 86, ""LONDON"": 78, ""US"": 109}",True,NEEDS_REPLAY_SPEC,passes_repaired_replay_spec_gate,,Q95_PLUS
VWAP_DEVIATION_REVERSION,LONG,12,,volume_bucket_only,172,45,12,0.069767,8.816183,8.054645,0.72093,7.316183,6.816183,20.853622,-11.081826,1.881786,0.331395,"{""ASIA"": 27, ""LATE_US"": 42, ""LONDON"": 46, ""US"": 57}",True,NEEDS_REPLAY_SPEC,passes_repaired_replay_spec_gate,,Q90_95
VWAP_DEVIATION_REVERSION,SHORT,24,,volume_bucket_only,166,45,10,0.060241,8.362658,9.237121,0.626506,6.862658,6.362658,19.302876,-12.552628,1.537756,0.379518,"{""ASIA"": 24, ""LATE_US"": 51, ""LONDON"": 28, ""US"": 63}",True,NEEDS_REPLAY_SPEC,passes_repaired_replay_spec_gate,,Q90_95
EXHAUSTION_REVERSAL,SHORT,60,,volume_bucket_only,144,54,7,0.048611,8.285935,11.136679,0.618056,6.785935,6.285935,51.342219,-39.702036,1.293189,0.354167,"{""ASIA"": 37, ""LATE_US"": 28, ""LONDON"": 28, ""US"": 51}",True,NEEDS_REPLAY_SPEC,passes_repaired_replay_spec_gate,,Q95_PLUS
EXHAUSTION_REVERSAL,SHORT,3,,volume_bucket_only,144,54,7,0.048611,8.198162,7.946694,0.75,6.698162,6.198162,26.748967,-14.279711,1.873215,0.354167,"{""ASIA"": 37, ""LATE_US"": 28, ""LONDON"": 28, ""US"": 51}",True,NEEDS_REPLAY_SPEC,passes_repaired_replay_spec_gate,,Q95_PLUS
VWAP_DEVIATION_REVERSION,LONG,12,,volume_bucket_only,460,44,25,0.054348,8.179231,6.024556,0.680435,6.679231,6.179231,19.850019,-8.415414,2.358769,0.452174,"{""ASIA"": 56, ""LATE_US"": 114, ""LONDON"": 82, ""US"": 208}",True,NEEDS_REPLAY_SPEC,passes_repaired_replay_spec_gate,,BELOW_Q75
EXHAUSTION_REVERSAL,LONG,12,,volume_bucket_only,129,47,7,0.054264,8.167197,8.106128,0.713178,6.667197,6.167197,24.254372,-17.544653,1.382437,0.426357,"{""ASIA"": 32, ""LATE_US"": 16, ""LONDON"": 26, ""US"": 55}",True,NEEDS_REPLAY_SPEC,passes_repaired_replay_spec_gate,,Q95_PLUS
VWAP_DEVIATION_REVERSION,SHORT,12,,volume_bucket_only,327,50,21,0.06422,7.98285,6.563305,0.672783,6.48285,5.98285,20.223943,-10.937352,1.849071,0.412844,"{""ASIA"": 41, ""LATE_US"": 87, ""LONDON"": 64, ""US"": 135}",True,NEEDS_REPLAY_SPEC,passes_repaired_replay_spec_gate,,Q75_90
VWAP_DEVIATION_REVERSION,SHORT,12,,volume_bucket_only,320,53,17,0.053125,7.770339,7.082337,0.65625,6.270339,5.770339,21.877064,-13.549885,1.614557,0.340625,"{""ASIA"": 46, ""LATE_US"": 86, ""LONDON"": 79, ""US"": 109}",True,NEEDS_REPLAY_SPEC,passes_repaired_replay_spec_gate,,Q95_PLUS
VWAP_DEVIATION_REVERSION,SHORT,24,,volume_bucket_only,327,50,21,0.06422,7.734783,7.767789,0.651376,6.234783,5.734783,20.223943,-10.937352,1.849071,0.412844,"{""ASIA"": 41, ""LATE_US"": 87, ""LONDON"": 64, ""US"": 135}",True,NEEDS_REPLAY_SPEC,passes_repaired_replay_spec_gate,,Q75_90
VWAP_DEVIATION_REVERSION,LONG,24,,volume_bucket_only,319,48,19,0.059561,7.601617,6.968196,0.642633,6.101617,5.601617,20.968846,-13.715902,1.528798,0.373041,"{""ASIA"": 46, ""LATE_US"": 60, ""LONDON"": 94, ""US"": 119}",True,NEEDS_REPLAY_SPEC,passes_repaired_replay_spec_gate,,Q95_PLUS
VWAP_DEVIATION_REVERSION,LONG,12,,volume_bucket_only,319,48,19,0.059561,7.488437,7.445336,0.661442,5.988437,5.488437,20.968846,-13.715902,1.528798,0.373041,"{""ASIA"": 46, ""LATE_US"": 60, ""LONDON"": 94, ""US"": 119}",True,NEEDS_REPLAY_SPEC,passes_repaired_replay_spec_gate,,Q95_PLUS
VWAP_DEVIATION_REVERSION,SHORT,24,,volume_bucket_only,471,51,31,0.065817,7.487076,7.293367,0.613588,5.987076,5.487076,19.560854,-9.123864,2.143922,0.386412,"{""ASIA"": 60, ""LATE_US"": 138, ""LONDON"": 91, ""US"": 182}",True,NEEDS_REPLAY_SPEC,passes_repaired_replay_spec_gate,,BELOW_Q75
VWAP_DEVIATION_REVERSION,SHORT,60,,volume_bucket_only,318,53,17,0.053459,7.063475,10.167748,0.59434,5.563475,5.063475,44.375129,-36.049668,1.230944,0.342767,"{""ASIA"": 46, ""LATE_US"": 86, ""LONDON"": 77, ""US"": 109}",True,NEEDS_REPLAY_SPEC,passes_repaired_replay_spec_gate,,Q95_PLUS
VWAP_DEVIATION_REVERSION,SHORT,12,,volume_bucket_only,472,51,31,0.065678,7.042594,6.578933,0.684322,5.542594,5.042594,19.558282,-9.109224,2.147085,0.385593,"{""ASIA"": 60, ""LATE_US"": 138, ""LONDON"": 92, ""US"": 182}",True,NEEDS_REPLAY_SPEC,passes_repaired_replay_spec_gate,,BELOW_Q75
VWAP_DEVIATION_REVERSION,LONG,60,,volume_bucket_only,319,48,19,0.059561,7.010947,8.63887,0.62069,5.510947,5.010947,39.423898,-32.204897,1.224158,0.373041,"{""ASIA"": 46, ""LATE_US"": 60, ""LONDON"": 94, ""US"": 119}",True,NEEDS_REPLAY_SPEC,passes_repaired_replay_spec_gate,,Q95_PLUS
EXHAUSTION_REVERSAL,LONG,24,,volume_bucket_only,129,47,7,0.054264,6.584079,7.705527,0.658915,5.084079,4.584079,24.254372,-17.544653,1.382437,0.426357,"{""ASIA"": 32, ""LATE_US"": 16, ""LONDON"": 26, ""US"": 55}",True,NEEDS_REPLAY_SPEC,passes_repaired_replay_spec_gate,,Q95_PLUS
VWAP_DEVIATION_REVERSION,LONG,6,,volume_bucket_only,460,44,25,0.054348,6.561079,4.875253,0.673913,5.061079,4.561079,19.850019,-8.415414,2.358769,0.452174,"{""ASIA"": 56, ""LATE_US"": 114, ""LONDON"": 82, ""US"": 208}",True,NEEDS_REPLAY_SPEC,passes_repaired_replay_spec_gate,,BELOW_Q75
EXHAUSTION_REVERSAL,LONG,60,,volume_bucket_only,129,47,7,0.054264,6.460803,7.583854,0.604651,4.960803,4.460803,43.435622,-38.327191,1.133285,0.426357,"{""ASIA"": 32, ""LATE_US"": 16, ""LONDON"": 26, ""US"": 55}",True,NEEDS_REPLAY_SPEC,passes_repaired_replay_spec_gate,,Q95_PLUS
VWAP_DEVIATION_REVERSION,SHORT,6,,volume_bucket_only,320,53,17,0.053125,6.202563,5.389826,0.65,4.702563,4.202563,21.877064,-13.549885,1.614557,0.340625,"{""ASIA"": 46, ""LATE_US"": 86, ""LONDON"": 79, ""US"": 109}",True,NEEDS_REPLAY_SPEC,passes_repaired_replay_spec_gate,,Q95_PLUS
VWAP_DEVIATION_REVERSION,SHORT,6,,volume_bucket_only,472,51,31,0.065678,6.178814,5.196195,0.684322,4.678814,4.178814,19.558282,-9.109224,2.147085,0.385593,"{""ASIA"": 60, ""LATE_US"": 138, ""LONDON"": 92, ""US"": 182}",True,NEEDS_REPLAY_SPEC,passes_repaired_replay_spec_gate,,BELOW_Q75
VWAP_DEVIATION_REVERSION,SHORT,12,,volume_bucket_only,166,45,10,0.060241,5.955758,6.610114,0.692771,4.455758,3.955758,19.302876,-12.552628,1.537756,0.379518,"{""ASIA"": 24, ""LATE_US"": 51, ""LONDON"": 28, ""US"": 63}",True,NEEDS_REPLAY_SPEC,passes_repaired_replay_spec_gate,,Q90_95
VWAP_DEVIATION_REVERSION,LONG,6,,volume_bucket_only,172,45,12,0.069767,5.863665,5.828201,0.651163,4.363665,3.863665,20.853622,-11.081826,1.881786,0.331395,"{""ASIA"": 27, ""LATE_US"": 42, ""LONDON"": 46, ""US"": 57}",True,NEEDS_REPLAY_SPEC,passes_repaired_replay_spec_gate,,Q90_95
VWAP_DEVIATION_REVERSION,SHORT,60,,volume_bucket_only,471,51,31,0.065817,5.810799,7.425702,0.585987,4.310799,3.810799,39.793346,-27.64202,1.439596,0.386412,"{""ASIA"": 60, ""LATE_US"": 138, ""LONDON"": 91, ""US"": 182}",True,NEEDS_REPLAY_SPEC,passes_repaired_replay_spec_gate,,BELOW_Q75
EXHAUSTION_REVERSAL,LONG,6,,volume_bucket_only,129,47,7,0.054264,5.702807,7.689801,0.697674,4.202807,3.702807,24.254372,-17.544653,1.382437,0.426357,"{""ASIA"": 32, ""LATE_US"": 16, ""LONDON"": 26, ""US"": 55}",True,NEEDS_REPLAY_SPEC,passes_repaired_replay_spec_gate,,Q95_PLUS
VWAP_DEVIATION_REVERSION,SHORT,6,,volume_bucket_only,327,50,21,0.06422,5.539306,4.379524,0.66055,4.039306,3.539306,20.223943,-10.937352,1.849071,0.412844,"{""ASIA"": 41, ""LATE_US"": 87, ""LONDON"": 64, ""US"": 135}",True,NEEDS_REPLAY_SPEC,passes_repaired_replay_spec_gate,,Q75_90
VWAP_DEVIATION_REVERSION,SHORT,3,,volume_bucket_only,320,53,17,0.053125,5.381332,4.213265,0.66875,3.881332,3.381332,21.877064,-13.549885,1.614557,0.340625,"{""ASIA"": 46, ""LATE_US"": 86, ""LONDON"": 79, ""US"": 109}",True,NEEDS_REPLAY_SPEC,passes_repaired_replay_spec_gate,,Q95_PLUS
VWAP_DEVIATION_REVERSION,LONG,6,,volume_bucket_only,320,45,22,0.06875,5.312726,5.029644,0.703125,3.812726,3.312726,18.124326,-10.262075,1.766146,0.434375,"{""ASIA"": 35, ""LATE_US"": 78, ""LONDON"": 68, ""US"": 139}",True,NEEDS_REPLAY_SPEC,passes_repaired_replay_spec_gate,,Q75_90
VWAP_DEVIATION_REVERSION,LONG,12,,volume_bucket_only,320,45,22,0.06875,5.24647,4.974103,0.665625,3.74647,3.24647,18.124326,-10.262075,1.766146,0.434375,"{""ASIA"": 35, ""LATE_US"": 78, ""LONDON"": 68, ""US"": 139}",True,NEEDS_REPLAY_SPEC,passes_repaired_replay_spec_gate,,Q75_90
VWAP_DEVIATION_REVERSION,LONG,3,,volume_bucket_only,172,45,12,0.069767,5.042319,4.793007,0.697674,3.542319,3.042319,20.853622,-11.081826,1.881786,0.331395,"{""ASIA"": 27, ""LATE_US"": 42, ""LONDON"": 46, ""US"": 57}",True,NEEDS_REPLAY_SPEC,passes_repaired_replay_spec_gate,,Q90_95
VWAP_DEVIATION_REVERSION,LONG,6,,volume_bucket_only,319,48,19,0.059561,4.955172,4.934904,0.633229,3.455172,2.955172,20.968846,-13.715902,1.528798,0.373041,"{""ASIA"": 46, ""LATE_US"": 60, ""LONDON"": 94, ""US"": 119}",True,NEEDS_REPLAY_SPEC,passes_repaired_replay_spec_gate,,Q95_PLUS
VWAP_DEVIATION_REVERSION,LONG,3,,volume_bucket_only,319,48,19,0.059561,4.596028,3.735621,0.639498,3.096028,2.596028,20.968846,-13.715902,1.528798,0.373041,"{""ASIA"": 46, ""LATE_US"": 60, ""LONDON"": 94, ""US"": 119}",True,NEEDS_REPLAY_SPEC,passes_repaired_replay_spec_gate,,Q95_PLUS
VWAP_DEVIATION_REVERSION,LONG,3,,volume_bucket_only,460,44,25,0.054348,4.368296,3.388489,0.665217,2.868296,2.368296,19.850019,-8.415414,2.358769,0.452174,"{""ASIA"": 56, ""LATE_US"": 114, ""LONDON"": 82, ""US"": 208}",True,NEEDS_REPLAY_SPEC,passes_repaired_replay_spec_gate,,BELOW_Q75
VWAP_DEVIATION_REVERSION,SHORT,6,,volume_bucket_only,166,45,10,0.060241,4.280824,4.401909,0.674699,2.780824,2.280824,19.302876,-12.552628,1.537756,0.379518,"{""ASIA"": 24, ""LATE_US"": 51, ""LONDON"": 28, ""US"": 63}",True,NEEDS_REPLAY_SPEC,passes_repaired_replay_spec_gate,,Q90_95
VWAP_DEVIATION_REVERSION,SHORT,3,,volume_bucket_only,472,51,31,0.065678,4.246844,3.170389,0.65678,2.746844,2.246844,19.558282,-9.109224,2.147085,0.385593,"{""ASIA"": 60, ""LATE_US"": 138, ""LONDON"": 92, ""US"": 182}",True,NEEDS_REPLAY_SPEC,passes_repaired_replay_spec_gate,,BELOW_Q75
VWAP_DEVIATION_REVERSION,LONG,24,,volume_bucket_only,320,45,22,0.06875,4.243863,5.540151,0.628125,2.743863,2.243863,18.124326,-10.262075,1.766146,0.434375,"{""ASIA"": 35, ""LATE_US"": 78, ""LONDON"": 68, ""US"": 139}",True,NEEDS_REPLAY_SPEC,passes_repaired_replay_spec_gate,,Q75_90
VWAP_DEVIATION_REVERSION,SHORT,3,,volume_bucket_only,327,50,21,0.06422,4.098526,3.198976,0.654434,2.598526,2.098526,20.223943,-10.937352,1.849071,0.412844,"{""ASIA"": 41, ""LATE_US"": 87, ""LONDON"": 64, ""US"": 135}",True,NEEDS_REPLAY_SPEC,passes_repaired_replay_spec_gate,,Q75_90
VWAP_DEVIATION_REVERSION,LONG,60,,volume_bucket_only,320,45,22,0.06875,4.036039,6.78779,0.59375,2.536039,2.036039,35.995735,-30.4317,1.182837,0.434375,"{""ASIA"": 35, ""LATE_US"": 78, ""LONDON"": 68, ""US"": 139}",True,NEEDS_REPLAY_SPEC,passes_repaired_replay_spec_gate,,Q75_90
EXHAUSTION_REVERSAL,LONG,3,,volume_bucket_only,129,47,7,0.054264,3.643925,5.168079,0.635659,2.143925,1.643925,24.254372,-17.544653,1.382437,0.426357,"{""ASIA"": 32, ""LATE_US"": 16, ""LONDON"": 26, ""US"": 55}",True,NEEDS_REPLAY_SPEC,passes_repaired_replay_spec_gate,,Q95_PLUS
VWAP_DEVIATION_REVERSION,SHORT,3,,volume_bucket_only,165,45,10,0.060606,3.108413,3.319935,0.69697,1.608413,1.108413,19.345954,-12.628704,1.531903,0.375758,"{""ASIA"": 24, ""LATE_US"": 51, ""LONDON"": 28, ""US"": 62}",True,NEEDS_REPLAY_SPEC,passes_repaired_replay_spec_gate,,Q90_95
VWAP_DEVIATION_REVERSION,LONG,3,,volume_bucket_only,320,45,22,0.06875,2.997788,3.148668,0.653125,1.497788,0.997788,18.124326,-10.262075,1.766146,0.434375,"{""ASIA"": 35, ""LATE_US"": 78, ""LONDON"": 68, ""US"": 139}",True,NEEDS_REPLAY_SPEC,passes_repaired_replay_spec_gate,,Q75_90
EXHAUSTION_REVERSAL,LONG,60,,volume_bucket_only,32,27,3,0.09375,22.985549,22.238928,0.875,21.485549,20.985549,46.525728,-31.263859,1.488163,0.40625,"{""ASIA"": 8, ""LATE_US"": 4, ""LONDON"": 7, ""US"": 13}",True,REJECT_SURFACE,events_below_50,,Q90_95
EXHAUSTION_REVERSAL,SHORT,60,,volume_bucket_only,37,24,3,0.081081,15.523529,13.870016,0.675676,14.023529,13.523529,52.889057,-38.997631,1.356212,0.567568,"{""ASIA"": 6, ""LATE_US"": 5, ""LONDON"": 5, ""US"": 21}",True,REJECT_SURFACE,events_below_50,,Q90_95
EXHAUSTION_REVERSAL,LONG,24,,volume_bucket_only,32,27,3,0.09375,11.716763,19.759245,0.71875,10.216763,9.716763,25.776785,-21.178547,1.217118,0.40625,"{""ASIA"": 8, ""LATE_US"": 4, ""LONDON"": 7, ""US"": 13}",True,REJECT_SURFACE,events_below_50,,Q90_95
EXHAUSTION_REVERSAL,SHORT,12,,volume_bucket_only,37,24,3,0.081081,10.772321,12.052689,0.756757,9.272321,8.772321,25.443833,-18.125586,1.403752,0.567568,"{""ASIA"": 6, ""LATE_US"": 5, ""LONDON"": 5, ""US"": 21}",True,REJECT_SURFACE,events_below_50,,Q90_95
EXHAUSTION_REVERSAL,LONG,12,,volume_bucket_only,32,27,3,0.09375,8.166188,10.575333,0.65625,6.666188,6.166188,25.776785,-21.178547,1.217118,0.40625,"{""ASIA"": 8, ""LATE_US"": 4, ""LONDON"": 7, ""US"": 13}",True,REJECT_SURFACE,events_below_50,,Q90_95
EXHAUSTION_REVERSAL,SHORT,24,,volume_bucket_only,37,24,3,0.081081,7.065525,11.220306,0.648649,5.565525,5.065525,25.443833,-18.125586,1.403752,0.567568,"{""ASIA"": 6, ""LATE_US"": 5, ""LONDON"": 5, ""US"": 21}",True,REJECT_SURFACE,events_below_50,,Q90_95
EXHAUSTION_REVERSAL,SHORT,6,,volume_bucket_only,37,24,3,0.081081,5.62958,4.656121,0.702703,4.12958,3.62958,25.443833,-18.125586,1.403752,0.567568,"{""ASIA"": 6, ""LATE_US"": 5, ""LONDON"": 5, ""US"": 21}",True,REJECT_SURFACE,events_below_50,,Q90_95
EXHAUSTION_REVERSAL,LONG,3,,volume_bucket_only,32,27,3,0.09375,4.784745,4.314672,0.71875,3.284745,2.784745,25.776785,-21.178547,1.217118,0.40625,"{""ASIA"": 8, ""LATE_US"": 4, ""LONDON"": 7, ""US"": 13}",True,REJECT_SURFACE,events_below_50,,Q90_95
EXHAUSTION_REVERSAL,LONG,6,,volume_bucket_only,32,27,3,0.09375,4.413804,7.786532,0.59375,2.913804,2.413804,25.776785,-21.178547,1.217118,0.40625,"{""ASIA"": 8, ""LATE_US"": 4, ""LONDON"": 7, ""US"": 13}",True,REJECT_SURFACE,events_below_50,,Q90_95
EXHAUSTION_REVERSAL,SHORT,3,,volume_bucket_only,37,24,3,0.081081,1.10624,2.250897,0.648649,-0.39376,-0.89376,25.443833,-18.125586,1.403752,0.567568,"{""ASIA"": 6, ""LATE_US"": 5, ""LONDON"": 5, ""US"": 21}",True,REJECT_SURFACE,events_below_50;cost_0_00015_kills_edge,,Q90_95
