candidate_id,event_id,family,side,event_time,signal_close_time,entry_time,entry_price,stop_price,target_price,expiry_bars,expiry_time,event_high,event_low,entry_day_vwap,vwap_distance_bucket,volume_bucket,rejection_bucket,session,regime,source_event_file,source_feature_file,rule_version,valid_for_replay,invalid_reason
CAND_BTC_EXH_SHORT_24_V1,abcd5258cf30bae6,EXHAUSTION_REVERSAL,SHORT,2026-03-12T09:46:00+00:00,2026-03-12T09:46:00+00:00,2026-03-12T09:47:00+00:00,70254.6,70377.7,69662.72582262,24,2026-03-12T10:11:00+00:00,70377.7,70224.9,69662.72582262,VWAP_60_100BP,Q95_PLUS,STRONG_GE_0_45,LONDON,REVERSAL_CANDIDATE,research/results/sprint_06_discovery_events.csv,research/results/sprint_06_discovery_features.csv,SPRINT08_BTC_FORMAL_REPLAY_V1,True,PASS
CAND_BTC_EXH_SHORT_24_V1,4013441a842344c4,EXHAUSTION_REVERSAL,SHORT,2026-03-12T11:42:00+00:00,2026-03-12T11:42:00+00:00,2026-03-12T11:43:00+00:00,70695.1,70724.3,69796.30712451,24,2026-03-12T12:07:00+00:00,70724.3,70627.3,69796.30712451,VWAP_100_200BP,Q95_PLUS,MID_0_25_0_45,LONDON,EXPANSION,research/results/sprint_06_discovery_events.csv,research/results/sprint_06_discovery_features.csv,SPRINT08_BTC_FORMAL_REPLAY_V1,True,PASS
CAND_BTC_EXH_SHORT_24_V1,f739af7aeb3af47c,EXHAUSTION_REVERSAL,SHORT,2026-03-12T14:16:00+00:00,2026-03-12T14:16:00+00:00,2026-03-12T14:17:00+00:00,70394.6,70625.0,69914.95300743,24,2026-03-12T14:41:00+00:00,70625.0,70336.5,69914.95300743,VWAP_60_100BP,Q95_PLUS,STRONG_GE_0_45,US,REVERSAL_CANDIDATE,research/results/sprint_06_discovery_events.csv,research/results/sprint_06_discovery_features.csv,SPRINT08_BTC_FORMAL_REPLAY_V1,True,PASS
CAND_BTC_EXH_SHORT_24_V1,fb9a99fdb240a4c5,EXHAUSTION_REVERSAL,SHORT,2026-03-12T16:46:00+00:00,2026-03-12T16:46:00+00:00,2026-03-12T16:47:00+00:00,70309.1,70450.0,69936.3727364,24,2026-03-12T17:11:00+00:00,70450.0,70309.0,69936.3727364,VWAP_45_60BP,Q90_95,STRONG_GE_0_45,US,REVERSAL_CANDIDATE,research/results/sprint_06_discovery_events.csv,research/results/sprint_06_discovery_features.csv,SPRINT08_BTC_FORMAL_REPLAY_V1,True,PASS
CAND_BTC_EXH_SHORT_24_V1,2667c612104d5276,EXHAUSTION_REVERSAL,SHORT,2026-03-12T23:16:00+00:00,2026-03-12T23:16:00+00:00,2026-03-12T23:17:00+00:00,70451.9,70485.7,69982.84899585,24,2026-03-12T23:41:00+00:00,70485.7,70426.2,69982.84899585,VWAP_60_100BP,Q90_95,STRONG_GE_0_45,LATE_US,REVERSAL_CANDIDATE,research/results/sprint_06_discovery_events.csv,research/results/sprint_06_discovery_features.csv,SPRINT08_BTC_FORMAL_REPLAY_V1,True,PASS
CAND_BTC_EXH_SHORT_24_V1,2585eec8c400d261,EXHAUSTION_REVERSAL,SHORT,2026-03-13T00:16:00+00:00,2026-03-13T00:16:00+00:00,2026-03-13T00:17:00+00:00,71374.8,71488.0,71084.00595611,24,2026-03-13T00:41:00+00:00,71488.0,71065.1,71084.00595611,VWAP_45_60BP,Q95_PLUS,MID_0_25_0_45,ASIA,CHOP,research/results/sprint_06_discovery_events.csv,research/results/sprint_06_discovery_features.csv,SPRINT08_BTC_FORMAL_REPLAY_V1,True,PASS
CAND_BTC_EXH_SHORT_24_V1,afbf51a169184786,EXHAUSTION_REVERSAL,SHORT,2026-03-13T00:32:00+00:00,2026-03-13T00:32:00+00:00,2026-03-13T00:33:00+00:00,71874.1,71940.0,71314.49606524,24,2026-03-13T00:57:00+00:00,71940.0,71721.2,71314.49606524,VWAP_60_100BP,Q90_95,MID_0_25_0_45,ASIA,CHOP,research/results/sprint_06_discovery_events.csv,research/results/sprint_06_discovery_features.csv,SPRINT08_BTC_FORMAL_REPLAY_V1,True,PASS
CAND_BTC_EXH_SHORT_24_V1,7eb923e26780db88,EXHAUSTION_REVERSAL,SHORT,2026-03-13T08:38:00+00:00,2026-03-13T08:38:00+00:00,2026-03-13T08:39:00+00:00,71867.4,72156.4,71418.370644,24,2026-03-13T09:03:00+00:00,72156.4,71866.7,71418.370644,VWAP_60_100BP,Q95_PLUS,STRONG_GE_0_45,LONDON,REVERSAL_CANDIDATE,research/results/sprint_06_discovery_events.csv,research/results/sprint_06_discovery_features.csv,SPRINT08_BTC_FORMAL_REPLAY_V1,True,PASS
CAND_BTC_EXH_SHORT_24_V1,b02fec8728c8c090,EXHAUSTION_REVERSAL,SHORT,2026-03-13T10:02:00+00:00,2026-03-13T10:02:00+00:00,2026-03-13T10:03:00+00:00,72120.8,72235.0,71501.38963235,24,2026-03-13T10:27:00+00:00,72235.0,71987.8,71501.38963235,VWAP_60_100BP,Q95_PLUS,STRONG_GE_0_45,LONDON,REVERSAL_CANDIDATE,research/results/sprint_06_discovery_events.csv,research/results/sprint_06_discovery_features.csv,SPRINT08_BTC_FORMAL_REPLAY_V1,True,PASS
CAND_BTC_EXH_SHORT_24_V1,67a86d6f2ba26db2,EXHAUSTION_REVERSAL,SHORT,2026-03-13T12:49:00+00:00,2026-03-13T12:49:00+00:00,2026-03-13T12:50:00+00:00,72804.2,72882.8,71704.63381439,24,2026-03-13T13:14:00+00:00,72882.8,72577.7,71704.63381439,VWAP_100_200BP,Q95_PLUS,MID_0_25_0_45,LONDON,EXPANSION,research/results/sprint_06_discovery_events.csv,research/results/sprint_06_discovery_features.csv,SPRINT08_BTC_FORMAL_REPLAY_V1,True,PASS
CAND_BTC_EXH_SHORT_24_V1,affbaec560d694eb,EXHAUSTION_REVERSAL,SHORT,2026-03-13T13:31:00+00:00,2026-03-13T13:31:00+00:00,2026-03-13T13:32:00+00:00,73139.0,73256.7,71834.93180121,24,2026-03-13T13:56:00+00:00,73256.7,72979.5,71834.93180121,VWAP_100_200BP,Q90_95,MID_0_25_0_45,US,REVERSAL_CANDIDATE,research/results/sprint_06_discovery_events.csv,research/results/sprint_06_discovery_features.csv,SPRINT08_BTC_FORMAL_REPLAY_V1,True,PASS
CAND_BTC_EXH_SHORT_24_V1,8b7539dbd5f3d9e2,EXHAUSTION_REVERSAL,SHORT,2026-03-13T15:16:00+00:00,2026-03-13T15:16:00+00:00,2026-03-13T15:17:00+00:00,72734.9,72799.8,72182.11671644,24,2026-03-13T15:41:00+00:00,72799.8,72612.0,72182.11671644,VWAP_60_100BP,Q90_95,MID_0_25_0_45,US,EXPANSION,research/results/sprint_06_discovery_events.csv,research/results/sprint_06_discovery_features.csv,SPRINT08_BTC_FORMAL_REPLAY_V1,True,PASS
CAND_BTC_EXH_SHORT_24_V1,7ef707943249ee03,EXHAUSTION_REVERSAL,SHORT,2026-03-14T23:07:00+00:00,2026-03-14T23:07:00+00:00,2026-03-14T23:08:00+00:00,71020.9,71071.9,70706.97680134,24,2026-03-14T23:32:00+00:00,71071.9,70874.9,70706.97680134,VWAP_45_60BP,Q95_PLUS,MID_0_25_0_45,LATE_US,EXPANSION,research/results/sprint_06_discovery_events.csv,research/results/sprint_06_discovery_features.csv,SPRINT08_BTC_FORMAL_REPLAY_V1,True,PASS
CAND_BTC_EXH_SHORT_24_V1,1cf33b57c80f96da,EXHAUSTION_REVERSAL,SHORT,2026-03-15T02:49:00+00:00,2026-03-15T02:49:00+00:00,2026-03-15T02:50:00+00:00,71492.6,71549.7,71161.35750304,24,2026-03-15T03:14:00+00:00,71549.7,71361.5,71161.35750304,VWAP_45_60BP,Q95_PLUS,MID_0_25_0_45,ASIA,EXPANSION,research/results/sprint_06_discovery_events.csv,research/results/sprint_06_discovery_features.csv,SPRINT08_BTC_FORMAL_REPLAY_V1,True,PASS
CAND_BTC_EXH_SHORT_24_V1,9798f67112292b58,EXHAUSTION_REVERSAL,SHORT,2026-03-15T04:18:00+00:00,2026-03-15T04:18:00+00:00,2026-03-15T04:19:00+00:00,71583.8,71621.1,71260.2541657,24,2026-03-15T04:43:00+00:00,71621.1,71580.8,71260.2541657,VWAP_45_60BP,Q90_95,STRONG_GE_0_45,ASIA,REVERSAL_CANDIDATE,research/results/sprint_06_discovery_events.csv,research/results/sprint_06_discovery_features.csv,SPRINT08_BTC_FORMAL_REPLAY_V1,True,PASS
CAND_BTC_EXH_SHORT_24_V1,c02fc2b590c5c914,EXHAUSTION_REVERSAL,SHORT,2026-03-15T17:55:00+00:00,2026-03-15T17:55:00+00:00,2026-03-15T17:56:00+00:00,71934.2,71971.8,71483.17299895,24,2026-03-15T18:20:00+00:00,71971.8,71851.5,71483.17299895,VWAP_60_100BP,Q95_PLUS,MID_0_25_0_45,US,EXPANSION,research/results/sprint_06_discovery_events.csv,research/results/sprint_06_discovery_features.csv,SPRINT08_BTC_FORMAL_REPLAY_V1,True,PASS
CAND_BTC_EXH_SHORT_24_V1,037b43e07d951c7e,EXHAUSTION_REVERSAL,SHORT,2026-03-15T20:41:00+00:00,2026-03-15T20:41:00+00:00,2026-03-15T20:42:00+00:00,71779.3,71899.6,71494.24956036,24,2026-03-15T21:06:00+00:00,71899.6,71779.4,71494.24956036,VWAP_45_60BP,Q95_PLUS,STRONG_GE_0_45,LATE_US,REVERSAL_CANDIDATE,research/results/sprint_06_discovery_events.csv,research/results/sprint_06_discovery_features.csv,SPRINT08_BTC_FORMAL_REPLAY_V1,True,PASS
CAND_BTC_EXH_SHORT_24_V1,75f24bcb39a36019,EXHAUSTION_REVERSAL,SHORT,2026-03-15T21:39:00+00:00,2026-03-15T21:39:00+00:00,2026-03-15T21:40:00+00:00,72112.5,72200.0,71519.22356743,24,2026-03-15T22:04:00+00:00,72200.0,72079.3,71519.22356743,VWAP_60_100BP,Q95_PLUS,STRONG_GE_0_45,LATE_US,REVERSAL_CANDIDATE,research/results/sprint_06_discovery_events.csv,research/results/sprint_06_discovery_features.csv,SPRINT08_BTC_FORMAL_REPLAY_V1,True,PASS
CAND_BTC_EXH_SHORT_24_V1,33b8f550d915d2a7,EXHAUSTION_REVERSAL,SHORT,2026-03-15T22:53:00+00:00,2026-03-15T22:53:00+00:00,2026-03-15T22:54:00+00:00,72992.0,73130.2,71653.80343883,24,2026-03-15T23:18:00+00:00,73130.2,72606.1,71653.80343883,VWAP_100_200BP,Q95_PLUS,MID_0_25_0_45,LATE_US,EXPANSION,research/results/sprint_06_discovery_events.csv,research/results/sprint_06_discovery_features.csv,SPRINT08_BTC_FORMAL_REPLAY_V1,True,PASS
CAND_BTC_EXH_SHORT_24_V1,4671e1b5eb4d7994,EXHAUSTION_REVERSAL,SHORT,2026-03-15T23:07:00+00:00,2026-03-15T23:07:00+00:00,2026-03-15T23:08:00+00:00,73097.5,73199.9,71708.87128941,24,2026-03-15T23:32:00+00:00,73199.9,72962.3,71708.87128941,VWAP_100_200BP,Q95_PLUS,MID_0_25_0_45,LATE_US,REVERSAL_CANDIDATE,research/results/sprint_06_discovery_events.csv,research/results/sprint_06_discovery_features.csv,SPRINT08_BTC_FORMAL_REPLAY_V1,True,PASS
CAND_BTC_EXH_SHORT_24_V1,95cdc6c00b4525b9,EXHAUSTION_REVERSAL,SHORT,2026-03-16T03:39:00+00:00,2026-03-16T03:39:00+00:00,2026-03-16T03:40:00+00:00,73901.5,74096.4,73152.46767619,24,2026-03-16T04:04:00+00:00,74096.4,73845.1,73152.46767619,VWAP_100_200BP,Q95_PLUS,STRONG_GE_0_45,ASIA,REVERSAL_CANDIDATE,research/results/sprint_06_discovery_events.csv,research/results/sprint_06_discovery_features.csv,SPRINT08_BTC_FORMAL_REPLAY_V1,True,PASS
CAND_BTC_EXH_SHORT_24_V1,e9753b8de29fa7f2,EXHAUSTION_REVERSAL,SHORT,2026-03-16T11:01:00+00:00,2026-03-16T11:01:00+00:00,2026-03-16T11:02:00+00:00,73740.5,73856.6,73514.01070318,24,2026-03-16T11:26:00+00:00,73856.6,73712.2,73514.01070318,VWAP_45_60BP,Q90_95,STRONG_GE_0_45,LONDON,REVERSAL_CANDIDATE,research/results/sprint_06_discovery_events.csv,research/results/sprint_06_discovery_features.csv,SPRINT08_BTC_FORMAL_REPLAY_V1,True,PASS
CAND_BTC_EXH_SHORT_24_V1,642fcbd84294b9c1,EXHAUSTION_REVERSAL,SHORT,2026-03-16T12:33:00+00:00,2026-03-16T12:33:00+00:00,2026-03-16T12:34:00+00:00,73986.3,74032.4,73527.67846797,24,2026-03-16T12:58:00+00:00,74032.4,73860.5,73527.67846797,VWAP_60_100BP,Q95_PLUS,MID_0_25_0_45,LONDON,EXPANSION,research/results/sprint_06_discovery_events.csv,research/results/sprint_06_discovery_features.csv,SPRINT08_BTC_FORMAL_REPLAY_V1,True,PASS
CAND_BTC_EXH_SHORT_24_V1,505d95482fe77cf0,EXHAUSTION_REVERSAL,SHORT,2026-03-16T13:42:00+00:00,2026-03-16T13:42:00+00:00,2026-03-16T13:43:00+00:00,74367.2,74481.5,73570.37937406,24,2026-03-16T14:07:00+00:00,74481.5,74330.0,73570.37937406,VWAP_100_200BP,Q90_95,STRONG_GE_0_45,US,REVERSAL_CANDIDATE,research/results/sprint_06_discovery_events.csv,research/results/sprint_06_discovery_features.csv,SPRINT08_BTC_FORMAL_REPLAY_V1,True,PASS
CAND_BTC_EXH_SHORT_24_V1,0b6099cff2de1715,EXHAUSTION_REVERSAL,SHORT,2026-03-16T17:48:00+00:00,2026-03-16T17:48:00+00:00,2026-03-16T17:49:00+00:00,73991.2,74066.0,73580.58411461,24,2026-03-16T18:13:00+00:00,74066.0,73832.1,73580.58411461,VWAP_45_60BP,Q95_PLUS,MID_0_25_0_45,US,TREND_UP,research/results/sprint_06_discovery_events.csv,research/results/sprint_06_discovery_features.csv,SPRINT08_BTC_FORMAL_REPLAY_V1,True,PASS
CAND_BTC_EXH_SHORT_24_V1,38cfa15435b83c82,EXHAUSTION_REVERSAL,SHORT,2026-03-16T18:18:00+00:00,2026-03-16T18:18:00+00:00,2026-03-16T18:19:00+00:00,74240.4,74270.1,73592.52033615,24,2026-03-16T18:43:00+00:00,74270.1,74205.5,73592.52033615,VWAP_60_100BP,Q90_95,STRONG_GE_0_45,US,REVERSAL_CANDIDATE,research/results/sprint_06_discovery_events.csv,research/results/sprint_06_discovery_features.csv,SPRINT08_BTC_FORMAL_REPLAY_V1,True,PASS
CAND_BTC_EXH_SHORT_24_V1,814abbb7429c8672,EXHAUSTION_REVERSAL,SHORT,2026-03-16T21:38:00+00:00,2026-03-16T21:38:00+00:00,2026-03-16T21:39:00+00:00,74615.7,74768.2,73653.93243655,24,2026-03-16T22:03:00+00:00,74768.2,74530.1,73653.93243655,VWAP_100_200BP,Q95_PLUS,STRONG_GE_0_45,LATE_US,REVERSAL_CANDIDATE,research/results/sprint_06_discovery_events.csv,research/results/sprint_06_discovery_features.csv,SPRINT08_BTC_FORMAL_REPLAY_V1,True,PASS
CAND_BTC_EXH_SHORT_24_V1,605ed179092fb64f,EXHAUSTION_REVERSAL,SHORT,2026-03-17T15:03:00+00:00,2026-03-17T15:03:00+00:00,2026-03-17T15:04:00+00:00,74750.1,74836.3,74424.53451361,24,2026-03-17T15:28:00+00:00,74836.3,74630.5,74424.53451361,VWAP_45_60BP,Q95_PLUS,MID_0_25_0_45,US,REVERSAL_CANDIDATE,research/results/sprint_06_discovery_events.csv,research/results/sprint_06_discovery_features.csv,SPRINT08_BTC_FORMAL_REPLAY_V1,True,PASS
CAND_BTC_EXH_SHORT_24_V1,df5b27abf86b3dab,EXHAUSTION_REVERSAL,SHORT,2026-03-18T03:37:00+00:00,2026-03-18T03:37:00+00:00,2026-03-18T03:38:00+00:00,74571.6,74633.0,74039.39944936,24,2026-03-18T04:02:00+00:00,74633.0,74564.0,74039.39944936,VWAP_60_100BP,Q95_PLUS,STRONG_GE_0_45,ASIA,REVERSAL_CANDIDATE,research/results/sprint_06_discovery_events.csv,research/results/sprint_06_discovery_features.csv,SPRINT08_BTC_FORMAL_REPLAY_V1,True,PASS
CAND_BTC_EXH_SHORT_24_V1,03217a385b94930d,EXHAUSTION_REVERSAL,SHORT,2026-03-19T03:20:00+00:00,2026-03-19T03:20:00+00:00,2026-03-19T03:21:00+00:00,71535.7,71598.3,71154.13261074,24,2026-03-19T03:45:00+00:00,71598.3,71414.3,71154.13261074,VWAP_45_60BP,Q95_PLUS,MID_0_25_0_45,ASIA,EXPANSION,research/results/sprint_06_discovery_events.csv,research/results/sprint_06_discovery_features.csv,SPRINT08_BTC_FORMAL_REPLAY_V1,True,PASS
CAND_BTC_EXH_SHORT_24_V1,562ba05ebb2524fd,EXHAUSTION_REVERSAL,SHORT,2026-03-19T19:13:00+00:00,2026-03-19T19:13:00+00:00,2026-03-19T19:14:00+00:00,70289.8,70517.3,69910.71743183,24,2026-03-19T19:38:00+00:00,70517.3,70289.1,69910.71743183,VWAP_45_60BP,Q95_PLUS,MID_0_25_0_45,US,EXPANSION,research/results/sprint_06_discovery_events.csv,research/results/sprint_06_discovery_features.csv,SPRINT08_BTC_FORMAL_REPLAY_V1,True,PASS
CAND_BTC_EXH_SHORT_24_V1,1dc1c1e9a4f9d9d2,EXHAUSTION_REVERSAL,SHORT,2026-03-20T07:47:00+00:00,2026-03-20T07:47:00+00:00,2026-03-20T07:48:00+00:00,70872.2,70900.0,70496.01295683,24,2026-03-20T08:12:00+00:00,70900.0,70837.9,70496.01295683,VWAP_45_60BP,Q95_PLUS,MID_0_25_0_45,LONDON,REVERSAL_CANDIDATE,research/results/sprint_06_discovery_events.csv,research/results/sprint_06_discovery_features.csv,SPRINT08_BTC_FORMAL_REPLAY_V1,True,PASS
CAND_BTC_EXH_SHORT_24_V1,0bf03c593d170952,EXHAUSTION_REVERSAL,SHORT,2026-03-20T08:11:00+00:00,2026-03-20T08:11:00+00:00,2026-03-20T08:12:00+00:00,71215.7,71287.0,70561.57011676,24,2026-03-20T08:36:00+00:00,71287.0,71113.0,70561.57011676,VWAP_60_100BP,Q95_PLUS,MID_0_25_0_45,LONDON,REVERSAL_CANDIDATE,research/results/sprint_06_discovery_events.csv,research/results/sprint_06_discovery_features.csv,SPRINT08_BTC_FORMAL_REPLAY_V1,True,PASS
CAND_BTC_EXH_SHORT_24_V1,b4b73e48e84a8b47,EXHAUSTION_REVERSAL,SHORT,2026-03-20T21:20:00+00:00,2026-03-20T21:20:00+00:00,2026-03-20T21:21:00+00:00,70498.3,70550.0,70214.95347168,24,2026-03-20T21:45:00+00:00,70550.0,70408.6,70214.95347168,VWAP_45_60BP,Q95_PLUS,LOW_LT_0_25,LATE_US,EXPANSION,research/results/sprint_06_discovery_events.csv,research/results/sprint_06_discovery_features.csv,SPRINT08_BTC_FORMAL_REPLAY_V1,True,PASS
CAND_BTC_EXH_SHORT_24_V1,7fc7084aa8af0645,EXHAUSTION_REVERSAL,SHORT,2026-03-20T22:13:00+00:00,2026-03-20T22:13:00+00:00,2026-03-20T22:14:00+00:00,70809.2,70888.0,70228.6687489,24,2026-03-20T22:38:00+00:00,70888.0,70809.1,70228.6687489,VWAP_60_100BP,Q90_95,STRONG_GE_0_45,LATE_US,REVERSAL_CANDIDATE,research/results/sprint_06_discovery_events.csv,research/results/sprint_06_discovery_features.csv,SPRINT08_BTC_FORMAL_REPLAY_V1,True,PASS
CAND_BTC_EXH_SHORT_24_V1,3a641401def57d38,EXHAUSTION_REVERSAL,SHORT,2026-03-21T14:16:00+00:00,2026-03-21T14:16:00+00:00,2026-03-21T14:17:00+00:00,71000.0,71044.0,70671.06436354,24,2026-03-21T14:41:00+00:00,71044.0,70982.2,70671.06436354,VWAP_45_60BP,Q95_PLUS,STRONG_GE_0_45,US,REVERSAL_CANDIDATE,research/results/sprint_06_discovery_events.csv,research/results/sprint_06_discovery_features.csv,SPRINT08_BTC_FORMAL_REPLAY_V1,True,PASS
CAND_BTC_EXH_SHORT_24_V1,558e07beb24ad956,EXHAUSTION_REVERSAL,SHORT,2026-03-23T01:17:00+00:00,2026-03-23T01:17:00+00:00,2026-03-23T01:18:00+00:00,67980.4,68016.6,67765.01054505,24,2026-03-23T01:42:00+00:00,68016.6,67931.4,67765.01054505,VWAP_45_60BP,Q95_PLUS,MID_0_25_0_45,ASIA,REVERSAL_CANDIDATE,research/results/sprint_06_discovery_events.csv,research/results/sprint_06_discovery_features.csv,SPRINT08_BTC_FORMAL_REPLAY_V1,True,PASS
CAND_BTC_EXH_SHORT_24_V1,c250d60cf580c331,EXHAUSTION_REVERSAL,SHORT,2026-03-23T02:30:00+00:00,2026-03-23T02:30:00+00:00,2026-03-23T02:31:00+00:00,68235.8,68294.3,67861.87950382,24,2026-03-23T02:55:00+00:00,68294.3,68145.7,67861.87950382,VWAP_45_60BP,Q95_PLUS,MID_0_25_0_45,ASIA,REVERSAL_CANDIDATE,research/results/sprint_06_discovery_events.csv,research/results/sprint_06_discovery_features.csv,SPRINT08_BTC_FORMAL_REPLAY_V1,True,PASS
CAND_BTC_EXH_SHORT_24_V1,464e981616ff157a,EXHAUSTION_REVERSAL,SHORT,2026-03-23T05:04:00+00:00,2026-03-23T05:04:00+00:00,2026-03-23T05:05:00+00:00,68739.5,68777.0,68066.11779539,24,2026-03-23T05:29:00+00:00,68777.0,68643.3,68066.11779539,VWAP_60_100BP,Q95_PLUS,MID_0_25_0_45,ASIA,EXPANSION,research/results/sprint_06_discovery_events.csv,research/results/sprint_06_discovery_features.csv,SPRINT08_BTC_FORMAL_REPLAY_V1,True,PASS
CAND_BTC_EXH_SHORT_24_V1,743e7816c89e3211,EXHAUSTION_REVERSAL,SHORT,2026-03-23T10:10:00+00:00,2026-03-23T10:10:00+00:00,2026-03-23T10:11:00+00:00,68587.5,68649.4,68164.71625325,24,2026-03-23T10:35:00+00:00,68649.4,68477.9,68164.71625325,VWAP_60_100BP,Q95_PLUS,MID_0_25_0_45,LONDON,REVERSAL_CANDIDATE,research/results/sprint_06_discovery_events.csv,research/results/sprint_06_discovery_features.csv,SPRINT08_BTC_FORMAL_REPLAY_V1,True,PASS
CAND_BTC_EXH_SHORT_24_V1,f0d6981b82c7a535,EXHAUSTION_REVERSAL,SHORT,2026-03-23T11:12:00+00:00,2026-03-23T11:12:00+00:00,2026-03-23T11:13:00+00:00,71015.0,71290.4,68901.80333216,24,2026-03-23T11:37:00+00:00,71290.4,70857.7,68901.80333216,VWAP_GE_200BP,Q90_95,STRONG_GE_0_45,LONDON,REVERSAL_CANDIDATE,research/results/sprint_06_discovery_events.csv,research/results/sprint_06_discovery_features.csv,SPRINT08_BTC_FORMAL_REPLAY_V1,True,PASS
CAND_BTC_EXH_SHORT_24_V1,d3227fa8ee2d02e4,EXHAUSTION_REVERSAL,SHORT,2026-03-23T13:40:00+00:00,2026-03-23T13:40:00+00:00,2026-03-23T13:41:00+00:00,71102.8,71149.6,69534.46473986,24,2026-03-23T14:05:00+00:00,71149.6,70971.9,69534.46473986,VWAP_GE_200BP,Q95_PLUS,MID_0_25_0_45,US,TREND_UP,research/results/sprint_06_discovery_events.csv,research/results/sprint_06_discovery_features.csv,SPRINT08_BTC_FORMAL_REPLAY_V1,True,PASS
CAND_BTC_EXH_SHORT_24_V1,7417250d9b3bcc75,EXHAUSTION_REVERSAL,SHORT,2026-03-23T17:38:00+00:00,2026-03-23T17:38:00+00:00,2026-03-23T17:39:00+00:00,70994.6,71053.0,69900.31452412,24,2026-03-23T18:03:00+00:00,71053.0,70978.1,69900.31452412,VWAP_100_200BP,Q90_95,STRONG_GE_0_45,US,REVERSAL_CANDIDATE,research/results/sprint_06_discovery_events.csv,research/results/sprint_06_discovery_features.csv,SPRINT08_BTC_FORMAL_REPLAY_V1,True,PASS
CAND_BTC_EXH_SHORT_24_V1,af65a0b9b82cf2d2,EXHAUSTION_REVERSAL,SHORT,2026-03-24T07:17:00+00:00,2026-03-24T07:17:00+00:00,2026-03-24T07:18:00+00:00,70866.7,70941.6,70514.17222575,24,2026-03-24T07:42:00+00:00,70941.6,70793.0,70514.17222575,VWAP_45_60BP,Q95_PLUS,STRONG_GE_0_45,LONDON,REVERSAL_CANDIDATE,research/results/sprint_06_discovery_events.csv,research/results/sprint_06_discovery_features.csv,SPRINT08_BTC_FORMAL_REPLAY_V1,True,PASS
CAND_BTC_EXH_SHORT_24_V1,b343721602d8bf8d,EXHAUSTION_REVERSAL,SHORT,2026-03-25T00:43:00+00:00,2026-03-25T00:43:00+00:00,2026-03-25T00:44:00+00:00,70966.0,71028.0,70750.20354256,24,2026-03-25T01:08:00+00:00,71028.0,70888.2,70750.20354256,VWAP_45_60BP,Q95_PLUS,MID_0_25_0_45,ASIA,REVERSAL_CANDIDATE,research/results/sprint_06_discovery_events.csv,research/results/sprint_06_discovery_features.csv,SPRINT08_BTC_FORMAL_REPLAY_V1,True,PASS
CAND_BTC_EXH_SHORT_24_V1,776cf28a6fabf650,EXHAUSTION_REVERSAL,SHORT,2026-03-25T05:12:00+00:00,2026-03-25T05:12:00+00:00,2026-03-25T05:13:00+00:00,71287.9,71319.9,70764.22012683,24,2026-03-25T05:37:00+00:00,71319.9,71253.0,70764.22012683,VWAP_60_100BP,Q90_95,STRONG_GE_0_45,ASIA,REVERSAL_CANDIDATE,research/results/sprint_06_discovery_events.csv,research/results/sprint_06_discovery_features.csv,SPRINT08_BTC_FORMAL_REPLAY_V1,True,PASS
CAND_BTC_EXH_SHORT_24_V1,c519d29ae3e90abf,EXHAUSTION_REVERSAL,SHORT,2026-03-25T08:31:00+00:00,2026-03-25T08:31:00+00:00,2026-03-25T08:32:00+00:00,71195.1,71289.3,70875.53634917,24,2026-03-25T08:56:00+00:00,71289.3,71142.7,70875.53634917,VWAP_45_60BP,Q95_PLUS,STRONG_GE_0_45,LONDON,REVERSAL_CANDIDATE,research/results/sprint_06_discovery_events.csv,research/results/sprint_06_discovery_features.csv,SPRINT08_BTC_FORMAL_REPLAY_V1,True,PASS
CAND_BTC_EXH_SHORT_24_V1,b8a361b5e9a5243f,EXHAUSTION_REVERSAL,SHORT,2026-03-25T11:30:00+00:00,2026-03-25T11:30:00+00:00,2026-03-25T11:31:00+00:00,71832.8,71935.9,71057.07271914,24,2026-03-25T11:55:00+00:00,71935.9,71711.8,71057.07271914,VWAP_100_200BP,Q95_PLUS,STRONG_GE_0_45,LONDON,REVERSAL_CANDIDATE,research/results/sprint_06_discovery_events.csv,research/results/sprint_06_discovery_features.csv,SPRINT08_BTC_FORMAL_REPLAY_V1,True,PASS
CAND_BTC_EXH_SHORT_24_V1,1a84bd1999dab7e9,EXHAUSTION_REVERSAL,SHORT,2026-03-25T12:57:00+00:00,2026-03-25T12:57:00+00:00,2026-03-25T12:58:00+00:00,71769.9,71933.3,71179.31801936,24,2026-03-25T13:22:00+00:00,71933.3,71665.9,71179.31801936,VWAP_60_100BP,Q95_PLUS,STRONG_GE_0_45,LONDON,REVERSAL_CANDIDATE,research/results/sprint_06_discovery_events.csv,research/results/sprint_06_discovery_features.csv,SPRINT08_BTC_FORMAL_REPLAY_V1,True,PASS
CAND_BTC_EXH_SHORT_24_V1,9b0f7873917f9222,EXHAUSTION_REVERSAL,SHORT,2026-03-25T13:38:00+00:00,2026-03-25T13:38:00+00:00,2026-03-25T13:39:00+00:00,71852.8,71931.9,71214.86565733,24,2026-03-25T14:03:00+00:00,71931.9,71813.3,71214.86565733,VWAP_60_100BP,Q90_95,MID_0_25_0_45,US,REVERSAL_CANDIDATE,research/results/sprint_06_discovery_events.csv,research/results/sprint_06_discovery_features.csv,SPRINT08_BTC_FORMAL_REPLAY_V1,True,PASS
CAND_BTC_EXH_SHORT_24_V1,8b862b83a34b104b,EXHAUSTION_REVERSAL,SHORT,2026-03-25T22:42:00+00:00,2026-03-25T22:42:00+00:00,2026-03-25T22:43:00+00:00,71492.2,71606.0,71161.20398187,24,2026-03-25T23:07:00+00:00,71606.0,71190.0,71161.20398187,VWAP_45_60BP,Q95_PLUS,MID_0_25_0_45,LATE_US,EXPANSION,research/results/sprint_06_discovery_events.csv,research/results/sprint_06_discovery_features.csv,SPRINT08_BTC_FORMAL_REPLAY_V1,True,PASS
CAND_BTC_EXH_SHORT_24_V1,7e4ec0ac91515b43,EXHAUSTION_REVERSAL,SHORT,2026-03-28T13:42:00+00:00,2026-03-28T13:42:00+00:00,2026-03-28T13:43:00+00:00,67069.0,67136.9,66368.62215665,24,2026-03-28T14:07:00+00:00,67136.9,66888.0,66368.62215665,VWAP_100_200BP,Q95_PLUS,MID_0_25_0_45,US,EXPANSION,research/results/sprint_06_discovery_events.csv,research/results/sprint_06_discovery_features.csv,SPRINT08_BTC_FORMAL_REPLAY_V1,True,PASS
CAND_BTC_EXH_SHORT_24_V1,2c6e1465f2c3f9ea,EXHAUSTION_REVERSAL,SHORT,2026-03-28T15:21:00+00:00,2026-03-28T15:21:00+00:00,2026-03-28T15:22:00+00:00,67132.0,67284.0,66482.56631377,24,2026-03-28T15:46:00+00:00,67284.0,67004.0,66482.56631377,VWAP_60_100BP,Q95_PLUS,STRONG_GE_0_45,US,REVERSAL_CANDIDATE,research/results/sprint_06_discovery_events.csv,research/results/sprint_06_discovery_features.csv,SPRINT08_BTC_FORMAL_REPLAY_V1,True,PASS
CAND_BTC_EXH_SHORT_24_V1,1f3f34c4db124f15,EXHAUSTION_REVERSAL,SHORT,2026-03-29T03:17:00+00:00,2026-03-29T03:17:00+00:00,2026-03-29T03:18:00+00:00,67043.6,67100.0,66610.3706178,24,2026-03-29T03:42:00+00:00,67100.0,66876.6,66610.3706178,VWAP_60_100BP,Q95_PLUS,MID_0_25_0_45,ASIA,EXPANSION,research/results/sprint_06_discovery_events.csv,research/results/sprint_06_discovery_features.csv,SPRINT08_BTC_FORMAL_REPLAY_V1,True,PASS
CAND_BTC_EXH_SHORT_24_V1,736b2e8c4a2f2caf,EXHAUSTION_REVERSAL,SHORT,2026-03-30T02:48:00+00:00,2026-03-30T02:48:00+00:00,2026-03-30T02:49:00+00:00,67242.1,67336.5,66690.07135164,24,2026-03-30T03:13:00+00:00,67336.5,67159.8,66690.07135164,VWAP_60_100BP,Q95_PLUS,STRONG_GE_0_45,ASIA,REVERSAL_CANDIDATE,research/results/sprint_06_discovery_events.csv,research/results/sprint_06_discovery_features.csv,SPRINT08_BTC_FORMAL_REPLAY_V1,True,PASS
CAND_BTC_EXH_SHORT_24_V1,91040eed454cbb64,EXHAUSTION_REVERSAL,SHORT,2026-03-30T04:12:00+00:00,2026-03-30T04:12:00+00:00,2026-03-30T04:13:00+00:00,67371.4,67466.0,66793.2188407,24,2026-03-30T04:37:00+00:00,67466.0,67369.5,66793.2188407,VWAP_60_100BP,Q95_PLUS,MID_0_25_0_45,ASIA,REVERSAL_CANDIDATE,research/results/sprint_06_discovery_events.csv,research/results/sprint_06_discovery_features.csv,SPRINT08_BTC_FORMAL_REPLAY_V1,True,PASS
CAND_BTC_EXH_SHORT_24_V1,ea05b8ced30c587e,EXHAUSTION_REVERSAL,SHORT,2026-03-30T05:01:00+00:00,2026-03-30T05:01:00+00:00,2026-03-30T05:02:00+00:00,67641.7,67688.0,66880.38555374,24,2026-03-30T05:26:00+00:00,67688.0,67579.1,66880.38555374,VWAP_100_200BP,Q95_PLUS,MID_0_25_0_45,ASIA,REVERSAL_CANDIDATE,research/results/sprint_06_discovery_events.csv,research/results/sprint_06_discovery_features.csv,SPRINT08_BTC_FORMAL_REPLAY_V1,True,PASS
CAND_BTC_EXH_SHORT_24_V1,57fef071a0912089,EXHAUSTION_REVERSAL,SHORT,2026-03-30T08:06:00+00:00,2026-03-30T08:06:00+00:00,2026-03-30T08:07:00+00:00,67836.6,67888.5,67054.20180747,24,2026-03-30T08:31:00+00:00,67888.5,67714.2,67054.20180747,VWAP_100_200BP,Q95_PLUS,MID_0_25_0_45,LONDON,EXPANSION,research/results/sprint_06_discovery_events.csv,research/results/sprint_06_discovery_features.csv,SPRINT08_BTC_FORMAL_REPLAY_V1,True,PASS
CAND_BTC_EXH_SHORT_24_V1,cd56de687449b315,EXHAUSTION_REVERSAL,SHORT,2026-03-31T00:50:00+00:00,2026-03-31T00:50:00+00:00,2026-03-31T00:51:00+00:00,67222.2,67276.0,66895.43730966,24,2026-03-31T01:15:00+00:00,67276.0,67123.2,66895.43730966,VWAP_45_60BP,Q95_PLUS,MID_0_25_0_45,ASIA,REVERSAL_CANDIDATE,research/results/sprint_06_discovery_events.csv,research/results/sprint_06_discovery_features.csv,SPRINT08_BTC_FORMAL_REPLAY_V1,True,PASS
CAND_BTC_EXH_SHORT_24_V1,a6951ca92948e2d3,EXHAUSTION_REVERSAL,SHORT,2026-03-31T01:35:00+00:00,2026-03-31T01:35:00+00:00,2026-03-31T01:36:00+00:00,68297.7,68377.0,67478.03814238,24,2026-03-31T02:00:00+00:00,68377.0,68110.0,67478.03814238,VWAP_100_200BP,Q95_PLUS,MID_0_25_0_45,ASIA,EXPANSION,research/results/sprint_06_discovery_events.csv,research/results/sprint_06_discovery_features.csv,SPRINT08_BTC_FORMAL_REPLAY_V1,True,PASS
CAND_BTC_EXH_SHORT_24_V1,c95f29c24e3636ec,EXHAUSTION_REVERSAL,SHORT,2026-03-31T16:46:00+00:00,2026-03-31T16:46:00+00:00,2026-03-31T16:47:00+00:00,67801.9,67888.0,67142.98567249,24,2026-03-31T17:11:00+00:00,67888.0,67656.7,67142.98567249,VWAP_60_100BP,Q95_PLUS,MID_0_25_0_45,US,REVERSAL_CANDIDATE,research/results/sprint_06_discovery_events.csv,research/results/sprint_06_discovery_features.csv,SPRINT08_BTC_FORMAL_REPLAY_V1,True,PASS
CAND_BTC_EXH_SHORT_24_V1,6d08efc42869b317,EXHAUSTION_REVERSAL,SHORT,2026-03-31T17:15:00+00:00,2026-03-31T17:15:00+00:00,2026-03-31T17:16:00+00:00,68432.8,68532.7,67221.75366501,24,2026-03-31T17:40:00+00:00,68532.7,68185.5,67221.75366501,VWAP_100_200BP,Q95_PLUS,MID_0_25_0_45,US,EXPANSION,research/results/sprint_06_discovery_events.csv,research/results/sprint_06_discovery_features.csv,SPRINT08_BTC_FORMAL_REPLAY_V1,True,PASS
CAND_BTC_EXH_SHORT_24_V1,412e40f7fbf134c3,EXHAUSTION_REVERSAL,SHORT,2026-03-31T20:13:00+00:00,2026-03-31T20:13:00+00:00,2026-03-31T20:14:00+00:00,68124.4,68177.2,67304.08397602,24,2026-03-31T20:38:00+00:00,68177.2,68096.9,67304.08397602,VWAP_100_200BP,Q95_PLUS,STRONG_GE_0_45,LATE_US,REVERSAL_CANDIDATE,research/results/sprint_06_discovery_events.csv,research/results/sprint_06_discovery_features.csv,SPRINT08_BTC_FORMAL_REPLAY_V1,True,PASS
CAND_BTC_EXH_SHORT_24_V1,00e1017dcb9ca5f4,EXHAUSTION_REVERSAL,SHORT,2026-03-31T21:56:00+00:00,2026-03-31T21:56:00+00:00,2026-03-31T21:57:00+00:00,68318.5,68382.9,67328.44558123,24,2026-03-31T22:21:00+00:00,68382.9,68318.5,67328.44558123,VWAP_100_200BP,Q95_PLUS,STRONG_GE_0_45,LATE_US,REVERSAL_CANDIDATE,research/results/sprint_06_discovery_events.csv,research/results/sprint_06_discovery_features.csv,SPRINT08_BTC_FORMAL_REPLAY_V1,True,PASS
CAND_BTC_EXH_SHORT_24_V1,5dd0d94258cbe71b,EXHAUSTION_REVERSAL,SHORT,2026-04-01T00:55:00+00:00,2026-04-01T00:55:00+00:00,2026-04-01T00:56:00+00:00,68250.8,68305.1,68050.48281538,24,2026-04-01T01:20:00+00:00,68305.1,68204.1,68050.48281538,VWAP_45_60BP,Q95_PLUS,STRONG_GE_0_45,ASIA,REVERSAL_CANDIDATE,research/results/sprint_06_discovery_events.csv,research/results/sprint_06_discovery_features.csv,SPRINT08_BTC_FORMAL_REPLAY_V1,True,PASS
CAND_BTC_EXH_SHORT_24_V1,d6dd8cc7f61f1adc,EXHAUSTION_REVERSAL,SHORT,2026-04-01T05:26:00+00:00,2026-04-01T05:26:00+00:00,2026-04-01T05:27:00+00:00,68647.7,68725.6,68075.9404276,24,2026-04-01T05:51:00+00:00,68725.6,68488.3,68075.9404276,VWAP_60_100BP,Q95_PLUS,MID_0_25_0_45,ASIA,EXPANSION,research/results/sprint_06_discovery_events.csv,research/results/sprint_06_discovery_features.csv,SPRINT08_BTC_FORMAL_REPLAY_V1,True,PASS
CAND_BTC_EXH_SHORT_24_V1,fc209b37e21026ac,EXHAUSTION_REVERSAL,SHORT,2026-04-01T06:21:00+00:00,2026-04-01T06:21:00+00:00,2026-04-01T06:22:00+00:00,68756.1,68794.1,68150.23530508,24,2026-04-01T06:46:00+00:00,68794.1,68723.2,68150.23530508,VWAP_60_100BP,Q95_PLUS,STRONG_GE_0_45,ASIA,REVERSAL_CANDIDATE,research/results/sprint_06_discovery_events.csv,research/results/sprint_06_discovery_features.csv,SPRINT08_BTC_FORMAL_REPLAY_V1,True,PASS
CAND_BTC_EXH_SHORT_24_V1,8c317331cb45f2a6,EXHAUSTION_REVERSAL,SHORT,2026-04-01T06:37:00+00:00,2026-04-01T06:37:00+00:00,2026-04-01T06:38:00+00:00,69032.1,69088.0,68243.75707337,24,2026-04-01T07:02:00+00:00,69088.0,68948.1,68243.75707337,VWAP_100_200BP,Q95_PLUS,MID_0_25_0_45,ASIA,REVERSAL_CANDIDATE,research/results/sprint_06_discovery_events.csv,research/results/sprint_06_discovery_features.csv,SPRINT08_BTC_FORMAL_REPLAY_V1,True,PASS
CAND_BTC_EXH_SHORT_24_V1,db2b6ae510721eb6,EXHAUSTION_REVERSAL,SHORT,2026-04-01T15:26:00+00:00,2026-04-01T15:26:00+00:00,2026-04-01T15:27:00+00:00,68755.0,68873.1,68438.18698196,24,2026-04-01T15:51:00+00:00,68873.1,68727.9,68438.18698196,VWAP_45_60BP,Q95_PLUS,STRONG_GE_0_45,US,REVERSAL_CANDIDATE,research/results/sprint_06_discovery_events.csv,research/results/sprint_06_discovery_features.csv,SPRINT08_BTC_FORMAL_REPLAY_V1,True,PASS
CAND_BTC_EXH_SHORT_24_V1,8bc2c38b3d08c58f,EXHAUSTION_REVERSAL,SHORT,2026-04-01T17:04:00+00:00,2026-04-01T17:04:00+00:00,2026-04-01T17:05:00+00:00,69052.8,69142.6,68474.08019307,24,2026-04-01T17:29:00+00:00,69142.6,68923.4,68474.08019307,VWAP_60_100BP,Q95_PLUS,MID_0_25_0_45,US,REVERSAL_CANDIDATE,research/results/sprint_06_discovery_events.csv,research/results/sprint_06_discovery_features.csv,SPRINT08_BTC_FORMAL_REPLAY_V1,True,PASS
CAND_BTC_EXH_SHORT_24_V1,189b373d347a73af,EXHAUSTION_REVERSAL,SHORT,2026-04-02T16:47:00+00:00,2026-04-02T16:47:00+00:00,2026-04-02T16:48:00+00:00,67176.2,67226.4,66754.84291409,24,2026-04-02T17:12:00+00:00,67226.4,67149.9,66754.84291409,VWAP_60_100BP,Q90_95,STRONG_GE_0_45,US,REVERSAL_CANDIDATE,research/results/sprint_06_discovery_events.csv,research/results/sprint_06_discovery_features.csv,SPRINT08_BTC_FORMAL_REPLAY_V1,True,PASS
CAND_BTC_EXH_SHORT_24_V1,049a85a0bbcc5baa,EXHAUSTION_REVERSAL,SHORT,2026-04-02T17:19:00+00:00,2026-04-02T17:19:00+00:00,2026-04-02T17:20:00+00:00,67335.3,67400.0,66768.36989967,24,2026-04-02T17:44:00+00:00,67400.0,67328.8,66768.36989967,VWAP_60_100BP,Q95_PLUS,STRONG_GE_0_45,US,REVERSAL_CANDIDATE,research/results/sprint_06_discovery_events.csv,research/results/sprint_06_discovery_features.csv,SPRINT08_BTC_FORMAL_REPLAY_V1,True,PASS
CAND_BTC_EXH_SHORT_24_V1,950effe60fb3ce1e,EXHAUSTION_REVERSAL,SHORT,2026-04-02T18:54:00+00:00,2026-04-02T18:54:00+00:00,2026-04-02T18:55:00+00:00,66992.8,67044.8,66773.49399291,24,2026-04-02T19:19:00+00:00,67044.8,66948.4,66773.49399291,VWAP_45_60BP,Q95_PLUS,STRONG_GE_0_45,US,REVERSAL_CANDIDATE,research/results/sprint_06_discovery_events.csv,research/results/sprint_06_discovery_features.csv,SPRINT08_BTC_FORMAL_REPLAY_V1,True,PASS
CAND_BTC_EXH_SHORT_24_V1,961c8c3861f99808,EXHAUSTION_REVERSAL,SHORT,2026-04-03T07:36:00+00:00,2026-04-03T07:36:00+00:00,2026-04-03T07:37:00+00:00,67124.5,67233.3,66636.3244769,24,2026-04-03T08:01:00+00:00,67233.3,67038.2,66636.3244769,VWAP_60_100BP,Q95_PLUS,STRONG_GE_0_45,LONDON,REVERSAL_CANDIDATE,research/results/sprint_06_discovery_events.csv,research/results/sprint_06_discovery_features.csv,SPRINT08_BTC_FORMAL_REPLAY_V1,True,PASS
CAND_BTC_EXH_SHORT_24_V1,234fb88d2c991781,EXHAUSTION_REVERSAL,SHORT,2026-04-04T15:13:00+00:00,2026-04-04T15:13:00+00:00,2026-04-04T15:14:00+00:00,67362.1,67554.5,67044.3393474,24,2026-04-04T15:38:00+00:00,67554.5,67240.0,67044.3393474,VWAP_45_60BP,Q95_PLUS,STRONG_GE_0_45,US,REVERSAL_CANDIDATE,research/results/sprint_06_discovery_events.csv,research/results/sprint_06_discovery_features.csv,SPRINT08_BTC_FORMAL_REPLAY_V1,True,PASS
CAND_BTC_EXH_SHORT_24_V1,3fa95db51f561517,EXHAUSTION_REVERSAL,SHORT,2026-04-05T15:29:00+00:00,2026-04-05T15:29:00+00:00,2026-04-05T15:30:00+00:00,67375.9,67521.7,66946.80113377,24,2026-04-05T15:54:00+00:00,67521.7,67330.6,66946.80113377,VWAP_60_100BP,Q95_PLUS,STRONG_GE_0_45,US,REVERSAL_CANDIDATE,research/results/sprint_06_discovery_events.csv,research/results/sprint_06_discovery_features.csv,SPRINT08_BTC_FORMAL_REPLAY_V1,True,PASS
CAND_BTC_EXH_SHORT_24_V1,e9d37dc0d55d7546,EXHAUSTION_REVERSAL,SHORT,2026-04-05T22:47:00+00:00,2026-04-05T22:47:00+00:00,2026-04-05T22:48:00+00:00,68100.1,68235.3,67222.57542081,24,2026-04-05T23:12:00+00:00,68235.3,68065.0,67222.57542081,VWAP_100_200BP,Q95_PLUS,STRONG_GE_0_45,LATE_US,REVERSAL_CANDIDATE,research/results/sprint_06_discovery_events.csv,research/results/sprint_06_discovery_features.csv,SPRINT08_BTC_FORMAL_REPLAY_V1,True,PASS
CAND_BTC_EXH_SHORT_24_V1,66a68ad29be06d54,EXHAUSTION_REVERSAL,SHORT,2026-04-05T23:09:00+00:00,2026-04-05T23:09:00+00:00,2026-04-05T23:10:00+00:00,68410.0,68580.0,67317.17177307,24,2026-04-05T23:34:00+00:00,68580.0,68410.0,67317.17177307,VWAP_100_200BP,Q90_95,STRONG_GE_0_45,LATE_US,REVERSAL_CANDIDATE,research/results/sprint_06_discovery_events.csv,research/results/sprint_06_discovery_features.csv,SPRINT08_BTC_FORMAL_REPLAY_V1,True,PASS
CAND_BTC_EXH_SHORT_24_V1,6b6f9e6b28adba10,EXHAUSTION_REVERSAL,SHORT,2026-04-06T09:22:00+00:00,2026-04-06T09:22:00+00:00,2026-04-06T09:23:00+00:00,70063.9,70191.9,69245.79239917,24,2026-04-06T09:47:00+00:00,70191.9,69930.0,69245.79239917,VWAP_100_200BP,Q95_PLUS,STRONG_GE_0_45,LONDON,REVERSAL_CANDIDATE,research/results/sprint_06_discovery_events.csv,research/results/sprint_06_discovery_features.csv,SPRINT08_BTC_FORMAL_REPLAY_V1,True,PASS
CAND_BTC_EXH_SHORT_24_V1,3a3d155a0f2b3cb7,EXHAUSTION_REVERSAL,SHORT,2026-04-06T16:49:00+00:00,2026-04-06T16:49:00+00:00,2026-04-06T16:50:00+00:00,70188.1,70332.5,69429.53141425,24,2026-04-06T17:14:00+00:00,70332.5,70182.3,69429.53141425,VWAP_100_200BP,Q95_PLUS,STRONG_GE_0_45,US,REVERSAL_CANDIDATE,research/results/sprint_06_discovery_events.csv,research/results/sprint_06_discovery_features.csv,SPRINT08_BTC_FORMAL_REPLAY_V1,True,PASS
CAND_BTC_EXH_SHORT_24_V1,a63c1132dc97bab9,EXHAUSTION_REVERSAL,SHORT,2026-04-06T18:25:00+00:00,2026-04-06T18:25:00+00:00,2026-04-06T18:26:00+00:00,69779.1,69870.6,69445.73268127,24,2026-04-06T18:50:00+00:00,69870.6,69758.9,69445.73268127,VWAP_45_60BP,Q95_PLUS,STRONG_GE_0_45,US,REVERSAL_CANDIDATE,research/results/sprint_06_discovery_events.csv,research/results/sprint_06_discovery_features.csv,SPRINT08_BTC_FORMAL_REPLAY_V1,True,PASS
CAND_BTC_EXH_SHORT_24_V1,39dc92e9ec74d9f4,EXHAUSTION_REVERSAL,SHORT,2026-04-07T19:53:00+00:00,2026-04-07T19:53:00+00:00,2026-04-07T19:54:00+00:00,68999.1,69068.6,68475.54537534,24,2026-04-07T20:18:00+00:00,69068.6,68966.0,68475.54537534,VWAP_60_100BP,Q90_95,STRONG_GE_0_45,US,REVERSAL_CANDIDATE,research/results/sprint_06_discovery_events.csv,research/results/sprint_06_discovery_features.csv,SPRINT08_BTC_FORMAL_REPLAY_V1,True,PASS
CAND_BTC_EXH_SHORT_24_V1,fcc2a437992d18c7,EXHAUSTION_REVERSAL,SHORT,2026-04-07T21:12:00+00:00,2026-04-07T21:12:00+00:00,2026-04-07T21:13:00+00:00,70031.2,70087.5,68609.8859254,24,2026-04-07T21:37:00+00:00,70087.5,69919.9,68609.8859254,VWAP_GE_200BP,Q95_PLUS,MID_0_25_0_45,LATE_US,EXPANSION,research/results/sprint_06_discovery_events.csv,research/results/sprint_06_discovery_features.csv,SPRINT08_BTC_FORMAL_REPLAY_V1,True,PASS
CAND_BTC_EXH_SHORT_24_V1,2ac24c4b5b9020c6,EXHAUSTION_REVERSAL,SHORT,2026-04-07T22:07:00+00:00,2026-04-07T22:07:00+00:00,2026-04-07T22:08:00+00:00,70378.0,70561.0,68750.27240148,24,2026-04-07T22:32:00+00:00,70561.0,70245.5,68750.27240148,VWAP_GE_200BP,Q95_PLUS,STRONG_GE_0_45,LATE_US,REVERSAL_CANDIDATE,research/results/sprint_06_discovery_events.csv,research/results/sprint_06_discovery_features.csv,SPRINT08_BTC_FORMAL_REPLAY_V1,True,PASS
CAND_BTC_EXH_SHORT_24_V1,63de9d4f63df60c5,EXHAUSTION_REVERSAL,SHORT,2026-04-07T22:33:00+00:00,2026-04-07T22:33:00+00:00,2026-04-07T22:34:00+00:00,70659.1,70999.3,68852.87743398,24,2026-04-07T22:58:00+00:00,70999.3,70425.5,68852.87743398,VWAP_GE_200BP,Q95_PLUS,STRONG_GE_0_45,LATE_US,REVERSAL_CANDIDATE,research/results/sprint_06_discovery_events.csv,research/results/sprint_06_discovery_features.csv,SPRINT08_BTC_FORMAL_REPLAY_V1,True,PASS
CAND_BTC_EXH_SHORT_24_V1,71b482002f74c26e,EXHAUSTION_REVERSAL,SHORT,2026-04-07T23:01:00+00:00,2026-04-07T23:01:00+00:00,2026-04-07T23:02:00+00:00,71476.3,71700.0,69059.65270359,24,2026-04-07T23:26:00+00:00,71700.0,71465.0,69059.65270359,VWAP_GE_200BP,Q95_PLUS,STRONG_GE_0_45,LATE_US,REVERSAL_CANDIDATE,research/results/sprint_06_discovery_events.csv,research/results/sprint_06_discovery_features.csv,SPRINT08_BTC_FORMAL_REPLAY_V1,True,PASS
CAND_BTC_EXH_SHORT_24_V1,d5da01ddf2d67a5e,EXHAUSTION_REVERSAL,SHORT,2026-04-07T23:27:00+00:00,2026-04-07T23:27:00+00:00,2026-04-07T23:28:00+00:00,72150.5,72287.9,69275.79505937,24,2026-04-07T23:52:00+00:00,72287.9,72043.2,69275.79505937,VWAP_GE_200BP,Q90_95,STRONG_GE_0_45,LATE_US,REVERSAL_CANDIDATE,research/results/sprint_06_discovery_events.csv,research/results/sprint_06_discovery_features.csv,SPRINT08_BTC_FORMAL_REPLAY_V1,True,PASS
CAND_BTC_EXH_SHORT_24_V1,a44136637410e5ea,EXHAUSTION_REVERSAL,SHORT,2026-04-08T06:22:00+00:00,2026-04-08T06:22:00+00:00,2026-04-08T06:23:00+00:00,71875.6,71919.0,71621.88931996,24,2026-04-08T06:47:00+00:00,71919.0,71870.0,71621.88931996,VWAP_45_60BP,Q95_PLUS,STRONG_GE_0_45,ASIA,REVERSAL_CANDIDATE,research/results/sprint_06_discovery_events.csv,research/results/sprint_06_discovery_features.csv,SPRINT08_BTC_FORMAL_REPLAY_V1,True,PASS
CAND_BTC_EXH_SHORT_24_V1,e9fb52fb22503270,EXHAUSTION_REVERSAL,SHORT,2026-04-08T13:14:00+00:00,2026-04-08T13:14:00+00:00,2026-04-08T13:15:00+00:00,72593.0,72800.0,71816.22357865,24,2026-04-08T13:39:00+00:00,72800.0,72578.6,71816.22357865,VWAP_100_200BP,Q95_PLUS,STRONG_GE_0_45,US,REVERSAL_CANDIDATE,research/results/sprint_06_discovery_events.csv,research/results/sprint_06_discovery_features.csv,SPRINT08_BTC_FORMAL_REPLAY_V1,True,PASS
CAND_BTC_EXH_SHORT_24_V1,b73c068c78080c75,EXHAUSTION_REVERSAL,SHORT,2026-04-09T08:46:00+00:00,2026-04-09T08:46:00+00:00,2026-04-09T08:47:00+00:00,71300.5,71342.0,70877.190391,24,2026-04-09T09:11:00+00:00,71342.0,71219.6,70877.190391,VWAP_45_60BP,Q95_PLUS,MID_0_25_0_45,LONDON,EXPANSION,research/results/sprint_06_discovery_events.csv,research/results/sprint_06_discovery_features.csv,SPRINT08_BTC_FORMAL_REPLAY_V1,True,PASS
CAND_BTC_EXH_SHORT_24_V1,ffd8e3db6340e564,EXHAUSTION_REVERSAL,SHORT,2026-04-09T09:18:00+00:00,2026-04-09T09:18:00+00:00,2026-04-09T09:19:00+00:00,71379.7,71480.0,70909.54469717,24,2026-04-09T09:43:00+00:00,71480.0,71298.6,70909.54469717,VWAP_60_100BP,Q95_PLUS,STRONG_GE_0_45,LONDON,REVERSAL_CANDIDATE,research/results/sprint_06_discovery_events.csv,research/results/sprint_06_discovery_features.csv,SPRINT08_BTC_FORMAL_REPLAY_V1,True,PASS
CAND_BTC_EXH_SHORT_24_V1,94210f3ad3082d0f,EXHAUSTION_REVERSAL,SHORT,2026-04-09T09:58:00+00:00,2026-04-09T09:58:00+00:00,2026-04-09T09:59:00+00:00,71490.8,71533.0,70939.69064882,24,2026-04-09T10:23:00+00:00,71533.0,71474.0,70939.69064882,VWAP_60_100BP,Q95_PLUS,STRONG_GE_0_45,LONDON,REVERSAL_CANDIDATE,research/results/sprint_06_discovery_events.csv,research/results/sprint_06_discovery_features.csv,SPRINT08_BTC_FORMAL_REPLAY_V1,True,PASS
CAND_BTC_EXH_SHORT_24_V1,6aa43278649950e6,EXHAUSTION_REVERSAL,SHORT,2026-04-09T15:22:00+00:00,2026-04-09T15:22:00+00:00,2026-04-09T15:23:00+00:00,71550.6,71630.0,70985.95236011,24,2026-04-09T15:47:00+00:00,71630.0,71402.4,70985.95236011,VWAP_60_100BP,Q95_PLUS,MID_0_25_0_45,US,EXPANSION,research/results/sprint_06_discovery_events.csv,research/results/sprint_06_discovery_features.csv,SPRINT08_BTC_FORMAL_REPLAY_V1,True,PASS
CAND_BTC_EXH_SHORT_24_V1,d95ff2af69d9ea1f,EXHAUSTION_REVERSAL,SHORT,2026-04-09T17:04:00+00:00,2026-04-09T17:04:00+00:00,2026-04-09T17:05:00+00:00,72370.7,72500.0,71308.98624251,24,2026-04-09T17:29:00+00:00,72500.0,72213.1,71308.98624251,VWAP_100_200BP,Q95_PLUS,STRONG_GE_0_45,US,REVERSAL_CANDIDATE,research/results/sprint_06_discovery_events.csv,research/results/sprint_06_discovery_features.csv,SPRINT08_BTC_FORMAL_REPLAY_V1,True,PASS
CAND_BTC_EXH_SHORT_24_V1,1d20f8a635807ca5,EXHAUSTION_REVERSAL,SHORT,2026-04-09T19:51:00+00:00,2026-04-09T19:51:00+00:00,2026-04-09T19:52:00+00:00,72200.1,72267.3,71447.5969911,24,2026-04-09T20:16:00+00:00,72267.3,72187.1,71447.5969911,VWAP_100_200BP,Q90_95,STRONG_GE_0_45,US,REVERSAL_CANDIDATE,research/results/sprint_06_discovery_events.csv,research/results/sprint_06_discovery_features.csv,SPRINT08_BTC_FORMAL_REPLAY_V1,True,PASS
CAND_BTC_EXH_SHORT_24_V1,67499852e43deda4,EXHAUSTION_REVERSAL,SHORT,2026-04-09T21:08:00+00:00,2026-04-09T21:08:00+00:00,2026-04-09T21:09:00+00:00,72601.5,72666.6,71490.08485747,24,2026-04-09T21:33:00+00:00,72666.6,72547.5,71490.08485747,VWAP_100_200BP,Q95_PLUS,STRONG_GE_0_45,LATE_US,REVERSAL_CANDIDATE,research/results/sprint_06_discovery_events.csv,research/results/sprint_06_discovery_features.csv,SPRINT08_BTC_FORMAL_REPLAY_V1,True,PASS
CAND_BTC_EXH_SHORT_24_V1,6a626c9802db6248,EXHAUSTION_REVERSAL,SHORT,2026-04-09T22:18:00+00:00,2026-04-09T22:18:00+00:00,2026-04-09T22:19:00+00:00,72957.4,73128.0,71570.31929911,24,2026-04-09T22:43:00+00:00,73128.0,72536.0,71570.31929911,VWAP_100_200BP,Q95_PLUS,MID_0_25_0_45,LATE_US,EXPANSION,research/results/sprint_06_discovery_events.csv,research/results/sprint_06_discovery_features.csv,SPRINT08_BTC_FORMAL_REPLAY_V1,True,PASS
CAND_BTC_EXH_SHORT_24_V1,f2d5e95692f92bd2,EXHAUSTION_REVERSAL,SHORT,2026-04-10T01:38:00+00:00,2026-04-10T01:38:00+00:00,2026-04-10T01:39:00+00:00,72291.7,72331.0,71891.05153583,24,2026-04-10T02:03:00+00:00,72331.0,72230.4,71891.05153583,VWAP_45_60BP,Q90_95,MID_0_25_0_45,ASIA,REVERSAL_CANDIDATE,research/results/sprint_06_discovery_events.csv,research/results/sprint_06_discovery_features.csv,SPRINT08_BTC_FORMAL_REPLAY_V1,True,PASS
CAND_BTC_EXH_SHORT_24_V1,3691ae1a3d08c113,EXHAUSTION_REVERSAL,SHORT,2026-04-10T12:32:00+00:00,2026-04-10T12:32:00+00:00,2026-04-10T12:33:00+00:00,72365.7,72467.3,71923.62716803,24,2026-04-10T12:57:00+00:00,72467.3,72258.8,71923.62716803,VWAP_60_100BP,Q95_PLUS,STRONG_GE_0_45,LONDON,REVERSAL_CANDIDATE,research/results/sprint_06_discovery_events.csv,research/results/sprint_06_discovery_features.csv,SPRINT08_BTC_FORMAL_REPLAY_V1,True,PASS
CAND_BTC_EXH_SHORT_24_V1,f1369f1d977ace42,EXHAUSTION_REVERSAL,SHORT,2026-04-10T14:06:00+00:00,2026-04-10T14:06:00+00:00,2026-04-10T14:07:00+00:00,72394.7,72522.0,71974.26276402,24,2026-04-10T14:31:00+00:00,72522.0,72370.0,71974.26276402,VWAP_45_60BP,Q95_PLUS,STRONG_GE_0_45,US,REVERSAL_CANDIDATE,research/results/sprint_06_discovery_events.csv,research/results/sprint_06_discovery_features.csv,SPRINT08_BTC_FORMAL_REPLAY_V1,True,PASS
CAND_BTC_EXH_SHORT_24_V1,ae50ec4843b34020,EXHAUSTION_REVERSAL,SHORT,2026-04-10T14:32:00+00:00,2026-04-10T14:32:00+00:00,2026-04-10T14:33:00+00:00,73020.0,73100.0,72096.52669638,24,2026-04-10T14:57:00+00:00,73100.0,73019.9,72096.52669638,VWAP_100_200BP,Q90_95,STRONG_GE_0_45,US,REVERSAL_CANDIDATE,research/results/sprint_06_discovery_events.csv,research/results/sprint_06_discovery_features.csv,SPRINT08_BTC_FORMAL_REPLAY_V1,True,PASS
CAND_BTC_EXH_SHORT_24_V1,775f85e3d5d7d1c5,EXHAUSTION_REVERSAL,SHORT,2026-04-10T16:59:00+00:00,2026-04-10T16:59:00+00:00,2026-04-10T17:00:00+00:00,72991.9,73024.1,72266.61805442,24,2026-04-10T17:24:00+00:00,73024.1,72931.1,72266.61805442,VWAP_100_200BP,Q95_PLUS,MID_0_25_0_45,US,TREND_UP,research/results/sprint_06_discovery_events.csv,research/results/sprint_06_discovery_features.csv,SPRINT08_BTC_FORMAL_REPLAY_V1,True,PASS
CAND_BTC_EXH_SHORT_24_V1,80419d83fc759009,EXHAUSTION_REVERSAL,SHORT,2026-04-10T20:00:00+00:00,2026-04-10T20:00:00+00:00,2026-04-10T20:01:00+00:00,73187.8,73220.0,72346.95202511,24,2026-04-10T20:25:00+00:00,73220.0,73142.8,72346.95202511,VWAP_100_200BP,Q95_PLUS,MID_0_25_0_45,LATE_US,REVERSAL_CANDIDATE,research/results/sprint_06_discovery_events.csv,research/results/sprint_06_discovery_features.csv,SPRINT08_BTC_FORMAL_REPLAY_V1,True,PASS
CAND_BTC_EXH_SHORT_24_V1,dd6149267a14f63a,EXHAUSTION_REVERSAL,SHORT,2026-04-10T20:57:00+00:00,2026-04-10T20:57:00+00:00,2026-04-10T20:58:00+00:00,73343.3,73377.6,72393.65296867,24,2026-04-10T21:22:00+00:00,73377.6,73291.5,72393.65296867,VWAP_100_200BP,Q95_PLUS,MID_0_25_0_45,LATE_US,REVERSAL_CANDIDATE,research/results/sprint_06_discovery_events.csv,research/results/sprint_06_discovery_features.csv,SPRINT08_BTC_FORMAL_REPLAY_V1,True,PASS
CAND_BTC_EXH_SHORT_24_V1,11e63b405e32336b,EXHAUSTION_REVERSAL,SHORT,2026-04-11T16:49:00+00:00,2026-04-11T16:49:00+00:00,2026-04-11T16:50:00+00:00,73123.2,73162.0,72773.51395017,24,2026-04-11T17:14:00+00:00,73162.0,73035.8,72773.51395017,VWAP_45_60BP,Q95_PLUS,MID_0_25_0_45,US,EXPANSION,research/results/sprint_06_discovery_events.csv,research/results/sprint_06_discovery_features.csv,SPRINT08_BTC_FORMAL_REPLAY_V1,True,PASS
CAND_BTC_EXH_SHORT_24_V1,e5c4d6558dcefa39,EXHAUSTION_REVERSAL,SHORT,2026-04-13T15:01:00+00:00,2026-04-13T15:01:00+00:00,2026-04-13T15:02:00+00:00,72300.9,72431.0,71229.29972575,24,2026-04-13T15:26:00+00:00,72431.0,72290.9,71229.29972575,VWAP_100_200BP,Q95_PLUS,STRONG_GE_0_45,US,REVERSAL_CANDIDATE,research/results/sprint_06_discovery_events.csv,research/results/sprint_06_discovery_features.csv,SPRINT08_BTC_FORMAL_REPLAY_V1,True,PASS
CAND_BTC_EXH_SHORT_24_V1,021ee180f2e046ef,EXHAUSTION_REVERSAL,SHORT,2026-04-13T16:31:00+00:00,2026-04-13T16:31:00+00:00,2026-04-13T16:32:00+00:00,72251.1,72276.7,71352.11963345,24,2026-04-13T16:56:00+00:00,72276.7,72193.0,71352.11963345,VWAP_100_200BP,Q95_PLUS,MID_0_25_0_45,US,TREND_UP,research/results/sprint_06_discovery_events.csv,research/results/sprint_06_discovery_features.csv,SPRINT08_BTC_FORMAL_REPLAY_V1,True,PASS
CAND_BTC_EXH_SHORT_24_V1,60b3dff1db64bfb1,EXHAUSTION_REVERSAL,SHORT,2026-04-13T19:35:00+00:00,2026-04-13T19:35:00+00:00,2026-04-13T19:36:00+00:00,73061.9,73100.0,71639.48405225,24,2026-04-13T20:00:00+00:00,73100.0,72989.0,71639.48405225,VWAP_100_200BP,Q95_PLUS,MID_0_25_0_45,US,EXPANSION,research/results/sprint_06_discovery_events.csv,research/results/sprint_06_discovery_features.csv,SPRINT08_BTC_FORMAL_REPLAY_V1,True,PASS
CAND_BTC_EXH_SHORT_24_V1,21fb7894f8cfaf8e,EXHAUSTION_REVERSAL,SHORT,2026-04-13T19:38:00+00:00,2026-04-13T19:38:00+00:00,2026-04-13T19:39:00+00:00,72955.4,73018.8,71675.04519728,24,2026-04-13T20:03:00+00:00,73018.8,72940.0,71675.04519728,VWAP_100_200BP,Q90_95,LOW_LT_0_25,US,EXPANSION,research/results/sprint_06_discovery_events.csv,research/results/sprint_06_discovery_features.csv,SPRINT08_BTC_FORMAL_REPLAY_V1,True,PASS
CAND_BTC_EXH_SHORT_24_V1,dd76ccd24a3c4ba5,EXHAUSTION_REVERSAL,SHORT,2026-04-13T22:15:00+00:00,2026-04-13T22:15:00+00:00,2026-04-13T22:16:00+00:00,73720.5,73900.0,71932.92664648,24,2026-04-13T22:40:00+00:00,73900.0,73506.2,71932.92664648,VWAP_GE_200BP,Q95_PLUS,STRONG_GE_0_45,LATE_US,REVERSAL_CANDIDATE,research/results/sprint_06_discovery_events.csv,research/results/sprint_06_discovery_features.csv,SPRINT08_BTC_FORMAL_REPLAY_V1,True,PASS
CAND_BTC_EXH_SHORT_24_V1,b26508e10380d869,EXHAUSTION_REVERSAL,SHORT,2026-04-13T22:56:00+00:00,2026-04-13T22:56:00+00:00,2026-04-13T22:57:00+00:00,74622.6,74750.0,72231.30175493,24,2026-04-13T23:21:00+00:00,74750.0,74596.0,72231.30175493,VWAP_GE_200BP,Q90_95,STRONG_GE_0_45,LATE_US,REVERSAL_CANDIDATE,research/results/sprint_06_discovery_events.csv,research/results/sprint_06_discovery_features.csv,SPRINT08_BTC_FORMAL_REPLAY_V1,True,PASS
CAND_BTC_EXH_SHORT_24_V1,ea8aa2bdade0844e,EXHAUSTION_REVERSAL,SHORT,2026-04-14T08:38:00+00:00,2026-04-14T08:38:00+00:00,2026-04-14T08:39:00+00:00,74838.7,74873.5,74395.64193732,24,2026-04-14T09:03:00+00:00,74873.5,74771.8,74395.64193732,VWAP_45_60BP,Q95_PLUS,MID_0_25_0_45,LONDON,EXPANSION,research/results/sprint_06_discovery_events.csv,research/results/sprint_06_discovery_features.csv,SPRINT08_BTC_FORMAL_REPLAY_V1,True,PASS
CAND_BTC_EXH_SHORT_24_V1,4a46333ec588bf17,EXHAUSTION_REVERSAL,SHORT,2026-04-14T13:48:00+00:00,2026-04-14T13:48:00+00:00,2026-04-14T13:49:00+00:00,75288.1,75365.0,74517.57109778,24,2026-04-14T14:13:00+00:00,75365.0,75187.2,74517.57109778,VWAP_100_200BP,Q95_PLUS,MID_0_25_0_45,US,REVERSAL_CANDIDATE,research/results/sprint_06_discovery_events.csv,research/results/sprint_06_discovery_features.csv,SPRINT08_BTC_FORMAL_REPLAY_V1,True,PASS
CAND_BTC_EXH_SHORT_24_V1,142d119ed68ccd3d,EXHAUSTION_REVERSAL,SHORT,2026-04-14T14:33:00+00:00,2026-04-14T14:33:00+00:00,2026-04-14T14:34:00+00:00,75892.7,76009.0,74790.51307864,24,2026-04-14T14:58:00+00:00,76009.0,75885.1,74790.51307864,VWAP_100_200BP,Q95_PLUS,STRONG_GE_0_45,US,REVERSAL_CANDIDATE,research/results/sprint_06_discovery_events.csv,research/results/sprint_06_discovery_features.csv,SPRINT08_BTC_FORMAL_REPLAY_V1,True,PASS
CAND_BTC_EXH_SHORT_24_V1,562e61bdb8ae4fc3,EXHAUSTION_REVERSAL,SHORT,2026-04-14T16:09:00+00:00,2026-04-14T16:09:00+00:00,2026-04-14T16:10:00+00:00,75618.3,75684.9,74870.30874835,24,2026-04-14T16:34:00+00:00,75684.9,75463.3,74870.30874835,VWAP_100_200BP,Q95_PLUS,MID_0_25_0_45,US,TREND_UP,research/results/sprint_06_discovery_events.csv,research/results/sprint_06_discovery_features.csv,SPRINT08_BTC_FORMAL_REPLAY_V1,True,PASS
CAND_BTC_EXH_SHORT_24_V1,faacb551f24148d9,EXHAUSTION_REVERSAL,SHORT,2026-04-15T14:25:00+00:00,2026-04-15T14:25:00+00:00,2026-04-15T14:26:00+00:00,74374.6,74419.1,74090.10777124,24,2026-04-15T14:50:00+00:00,74419.1,74287.8,74090.10777124,VWAP_45_60BP,Q90_95,MID_0_25_0_45,US,EXPANSION,research/results/sprint_06_discovery_events.csv,research/results/sprint_06_discovery_features.csv,SPRINT08_BTC_FORMAL_REPLAY_V1,True,PASS
CAND_BTC_EXH_SHORT_24_V1,51b81a61a91cded6,EXHAUSTION_REVERSAL,SHORT,2026-04-15T19:12:00+00:00,2026-04-15T19:12:00+00:00,2026-04-15T19:13:00+00:00,74602.8,74660.0,74075.71515127,24,2026-04-15T19:37:00+00:00,74660.0,74593.6,74075.71515127,VWAP_60_100BP,Q90_95,STRONG_GE_0_45,US,REVERSAL_CANDIDATE,research/results/sprint_06_discovery_events.csv,research/results/sprint_06_discovery_features.csv,SPRINT08_BTC_FORMAL_REPLAY_V1,True,PASS
CAND_BTC_EXH_SHORT_24_V1,8dfb081c975ed720,EXHAUSTION_REVERSAL,SHORT,2026-04-15T22:11:00+00:00,2026-04-15T22:11:00+00:00,2026-04-15T22:12:00+00:00,75055.9,75110.9,74204.03720668,24,2026-04-15T22:36:00+00:00,75110.9,75009.7,74204.03720668,VWAP_100_200BP,Q95_PLUS,LOW_LT_0_25,LATE_US,EXPANSION,research/results/sprint_06_discovery_events.csv,research/results/sprint_06_discovery_features.csv,SPRINT08_BTC_FORMAL_REPLAY_V1,True,PASS
CAND_BTC_EXH_SHORT_24_V1,6e29244197f8c155,EXHAUSTION_REVERSAL,SHORT,2026-04-15T22:40:00+00:00,2026-04-15T22:40:00+00:00,2026-04-15T22:41:00+00:00,75251.1,75425.6,74232.3015352,24,2026-04-15T23:05:00+00:00,75425.6,75029.5,74232.3015352,VWAP_100_200BP,Q95_PLUS,MID_0_25_0_45,LATE_US,REVERSAL_CANDIDATE,research/results/sprint_06_discovery_events.csv,research/results/sprint_06_discovery_features.csv,SPRINT08_BTC_FORMAL_REPLAY_V1,True,PASS
CAND_BTC_EXH_SHORT_24_V1,2682cb42a6866047,EXHAUSTION_REVERSAL,SHORT,2026-04-16T02:33:00+00:00,2026-04-16T02:33:00+00:00,2026-04-16T02:34:00+00:00,74991.6,75051.8,74670.41152094,24,2026-04-16T02:58:00+00:00,75051.8,74973.7,74670.41152094,VWAP_45_60BP,Q95_PLUS,STRONG_GE_0_45,ASIA,REVERSAL_CANDIDATE,research/results/sprint_06_discovery_events.csv,research/results/sprint_06_discovery_features.csv,SPRINT08_BTC_FORMAL_REPLAY_V1,True,PASS
CAND_BTC_EXH_SHORT_24_V1,7e3a6fb746dd33d8,EXHAUSTION_REVERSAL,SHORT,2026-04-16T16:09:00+00:00,2026-04-16T16:09:00+00:00,2026-04-16T16:10:00+00:00,74841.7,74901.6,74400.47826022,24,2026-04-16T16:34:00+00:00,74901.6,74828.5,74400.47826022,VWAP_45_60BP,Q90_95,STRONG_GE_0_45,US,REVERSAL_CANDIDATE,research/results/sprint_06_discovery_events.csv,research/results/sprint_06_discovery_features.csv,SPRINT08_BTC_FORMAL_REPLAY_V1,True,PASS
CAND_BTC_EXH_SHORT_24_V1,58546f251ea80a68,EXHAUSTION_REVERSAL,SHORT,2026-04-16T18:54:00+00:00,2026-04-16T18:54:00+00:00,2026-04-16T18:55:00+00:00,74899.7,75073.0,74398.00833903,24,2026-04-16T19:19:00+00:00,75073.0,74885.4,74398.00833903,VWAP_60_100BP,Q95_PLUS,STRONG_GE_0_45,US,REVERSAL_CANDIDATE,research/results/sprint_06_discovery_events.csv,research/results/sprint_06_discovery_features.csv,SPRINT08_BTC_FORMAL_REPLAY_V1,True,PASS
CAND_BTC_EXH_SHORT_24_V1,c949cf9063dc82b5,EXHAUSTION_REVERSAL,SHORT,2026-04-16T19:43:00+00:00,2026-04-16T19:43:00+00:00,2026-04-16T19:44:00+00:00,75206.5,75280.0,74428.40191573,24,2026-04-16T20:08:00+00:00,75280.0,75182.4,74428.40191573,VWAP_100_200BP,Q95_PLUS,STRONG_GE_0_45,US,REVERSAL_CANDIDATE,research/results/sprint_06_discovery_events.csv,research/results/sprint_06_discovery_features.csv,SPRINT08_BTC_FORMAL_REPLAY_V1,True,PASS
CAND_BTC_EXH_SHORT_24_V1,eb642875d4c4da5c,EXHAUSTION_REVERSAL,SHORT,2026-04-17T08:56:00+00:00,2026-04-17T08:56:00+00:00,2026-04-17T08:57:00+00:00,75764.0,75869.0,75003.61668775,24,2026-04-17T09:21:00+00:00,75869.0,75725.9,75003.61668775,VWAP_100_200BP,Q95_PLUS,STRONG_GE_0_45,LONDON,REVERSAL_CANDIDATE,research/results/sprint_06_discovery_events.csv,research/results/sprint_06_discovery_features.csv,SPRINT08_BTC_FORMAL_REPLAY_V1,True,PASS
CAND_BTC_EXH_SHORT_24_V1,88126590160157e4,EXHAUSTION_REVERSAL,SHORT,2026-04-17T12:54:00+00:00,2026-04-17T12:54:00+00:00,2026-04-17T12:55:00+00:00,76102.4,76206.6,75386.08853464,24,2026-04-17T13:19:00+00:00,76206.6,76073.6,75386.08853464,VWAP_60_100BP,Q90_95,STRONG_GE_0_45,LONDON,REVERSAL_CANDIDATE,research/results/sprint_06_discovery_events.csv,research/results/sprint_06_discovery_features.csv,SPRINT08_BTC_FORMAL_REPLAY_V1,True,PASS
CAND_BTC_EXH_SHORT_24_V1,36addc266e94d9a8,EXHAUSTION_REVERSAL,SHORT,2026-04-17T13:13:00+00:00,2026-04-17T13:13:00+00:00,2026-04-17T13:14:00+00:00,76692.0,76770.0,75511.64270809,24,2026-04-17T13:38:00+00:00,76770.0,76593.4,75511.64270809,VWAP_100_200BP,Q95_PLUS,MID_0_25_0_45,US,REVERSAL_CANDIDATE,research/results/sprint_06_discovery_events.csv,research/results/sprint_06_discovery_features.csv,SPRINT08_BTC_FORMAL_REPLAY_V1,True,PASS
CAND_BTC_EXH_SHORT_24_V1,35b9b7cf04b1284f,EXHAUSTION_REVERSAL,SHORT,2026-04-17T13:52:00+00:00,2026-04-17T13:52:00+00:00,2026-04-17T13:53:00+00:00,77164.5,77284.5,75785.19431222,24,2026-04-17T14:17:00+00:00,77284.5,76961.5,75785.19431222,VWAP_100_200BP,Q95_PLUS,MID_0_25_0_45,US,REVERSAL_CANDIDATE,research/results/sprint_06_discovery_events.csv,research/results/sprint_06_discovery_features.csv,SPRINT08_BTC_FORMAL_REPLAY_V1,True,PASS
CAND_BTC_EXH_SHORT_24_V1,530d775db27ef416,EXHAUSTION_REVERSAL,SHORT,2026-04-17T16:06:00+00:00,2026-04-17T16:06:00+00:00,2026-04-17T16:07:00+00:00,77852.0,77929.8,76285.74121378,24,2026-04-17T16:31:00+00:00,77929.8,77827.6,76285.74121378,VWAP_GE_200BP,Q95_PLUS,STRONG_GE_0_45,US,REVERSAL_CANDIDATE,research/results/sprint_06_discovery_events.csv,research/results/sprint_06_discovery_features.csv,SPRINT08_BTC_FORMAL_REPLAY_V1,True,PASS
CAND_BTC_EXH_SHORT_24_V1,d293a5948bab35b4,EXHAUSTION_REVERSAL,SHORT,2026-04-19T13:23:00+00:00,2026-04-19T13:23:00+00:00,2026-04-19T13:24:00+00:00,76155.9,76200.0,75419.25561695,24,2026-04-19T13:48:00+00:00,76200.0,76102.5,75419.25561695,VWAP_60_100BP,Q95_PLUS,STRONG_GE_0_45,US,REVERSAL_CANDIDATE,research/results/sprint_06_discovery_events.csv,research/results/sprint_06_discovery_features.csv,SPRINT08_BTC_FORMAL_REPLAY_V1,True,PASS
CAND_BTC_EXH_SHORT_24_V1,4a3092f925901490,EXHAUSTION_REVERSAL,SHORT,2026-04-20T01:45:00+00:00,2026-04-20T01:45:00+00:00,2026-04-20T01:46:00+00:00,74637.0,74673.7,74177.18527023,24,2026-04-20T02:10:00+00:00,74673.7,74580.9,74177.18527023,VWAP_60_100BP,Q90_95,MID_0_25_0_45,ASIA,REVERSAL_CANDIDATE,research/results/sprint_06_discovery_events.csv,research/results/sprint_06_discovery_features.csv,SPRINT08_BTC_FORMAL_REPLAY_V1,True,PASS
CAND_BTC_EXH_SHORT_24_V1,ee612c4fb1496ce5,EXHAUSTION_REVERSAL,SHORT,2026-04-20T06:43:00+00:00,2026-04-20T06:43:00+00:00,2026-04-20T06:44:00+00:00,74755.2,74808.7,74316.94557123,24,2026-04-20T07:08:00+00:00,74808.7,74736.2,74316.94557123,VWAP_45_60BP,Q90_95,STRONG_GE_0_45,ASIA,REVERSAL_CANDIDATE,research/results/sprint_06_discovery_events.csv,research/results/sprint_06_discovery_features.csv,SPRINT08_BTC_FORMAL_REPLAY_V1,True,PASS
CAND_BTC_EXH_SHORT_24_V1,8f86ab32e0f1af7b,EXHAUSTION_REVERSAL,SHORT,2026-04-20T07:24:00+00:00,2026-04-20T07:24:00+00:00,2026-04-20T07:25:00+00:00,75431.4,75521.0,74476.54913969,24,2026-04-20T07:49:00+00:00,75521.0,75209.6,74476.54913969,VWAP_100_200BP,Q95_PLUS,MID_0_25_0_45,LONDON,EXPANSION,research/results/sprint_06_discovery_events.csv,research/results/sprint_06_discovery_features.csv,SPRINT08_BTC_FORMAL_REPLAY_V1,True,PASS
CAND_BTC_EXH_SHORT_24_V1,da69be34931fe64a,EXHAUSTION_REVERSAL,SHORT,2026-04-20T12:21:00+00:00,2026-04-20T12:21:00+00:00,2026-04-20T12:22:00+00:00,75552.5,75633.0,74709.77490924,24,2026-04-20T12:46:00+00:00,75633.0,75408.4,74709.77490924,VWAP_100_200BP,Q95_PLUS,MID_0_25_0_45,LONDON,REVERSAL_CANDIDATE,research/results/sprint_06_discovery_events.csv,research/results/sprint_06_discovery_features.csv,SPRINT08_BTC_FORMAL_REPLAY_V1,True,PASS
CAND_BTC_EXH_SHORT_24_V1,485c599f6cfef8a8,EXHAUSTION_REVERSAL,SHORT,2026-04-20T14:27:00+00:00,2026-04-20T14:27:00+00:00,2026-04-20T14:28:00+00:00,75633.6,75734.0,74817.00501966,24,2026-04-20T14:52:00+00:00,75734.0,75540.0,74817.00501966,VWAP_100_200BP,Q95_PLUS,STRONG_GE_0_45,US,REVERSAL_CANDIDATE,research/results/sprint_06_discovery_events.csv,research/results/sprint_06_discovery_features.csv,SPRINT08_BTC_FORMAL_REPLAY_V1,True,PASS
CAND_BTC_EXH_SHORT_24_V1,4558603f15f1282d,EXHAUSTION_REVERSAL,SHORT,2026-04-20T15:28:00+00:00,2026-04-20T15:28:00+00:00,2026-04-20T15:29:00+00:00,75579.8,75666.0,74870.7780822,24,2026-04-20T15:53:00+00:00,75666.0,75461.0,74870.7780822,VWAP_60_100BP,Q95_PLUS,MID_0_25_0_45,US,REVERSAL_CANDIDATE,research/results/sprint_06_discovery_events.csv,research/results/sprint_06_discovery_features.csv,SPRINT08_BTC_FORMAL_REPLAY_V1,True,PASS
CAND_BTC_EXH_SHORT_24_V1,4419e35bd46f51c2,EXHAUSTION_REVERSAL,SHORT,2026-04-20T17:19:00+00:00,2026-04-20T17:19:00+00:00,2026-04-20T17:20:00+00:00,75763.0,75826.8,74947.3087281,24,2026-04-20T17:44:00+00:00,75826.8,75670.2,74947.3087281,VWAP_100_200BP,Q95_PLUS,MID_0_25_0_45,US,REVERSAL_CANDIDATE,research/results/sprint_06_discovery_events.csv,research/results/sprint_06_discovery_features.csv,SPRINT08_BTC_FORMAL_REPLAY_V1,True,PASS
CAND_BTC_EXH_SHORT_24_V1,ecf9d5bd57f7b1bf,EXHAUSTION_REVERSAL,SHORT,2026-04-20T18:04:00+00:00,2026-04-20T18:04:00+00:00,2026-04-20T18:05:00+00:00,76088.6,76277.6,75013.63006682,24,2026-04-20T18:29:00+00:00,76277.6,76052.4,75013.63006682,VWAP_100_200BP,Q95_PLUS,STRONG_GE_0_45,US,REVERSAL_CANDIDATE,research/results/sprint_06_discovery_events.csv,research/results/sprint_06_discovery_features.csv,SPRINT08_BTC_FORMAL_REPLAY_V1,True,PASS
CAND_BTC_EXH_SHORT_24_V1,aecf1006b75b3243,EXHAUSTION_REVERSAL,SHORT,2026-04-20T18:52:00+00:00,2026-04-20T18:52:00+00:00,2026-04-20T18:53:00+00:00,76362.7,76429.9,75090.6934872,24,2026-04-20T19:17:00+00:00,76429.9,76311.3,75090.6934872,VWAP_100_200BP,Q90_95,STRONG_GE_0_45,US,REVERSAL_CANDIDATE,research/results/sprint_06_discovery_events.csv,research/results/sprint_06_discovery_features.csv,SPRINT08_BTC_FORMAL_REPLAY_V1,True,PASS
CAND_BTC_EXH_SHORT_24_V1,6a181785f3c6b1da,EXHAUSTION_REVERSAL,SHORT,2026-04-20T20:22:00+00:00,2026-04-20T20:22:00+00:00,2026-04-20T20:23:00+00:00,76469.6,76531.0,75212.11295601,24,2026-04-20T20:47:00+00:00,76531.0,76337.7,75212.11295601,VWAP_100_200BP,Q95_PLUS,MID_0_25_0_45,LATE_US,EXPANSION,research/results/sprint_06_discovery_events.csv,research/results/sprint_06_discovery_features.csv,SPRINT08_BTC_FORMAL_REPLAY_V1,True,PASS
CAND_BTC_EXH_SHORT_24_V1,75b88b2416fa759b,EXHAUSTION_REVERSAL,SHORT,2026-04-21T07:27:00+00:00,2026-04-21T07:27:00+00:00,2026-04-21T07:28:00+00:00,76173.9,76242.0,75811.46972089,24,2026-04-21T07:52:00+00:00,76242.0,76154.6,75811.46972089,VWAP_45_60BP,Q95_PLUS,STRONG_GE_0_45,LONDON,REVERSAL_CANDIDATE,research/results/sprint_06_discovery_events.csv,research/results/sprint_06_discovery_features.csv,SPRINT08_BTC_FORMAL_REPLAY_V1,True,PASS
CAND_BTC_EXH_SHORT_24_V1,c80662ff442bb170,EXHAUSTION_REVERSAL,SHORT,2026-04-21T08:48:00+00:00,2026-04-21T08:48:00+00:00,2026-04-21T08:49:00+00:00,76748.3,76999.0,75997.1937558,24,2026-04-21T09:13:00+00:00,76999.0,76425.5,75997.1937558,VWAP_100_200BP,Q95_PLUS,MID_0_25_0_45,LONDON,REVERSAL_CANDIDATE,research/results/sprint_06_discovery_events.csv,research/results/sprint_06_discovery_features.csv,SPRINT08_BTC_FORMAL_REPLAY_V1,True,PASS
CAND_BTC_EXH_SHORT_24_V1,883cdf6107704ed0,EXHAUSTION_REVERSAL,SHORT,2026-04-21T10:55:00+00:00,2026-04-21T10:55:00+00:00,2026-04-21T10:56:00+00:00,76791.7,76820.0,76117.0183232,24,2026-04-21T11:20:00+00:00,76820.0,76762.0,76117.0183232,VWAP_60_100BP,Q90_95,STRONG_GE_0_45,LONDON,REVERSAL_CANDIDATE,research/results/sprint_06_discovery_events.csv,research/results/sprint_06_discovery_features.csv,SPRINT08_BTC_FORMAL_REPLAY_V1,True,PASS
CAND_BTC_EXH_SHORT_24_V1,52e8a858b62df0b1,EXHAUSTION_REVERSAL,SHORT,2026-04-21T14:42:00+00:00,2026-04-21T14:42:00+00:00,2026-04-21T14:43:00+00:00,76413.0,76574.3,76117.42729749,24,2026-04-21T15:07:00+00:00,76574.3,76331.9,76117.42729749,VWAP_45_60BP,Q95_PLUS,STRONG_GE_0_45,US,REVERSAL_CANDIDATE,research/results/sprint_06_discovery_events.csv,research/results/sprint_06_discovery_features.csv,SPRINT08_BTC_FORMAL_REPLAY_V1,True,PASS
CAND_BTC_EXH_SHORT_24_V1,80b505c7bcc3302a,EXHAUSTION_REVERSAL,SHORT,2026-04-21T23:47:00+00:00,2026-04-21T23:47:00+00:00,2026-04-21T23:48:00+00:00,76281.2,76377.1,75865.32594546,24,2026-04-22T00:12:00+00:00,76377.1,76200.5,75865.32594546,VWAP_45_60BP,Q95_PLUS,STRONG_GE_0_45,LATE_US,REVERSAL_CANDIDATE,research/results/sprint_06_discovery_events.csv,research/results/sprint_06_discovery_features.csv,SPRINT08_BTC_FORMAL_REPLAY_V1,True,PASS
CAND_BTC_EXH_SHORT_24_V1,d696089d9f006664,EXHAUSTION_REVERSAL,SHORT,2026-04-22T02:18:00+00:00,2026-04-22T02:18:00+00:00,2026-04-22T02:19:00+00:00,77044.4,77127.0,76536.22824848,24,2026-04-22T02:43:00+00:00,77127.0,76843.2,76536.22824848,VWAP_60_100BP,Q95_PLUS,MID_0_25_0_45,ASIA,EXPANSION,research/results/sprint_06_discovery_events.csv,research/results/sprint_06_discovery_features.csv,SPRINT08_BTC_FORMAL_REPLAY_V1,True,PASS
CAND_BTC_EXH_SHORT_24_V1,0448f24035706549,EXHAUSTION_REVERSAL,SHORT,2026-04-22T05:25:00+00:00,2026-04-22T05:25:00+00:00,2026-04-22T05:26:00+00:00,78183.2,78447.5,77287.4406165,24,2026-04-22T05:50:00+00:00,78447.5,78103.9,77287.4406165,VWAP_100_200BP,Q95_PLUS,STRONG_GE_0_45,ASIA,REVERSAL_CANDIDATE,research/results/sprint_06_discovery_events.csv,research/results/sprint_06_discovery_features.csv,SPRINT08_BTC_FORMAL_REPLAY_V1,True,PASS
CAND_BTC_EXH_SHORT_24_V1,1dba46e02b79111a,EXHAUSTION_REVERSAL,SHORT,2026-04-22T14:23:00+00:00,2026-04-22T14:23:00+00:00,2026-04-22T14:24:00+00:00,79062.1,79142.8,77826.71612631,24,2026-04-22T14:48:00+00:00,79142.8,78987.8,77826.71612631,VWAP_100_200BP,Q90_95,STRONG_GE_0_45,US,REVERSAL_CANDIDATE,research/results/sprint_06_discovery_events.csv,research/results/sprint_06_discovery_features.csv,SPRINT08_BTC_FORMAL_REPLAY_V1,True,PASS
CAND_BTC_EXH_SHORT_24_V1,8e77415da15b32bb,EXHAUSTION_REVERSAL,SHORT,2026-04-23T15:18:00+00:00,2026-04-23T15:18:00+00:00,2026-04-23T15:19:00+00:00,78360.9,78446.9,77770.06069753,24,2026-04-23T15:43:00+00:00,78446.9,78218.4,77770.06069753,VWAP_60_100BP,Q95_PLUS,MID_0_25_0_45,US,REVERSAL_CANDIDATE,research/results/sprint_06_discovery_events.csv,research/results/sprint_06_discovery_features.csv,SPRINT08_BTC_FORMAL_REPLAY_V1,True,PASS
CAND_BTC_EXH_SHORT_24_V1,cd6f2000d2a7f2cd,EXHAUSTION_REVERSAL,SHORT,2026-04-24T04:04:00+00:00,2026-04-24T04:04:00+00:00,2026-04-24T04:05:00+00:00,78529.0,78582.0,78261.55485627,24,2026-04-24T04:29:00+00:00,78582.0,78482.0,78261.55485627,VWAP_45_60BP,Q95_PLUS,STRONG_GE_0_45,ASIA,REVERSAL_CANDIDATE,research/results/sprint_06_discovery_events.csv,research/results/sprint_06_discovery_features.csv,SPRINT08_BTC_FORMAL_REPLAY_V1,True,PASS
CAND_BTC_EXH_SHORT_24_V1,f57f0f3b08a87413,EXHAUSTION_REVERSAL,SHORT,2026-04-24T13:08:00+00:00,2026-04-24T13:08:00+00:00,2026-04-24T13:09:00+00:00,78211.0,78296.0,77884.44633274,24,2026-04-24T13:33:00+00:00,78296.0,78106.0,77884.44633274,VWAP_45_60BP,Q90_95,MID_0_25_0_45,US,REVERSAL_CANDIDATE,research/results/sprint_06_discovery_events.csv,research/results/sprint_06_discovery_features.csv,SPRINT08_BTC_FORMAL_REPLAY_V1,True,PASS
CAND_BTC_EXH_SHORT_24_V1,b41042aa25f99c9e,EXHAUSTION_REVERSAL,SHORT,2026-04-24T15:12:00+00:00,2026-04-24T15:12:00+00:00,2026-04-24T15:13:00+00:00,78408.0,78479.0,77942.06492782,24,2026-04-24T15:37:00+00:00,78479.0,78376.0,77942.06492782,VWAP_45_60BP,Q95_PLUS,STRONG_GE_0_45,US,REVERSAL_CANDIDATE,research/results/sprint_06_discovery_events.csv,research/results/sprint_06_discovery_features.csv,SPRINT08_BTC_FORMAL_REPLAY_V1,True,PASS
CAND_BTC_EXH_SHORT_24_V1,daad522f8466f7f7,EXHAUSTION_REVERSAL,SHORT,2026-04-26T06:50:00+00:00,2026-04-26T06:50:00+00:00,2026-04-26T06:51:00+00:00,77743.0,77800.0,77547.06633863,24,2026-04-26T07:15:00+00:00,77800.0,77731.0,77547.06633863,VWAP_45_60BP,Q95_PLUS,MID_0_25_0_45,ASIA,REVERSAL_CANDIDATE,research/results/sprint_06_discovery_events.csv,research/results/sprint_06_discovery_features.csv,SPRINT08_BTC_FORMAL_REPLAY_V1,True,PASS
CAND_BTC_EXH_SHORT_24_V1,83d0de219a2a6102,EXHAUSTION_REVERSAL,SHORT,2026-04-26T23:57:00+00:00,2026-04-26T23:57:00+00:00,2026-04-26T23:58:00+00:00,78522.0,78778.0,77983.80181811,24,2026-04-27T00:22:00+00:00,78778.0,78358.0,77983.80181811,VWAP_60_100BP,Q95_PLUS,STRONG_GE_0_45,LATE_US,REVERSAL_CANDIDATE,research/results/sprint_06_discovery_events.csv,research/results/sprint_06_discovery_features.csv,SPRINT08_BTC_FORMAL_REPLAY_V1,True,PASS
CAND_BTC_EXH_SHORT_24_V1,b52ec798ac9f2d18,EXHAUSTION_REVERSAL,SHORT,2026-04-27T01:50:00+00:00,2026-04-27T01:50:00+00:00,2026-04-27T01:51:00+00:00,78765.0,78902.0,78412.69883924,24,2026-04-27T02:15:00+00:00,78902.0,78681.0,78412.69883924,VWAP_45_60BP,Q95_PLUS,STRONG_GE_0_45,ASIA,REVERSAL_CANDIDATE,research/results/sprint_06_discovery_events.csv,research/results/sprint_06_discovery_features.csv,SPRINT08_BTC_FORMAL_REPLAY_V1,True,PASS
CAND_BTC_EXH_SHORT_24_V1,276bb2a593351fae,EXHAUSTION_REVERSAL,SHORT,2026-04-27T03:02:00+00:00,2026-04-27T03:02:00+00:00,2026-04-27T03:03:00+00:00,79430.0,79486.0,78693.072045,24,2026-04-27T03:27:00+00:00,79486.0,79400.0,78693.072045,VWAP_60_100BP,Q95_PLUS,STRONG_GE_0_45,ASIA,REVERSAL_CANDIDATE,research/results/sprint_06_discovery_events.csv,research/results/sprint_06_discovery_features.csv,SPRINT08_BTC_FORMAL_REPLAY_V1,True,PASS
CAND_BTC_EXH_SHORT_24_V1,82edb454ed3a106f,EXHAUSTION_REVERSAL,SHORT,2026-04-29T03:51:00+00:00,2026-04-29T03:51:00+00:00,2026-04-29T03:52:00+00:00,76610.0,76668.0,76388.95862235,24,2026-04-29T04:16:00+00:00,76668.0,76593.0,76388.95862235,VWAP_45_60BP,Q95_PLUS,STRONG_GE_0_45,ASIA,REVERSAL_CANDIDATE,research/results/sprint_06_discovery_events.csv,research/results/sprint_06_discovery_features.csv,SPRINT08_BTC_FORMAL_REPLAY_V1,True,PASS
CAND_BTC_EXH_SHORT_24_V1,e796fb25140d6a29,EXHAUSTION_REVERSAL,SHORT,2026-04-29T05:21:00+00:00,2026-04-29T05:21:00+00:00,2026-04-29T05:22:00+00:00,76853.0,76900.0,76454.73326875,24,2026-04-29T05:46:00+00:00,76900.0,76833.0,76454.73326875,VWAP_45_60BP,Q95_PLUS,STRONG_GE_0_45,ASIA,REVERSAL_CANDIDATE,research/results/sprint_06_discovery_events.csv,research/results/sprint_06_discovery_features.csv,SPRINT08_BTC_FORMAL_REPLAY_V1,True,PASS
CAND_BTC_EXH_SHORT_24_V1,26d7c92830ba7656,EXHAUSTION_REVERSAL,SHORT,2026-04-29T11:52:00+00:00,2026-04-29T11:52:00+00:00,2026-04-29T11:53:00+00:00,77686.0,77800.0,76943.24595579,24,2026-04-29T12:17:00+00:00,77800.0,77674.0,76943.24595579,VWAP_60_100BP,Q95_PLUS,STRONG_GE_0_45,LONDON,REVERSAL_CANDIDATE,research/results/sprint_06_discovery_events.csv,research/results/sprint_06_discovery_features.csv,SPRINT08_BTC_FORMAL_REPLAY_V1,True,PASS
CAND_BTC_EXH_SHORT_24_V1,adff81262d511ddd,EXHAUSTION_REVERSAL,SHORT,2026-04-30T02:49:00+00:00,2026-04-30T02:49:00+00:00,2026-04-30T02:50:00+00:00,76269.0,76345.0,75909.76381192,24,2026-04-30T03:14:00+00:00,76345.0,76218.0,75909.76381192,VWAP_45_60BP,Q95_PLUS,STRONG_GE_0_45,ASIA,REVERSAL_CANDIDATE,research/results/sprint_06_discovery_events.csv,research/results/sprint_06_discovery_features.csv,SPRINT08_BTC_FORMAL_REPLAY_V1,True,PASS
CAND_BTC_EXH_SHORT_24_V1,5e1c64599f5765a8,EXHAUSTION_REVERSAL,SHORT,2026-04-30T15:44:00+00:00,2026-04-30T15:44:00+00:00,2026-04-30T15:45:00+00:00,76582.0,76613.0,76039.23987593,24,2026-04-30T16:09:00+00:00,76613.0,76505.0,76039.23987593,VWAP_60_100BP,Q90_95,MID_0_25_0_45,US,EXPANSION,research/results/sprint_06_discovery_events.csv,research/results/sprint_06_discovery_features.csv,SPRINT08_BTC_FORMAL_REPLAY_V1,True,PASS
CAND_BTC_EXH_SHORT_24_V1,4d7e829baeee8cfd,EXHAUSTION_REVERSAL,SHORT,2026-05-01T10:21:00+00:00,2026-05-01T10:21:00+00:00,2026-05-01T10:22:00+00:00,77392.0,77418.0,76947.06621683,24,2026-05-01T10:46:00+00:00,77418.0,77353.0,76947.06621683,VWAP_45_60BP,Q90_95,MID_0_25_0_45,LONDON,REVERSAL_CANDIDATE,research/results/sprint_06_discovery_events.csv,research/results/sprint_06_discovery_features.csv,SPRINT08_BTC_FORMAL_REPLAY_V1,True,PASS
CAND_BTC_EXH_SHORT_24_V1,760a15c7c4ec0a37,EXHAUSTION_REVERSAL,SHORT,2026-05-01T14:38:00+00:00,2026-05-01T14:38:00+00:00,2026-05-01T14:39:00+00:00,78090.0,78170.0,77132.60669878,24,2026-05-01T15:03:00+00:00,78170.0,78064.0,77132.60669878,VWAP_100_200BP,Q95_PLUS,STRONG_GE_0_45,US,REVERSAL_CANDIDATE,research/results/sprint_06_discovery_events.csv,research/results/sprint_06_discovery_features.csv,SPRINT08_BTC_FORMAL_REPLAY_V1,True,PASS
CAND_BTC_EXH_SHORT_24_V1,2e21563956c415a0,EXHAUSTION_REVERSAL,SHORT,2026-05-03T22:37:00+00:00,2026-05-03T22:37:00+00:00,2026-05-03T22:38:00+00:00,79147.0,79268.0,78578.17206131,24,2026-05-03T23:02:00+00:00,79268.0,79086.0,78578.17206131,VWAP_60_100BP,Q95_PLUS,STRONG_GE_0_45,LATE_US,REVERSAL_CANDIDATE,research/results/sprint_06_discovery_events.csv,research/results/sprint_06_discovery_features.csv,SPRINT08_BTC_FORMAL_REPLAY_V1,True,PASS
CAND_BTC_EXH_SHORT_24_V1,510dfaa553efaf7b,EXHAUSTION_REVERSAL,SHORT,2026-05-04T04:01:00+00:00,2026-05-04T04:01:00+00:00,2026-05-04T04:02:00+00:00,79813.0,80100.0,79165.20988505,24,2026-05-04T04:26:00+00:00,80100.0,79769.0,79165.20988505,VWAP_60_100BP,Q95_PLUS,STRONG_GE_0_45,ASIA,REVERSAL_CANDIDATE,research/results/sprint_06_discovery_events.csv,research/results/sprint_06_discovery_features.csv,SPRINT08_BTC_FORMAL_REPLAY_V1,True,PASS
CAND_BTC_EXH_SHORT_24_V1,17b1c0f2a64a2506,EXHAUSTION_REVERSAL,SHORT,2026-05-04T04:42:00+00:00,2026-05-04T04:42:00+00:00,2026-05-04T04:43:00+00:00,80192.0,80328.0,79344.77747303,24,2026-05-04T05:07:00+00:00,80328.0,80128.0,79344.77747303,VWAP_100_200BP,Q95_PLUS,STRONG_GE_0_45,ASIA,REVERSAL_CANDIDATE,research/results/sprint_06_discovery_events.csv,research/results/sprint_06_discovery_features.csv,SPRINT08_BTC_FORMAL_REPLAY_V1,True,PASS
CAND_BTC_EXH_SHORT_24_V1,669fb2c63076d14b,EXHAUSTION_REVERSAL,SHORT,2026-05-04T06:03:00+00:00,2026-05-04T06:03:00+00:00,2026-05-04T06:04:00+00:00,80399.0,80430.0,79546.72223815,24,2026-05-04T06:28:00+00:00,80430.0,80386.0,79546.72223815,VWAP_100_200BP,Q95_PLUS,STRONG_GE_0_45,ASIA,REVERSAL_CANDIDATE,research/results/sprint_06_discovery_events.csv,research/results/sprint_06_discovery_features.csv,SPRINT08_BTC_FORMAL_REPLAY_V1,True,PASS
CAND_BTC_EXH_SHORT_24_V1,e6f00bcc03a9d8ec,EXHAUSTION_REVERSAL,SHORT,2026-05-04T16:53:00+00:00,2026-05-04T16:53:00+00:00,2026-05-04T16:54:00+00:00,80347.0,80466.0,79406.8453985,24,2026-05-04T17:18:00+00:00,80466.0,80340.0,79406.8453985,VWAP_100_200BP,Q95_PLUS,STRONG_GE_0_45,US,REVERSAL_CANDIDATE,research/results/sprint_06_discovery_events.csv,research/results/sprint_06_discovery_features.csv,SPRINT08_BTC_FORMAL_REPLAY_V1,True,PASS
CAND_BTC_EXH_SHORT_24_V1,eb992f13b1afd5e3,EXHAUSTION_REVERSAL,SHORT,2026-05-05T04:46:00+00:00,2026-05-05T04:46:00+00:00,2026-05-05T04:47:00+00:00,80793.0,80900.0,80211.05308027,24,2026-05-05T05:11:00+00:00,80900.0,80793.0,80211.05308027,VWAP_60_100BP,Q95_PLUS,STRONG_GE_0_45,ASIA,REVERSAL_CANDIDATE,research/results/sprint_06_discovery_events.csv,research/results/sprint_06_discovery_features.csv,SPRINT08_BTC_FORMAL_REPLAY_V1,True,PASS
CAND_BTC_EXH_SHORT_24_V1,83add8eb4a086f56,EXHAUSTION_REVERSAL,SHORT,2026-05-05T15:11:00+00:00,2026-05-05T15:11:00+00:00,2026-05-05T15:12:00+00:00,81641.0,81661.0,80760.39598134,24,2026-05-05T15:36:00+00:00,81661.0,81588.0,80760.39598134,VWAP_100_200BP,Q95_PLUS,MID_0_25_0_45,US,EXPANSION,research/results/sprint_06_discovery_events.csv,research/results/sprint_06_discovery_features.csv,SPRINT08_BTC_FORMAL_REPLAY_V1,True,PASS
CAND_BTC_EXH_SHORT_24_V1,6018b63e2344d9e8,EXHAUSTION_REVERSAL,SHORT,2026-05-05T17:13:00+00:00,2026-05-05T17:13:00+00:00,2026-05-05T17:14:00+00:00,81613.0,81665.0,80892.73353025,24,2026-05-05T17:38:00+00:00,81665.0,81547.0,80892.73353025,VWAP_60_100BP,Q90_95,MID_0_25_0_45,US,REVERSAL_CANDIDATE,research/results/sprint_06_discovery_events.csv,research/results/sprint_06_discovery_features.csv,SPRINT08_BTC_FORMAL_REPLAY_V1,True,PASS
CAND_BTC_EXH_SHORT_24_V1,1bf4825ced550838,EXHAUSTION_REVERSAL,SHORT,2026-05-06T05:26:00+00:00,2026-05-06T05:26:00+00:00,2026-05-06T05:27:00+00:00,81728.0,81761.0,81198.18326507,24,2026-05-06T05:51:00+00:00,81761.0,81642.0,81198.18326507,VWAP_60_100BP,Q95_PLUS,MID_0_25_0_45,ASIA,EXPANSION,research/results/sprint_06_discovery_events.csv,research/results/sprint_06_discovery_features.csv,SPRINT08_BTC_FORMAL_REPLAY_V1,True,PASS
CAND_BTC_EXH_SHORT_24_V1,d0f0eb9a388ee1a6,EXHAUSTION_REVERSAL,SHORT,2026-05-06T10:56:00+00:00,2026-05-06T10:56:00+00:00,2026-05-06T10:57:00+00:00,81954.0,81986.0,81345.94452831,24,2026-05-06T11:21:00+00:00,81986.0,81870.0,81345.94452831,VWAP_60_100BP,Q95_PLUS,MID_0_25_0_45,LONDON,EXPANSION,research/results/sprint_06_discovery_events.csv,research/results/sprint_06_discovery_features.csv,SPRINT08_BTC_FORMAL_REPLAY_V1,True,PASS
CAND_BTC_EXH_SHORT_24_V1,756626c33c46981c,EXHAUSTION_REVERSAL,SHORT,2026-05-07T06:36:00+00:00,2026-05-07T06:36:00+00:00,2026-05-07T06:37:00+00:00,81228.0,81296.9,80999.48338206,24,2026-05-07T07:01:00+00:00,81296.9,81224.6,80999.48338206,VWAP_45_60BP,Q95_PLUS,STRONG_GE_0_45,ASIA,REVERSAL_CANDIDATE,research/results/sprint_06_discovery_events.csv,research/results/sprint_06_discovery_features.csv,SPRINT08_BTC_FORMAL_REPLAY_V1,True,PASS
CAND_BTC_EXH_SHORT_24_V1,28741e40e9e98d3c,EXHAUSTION_REVERSAL,SHORT,2026-05-08T17:32:00+00:00,2026-05-08T17:32:00+00:00,2026-05-08T17:33:00+00:00,80156.3,80199.9,79814.31849782,24,2026-05-08T17:57:00+00:00,80199.9,80113.4,79814.31849782,VWAP_45_60BP,Q95_PLUS,STRONG_GE_0_45,US,REVERSAL_CANDIDATE,research/results/sprint_06_discovery_events.csv,research/results/sprint_06_discovery_features.csv,SPRINT08_BTC_FORMAL_REPLAY_V1,True,PASS
CAND_BTC_EXH_SHORT_24_V1,ed3e0f8d79b919fb,EXHAUSTION_REVERSAL,SHORT,2026-05-09T04:07:00+00:00,2026-05-09T04:07:00+00:00,2026-05-09T04:08:00+00:00,80588.1,80641.8,80358.85376981,24,2026-05-09T04:32:00+00:00,80641.8,80448.9,80358.85376981,VWAP_45_60BP,Q95_PLUS,MID_0_25_0_45,ASIA,EXPANSION,research/results/sprint_06_discovery_events.csv,research/results/sprint_06_discovery_features.csv,SPRINT08_BTC_FORMAL_REPLAY_V1,True,PASS
CAND_BTC_EXH_SHORT_24_V1,97db333cdf1f91fc,EXHAUSTION_REVERSAL,SHORT,2026-05-10T15:52:00+00:00,2026-05-10T15:52:00+00:00,2026-05-10T15:53:00+00:00,81330.8,81370.0,80872.7555129,24,2026-05-10T16:17:00+00:00,81370.0,81320.0,80872.7555129,VWAP_45_60BP,Q90_95,STRONG_GE_0_45,US,REVERSAL_CANDIDATE,research/results/sprint_06_discovery_events.csv,research/results/sprint_06_discovery_features.csv,SPRINT08_BTC_FORMAL_REPLAY_V1,True,PASS
CAND_BTC_EXH_SHORT_24_V1,bcbd25be3bdd25f0,EXHAUSTION_REVERSAL,SHORT,2026-05-10T22:33:00+00:00,2026-05-10T22:33:00+00:00,2026-05-10T22:34:00+00:00,81675.5,81786.7,81023.75540195,24,2026-05-10T22:58:00+00:00,81786.7,81528.6,81023.75540195,VWAP_60_100BP,Q95_PLUS,MID_0_25_0_45,LATE_US,REVERSAL_CANDIDATE,research/results/sprint_06_discovery_events.csv,research/results/sprint_06_discovery_features.csv,SPRINT08_BTC_FORMAL_REPLAY_V1,True,PASS
CAND_BTC_EXH_SHORT_24_V1,b9ef0142c0c6104a,EXHAUSTION_REVERSAL,SHORT,2026-05-10T23:03:00+00:00,2026-05-10T23:03:00+00:00,2026-05-10T23:04:00+00:00,82326.4,82395.5,81118.866089,24,2026-05-10T23:28:00+00:00,82395.5,82173.0,81118.866089,VWAP_100_200BP,Q95_PLUS,MID_0_25_0_45,LATE_US,EXPANSION,research/results/sprint_06_discovery_events.csv,research/results/sprint_06_discovery_features.csv,SPRINT08_BTC_FORMAL_REPLAY_V1,True,PASS
CAND_BTC_EXH_SHORT_24_V1,878cabfb572548cd,EXHAUSTION_REVERSAL,SHORT,2026-05-11T17:46:00+00:00,2026-05-11T17:46:00+00:00,2026-05-11T17:47:00+00:00,81959.0,82033.8,81158.13060765,24,2026-05-11T18:11:00+00:00,82033.8,81936.4,81158.13060765,VWAP_60_100BP,Q95_PLUS,STRONG_GE_0_45,US,REVERSAL_CANDIDATE,research/results/sprint_06_discovery_events.csv,research/results/sprint_06_discovery_features.csv,SPRINT08_BTC_FORMAL_REPLAY_V1,True,PASS
CAND_BTC_EXH_SHORT_24_V1,c7a5bf645c7ae8bc,EXHAUSTION_REVERSAL,SHORT,2026-05-14T14:20:00+00:00,2026-05-14T14:20:00+00:00,2026-05-14T14:21:00+00:00,80190.6,80250.0,79604.94489684,24,2026-05-14T14:45:00+00:00,80250.0,80085.5,79604.94489684,VWAP_60_100BP,Q95_PLUS,MID_0_25_0_45,US,REVERSAL_CANDIDATE,research/results/sprint_06_discovery_events.csv,research/results/sprint_06_discovery_features.csv,SPRINT08_BTC_FORMAL_REPLAY_V1,True,PASS
CAND_BTC_EXH_SHORT_24_V1,58454f1022bf8c9d,EXHAUSTION_REVERSAL,SHORT,2026-05-14T15:01:00+00:00,2026-05-14T15:01:00+00:00,2026-05-14T15:02:00+00:00,81067.0,81135.0,79821.79464293,24,2026-05-14T15:26:00+00:00,81135.0,80929.5,79821.79464293,VWAP_100_200BP,Q95_PLUS,MID_0_25_0_45,US,EXPANSION,research/results/sprint_06_discovery_events.csv,research/results/sprint_06_discovery_features.csv,SPRINT08_BTC_FORMAL_REPLAY_V1,True,PASS
