candidate_id,family,side,horizon,surface_type,bucket,events,independent_days,max_day_share,median_return_bp,positive_rate,net_bp_after_0_00015,MFE_MAE_ratio,observable_entry_predicates,suggested_formal_replay_direction,stop_candidate_idea,target_candidate_idea,expiry_candidate_idea,known_weaknesses,required_next_validation
CAND_BTC_EXH_SHORT_24_V1,EXHAUSTION_REVERSAL,SHORT,24,family_side_horizon,,181,54,0.055249,14.338048,0.707182,11.710062,1.757758,"Sprint 06 observable exhaustion predicate: prior impulse, high volume quantile, rejection/stall, delta dominance, VWAP stretch; outcomes are excluded from entry predicates.",SHORT replay after event close; earliest entry next M1 bar open.,Opposite side of exhaustion/rejection event bar or recent impulse extreme; define before replay.,VWAP touch or fixed-R target candidate; choose one before replay.,24 bars after activation as discovery-derived candidate expiry; freeze before replay.,"Discovery-only economics; no Backtester replay, no same-bar audit, no true holdout.","Write formal replay spec, deterministic mapper, Backtester replay, cost stress, same-bar review, source concentration, true holdout."
CAND_BTC_EXH_SHORT_12_V1,EXHAUSTION_REVERSAL,SHORT,12,family_side_horizon,,181,54,0.055249,11.744872,0.729282,10.289549,1.757758,"Sprint 06 observable exhaustion predicate: prior impulse, high volume quantile, rejection/stall, delta dominance, VWAP stretch; outcomes are excluded from entry predicates.",SHORT replay after event close; earliest entry next M1 bar open.,Opposite side of exhaustion/rejection event bar or recent impulse extreme; define before replay.,VWAP touch or fixed-R target candidate; choose one before replay.,12 bars after activation as discovery-derived candidate expiry; freeze before replay.,"Discovery-only economics; no Backtester replay, no same-bar audit, no true holdout.","Write formal replay spec, deterministic mapper, Backtester replay, cost stress, same-bar review, source concentration, true holdout."
CAND_BTC_EXH_SHORT_60_V1,EXHAUSTION_REVERSAL,SHORT,60,family_side_horizon,,181,54,0.055249,12.876336,0.629834,8.265443,1.305889,"Sprint 06 observable exhaustion predicate: prior impulse, high volume quantile, rejection/stall, delta dominance, VWAP stretch; outcomes are excluded from entry predicates.",SHORT replay after event close; earliest entry next M1 bar open.,Opposite side of exhaustion/rejection event bar or recent impulse extreme; define before replay.,VWAP touch or fixed-R target candidate; choose one before replay.,60 bars after activation as discovery-derived candidate expiry; freeze before replay.,"Discovery-only economics; no Backtester replay, no same-bar audit, no true holdout.","Write formal replay spec, deterministic mapper, Backtester replay, cost stress, same-bar review, source concentration, true holdout."
CAND_BTC_EXH_LONG_60_V1,EXHAUSTION_REVERSAL,LONG,60,family_side_horizon,,161,49,0.062112,10.146359,0.658385,8.245225,1.193008,"Sprint 06 observable exhaustion predicate: prior impulse, high volume quantile, rejection/stall, delta dominance, VWAP stretch; outcomes are excluded from entry predicates.",LONG replay after event close; earliest entry next M1 bar open.,Opposite side of exhaustion/rejection event bar or recent impulse extreme; define before replay.,VWAP touch or fixed-R target candidate; choose one before replay.,60 bars after activation as discovery-derived candidate expiry; freeze before replay.,"Discovery-only economics; no Backtester replay, no same-bar audit, no true holdout.","Write formal replay spec, deterministic mapper, Backtester replay, cost stress, same-bar review, source concentration, true holdout."
CAND_BTC_EXH_SHORT_6_V1,EXHAUSTION_REVERSAL,SHORT,6,family_side_horizon,,181,54,0.055249,8.553625,0.718232,7.261098,1.757758,"Sprint 06 observable exhaustion predicate: prior impulse, high volume quantile, rejection/stall, delta dominance, VWAP stretch; outcomes are excluded from entry predicates.",SHORT replay after event close; earliest entry next M1 bar open.,Opposite side of exhaustion/rejection event bar or recent impulse extreme; define before replay.,VWAP touch or fixed-R target candidate; choose one before replay.,6 bars after activation as discovery-derived candidate expiry; freeze before replay.,"Discovery-only economics; no Backtester replay, no same-bar audit, no true holdout.","Write formal replay spec, deterministic mapper, Backtester replay, cost stress, same-bar review, source concentration, true holdout."
CAND_BTC_EXH_LONG_12_V1,EXHAUSTION_REVERSAL,LONG,12,family_side_horizon,,161,49,0.062112,8.781185,0.701863,6.666997,1.344341,"Sprint 06 observable exhaustion predicate: prior impulse, high volume quantile, rejection/stall, delta dominance, VWAP stretch; outcomes are excluded from entry predicates.",LONG replay after event close; earliest entry next M1 bar open.,Opposite side of exhaustion/rejection event bar or recent impulse extreme; define before replay.,VWAP touch or fixed-R target candidate; choose one before replay.,12 bars after activation as discovery-derived candidate expiry; freeze before replay.,"Discovery-only economics; no Backtester replay, no same-bar audit, no true holdout.","Write formal replay spec, deterministic mapper, Backtester replay, cost stress, same-bar review, source concentration, true holdout."
CAND_BTC_VWAP_DEV_SHORT_60_V1,VWAP_DEVIATION_REVERSION,SHORT,60,family_side_horizon,,1282,56,0.060842,9.832838,0.605304,6.624933,1.390887,"Sprint 06 observable VWAP deviation predicate: price stretched from DayVWAP bucket with stall/rejection, session/regime recorded; outcomes are excluded from entry predicates.",SHORT replay after event close; earliest entry next M1 bar open.,Beyond deviation event extreme or volatility-based hard stop; define before replay.,DayVWAP touch or fixed-R target candidate; choose one before replay.,60 bars after activation as discovery-derived candidate expiry; freeze before replay.,"Discovery-only economics; no Backtester replay, no same-bar audit, no true holdout.","Write formal replay spec, deterministic mapper, Backtester replay, cost stress, same-bar review, source concentration, true holdout."
CAND_BTC_VWAP_DEV_LONG_24_V1,VWAP_DEVIATION_REVERSION,LONG,24,family_side_horizon,,1271,52,0.057435,7.091258,0.651456,6.537441,1.875999,"Sprint 06 observable VWAP deviation predicate: price stretched from DayVWAP bucket with stall/rejection, session/regime recorded; outcomes are excluded from entry predicates.",LONG replay after event close; earliest entry next M1 bar open.,Beyond deviation event extreme or volatility-based hard stop; define before replay.,DayVWAP touch or fixed-R target candidate; choose one before replay.,24 bars after activation as discovery-derived candidate expiry; freeze before replay.,"Discovery-only economics; no Backtester replay, no same-bar audit, no true holdout.","Write formal replay spec, deterministic mapper, Backtester replay, cost stress, same-bar review, source concentration, true holdout."
CAND_BTC_VWAP_DEV_LONG_60_V1,VWAP_DEVIATION_REVERSION,LONG,60,family_side_horizon,,1271,52,0.057435,8.237094,0.609756,6.526569,1.36754,"Sprint 06 observable VWAP deviation predicate: price stretched from DayVWAP bucket with stall/rejection, session/regime recorded; outcomes are excluded from entry predicates.",LONG replay after event close; earliest entry next M1 bar open.,Beyond deviation event extreme or volatility-based hard stop; define before replay.,DayVWAP touch or fixed-R target candidate; choose one before replay.,60 bars after activation as discovery-derived candidate expiry; freeze before replay.,"Discovery-only economics; no Backtester replay, no same-bar audit, no true holdout.","Write formal replay spec, deterministic mapper, Backtester replay, cost stress, same-bar review, source concentration, true holdout."
CAND_BTC_VWAP_DEV_SHORT_24_V1,VWAP_DEVIATION_REVERSION,SHORT,24,family_side_horizon,,1283,56,0.060795,8.038477,0.638348,6.497477,1.820122,"Sprint 06 observable VWAP deviation predicate: price stretched from DayVWAP bucket with stall/rejection, session/regime recorded; outcomes are excluded from entry predicates.",SHORT replay after event close; earliest entry next M1 bar open.,Beyond deviation event extreme or volatility-based hard stop; define before replay.,DayVWAP touch or fixed-R target candidate; choose one before replay.,24 bars after activation as discovery-derived candidate expiry; freeze before replay.,"Discovery-only economics; no Backtester replay, no same-bar audit, no true holdout.","Write formal replay spec, deterministic mapper, Backtester replay, cost stress, same-bar review, source concentration, true holdout."
CAND_BTC_EXH_LONG_24_V1,EXHAUSTION_REVERSAL,LONG,24,family_side_horizon,,161,49,0.062112,9.783177,0.670807,6.10424,1.344341,"Sprint 06 observable exhaustion predicate: prior impulse, high volume quantile, rejection/stall, delta dominance, VWAP stretch; outcomes are excluded from entry predicates.",LONG replay after event close; earliest entry next M1 bar open.,Opposite side of exhaustion/rejection event bar or recent impulse extreme; define before replay.,VWAP touch or fixed-R target candidate; choose one before replay.,24 bars after activation as discovery-derived candidate expiry; freeze before replay.,"Discovery-only economics; no Backtester replay, no same-bar audit, no true holdout.","Write formal replay spec, deterministic mapper, Backtester replay, cost stress, same-bar review, source concentration, true holdout."
CAND_BTC_VWAP_DEV_LONG_12_V1,VWAP_DEVIATION_REVERSION,LONG,12,family_side_horizon,,1271,52,0.057435,6.484428,0.677419,5.853668,1.875999,"Sprint 06 observable VWAP deviation predicate: price stretched from DayVWAP bucket with stall/rejection, session/regime recorded; outcomes are excluded from entry predicates.",LONG replay after event close; earliest entry next M1 bar open.,Beyond deviation event extreme or volatility-based hard stop; define before replay.,DayVWAP touch or fixed-R target candidate; choose one before replay.,12 bars after activation as discovery-derived candidate expiry; freeze before replay.,"Discovery-only economics; no Backtester replay, no same-bar audit, no true holdout.","Write formal replay spec, deterministic mapper, Backtester replay, cost stress, same-bar review, source concentration, true holdout."
CAND_BTC_VWAP_DEV_SHORT_12_V1,VWAP_DEVIATION_REVERSION,SHORT,12,family_side_horizon,,1285,56,0.0607,6.637196,0.675486,5.822693,1.822195,"Sprint 06 observable VWAP deviation predicate: price stretched from DayVWAP bucket with stall/rejection, session/regime recorded; outcomes are excluded from entry predicates.",SHORT replay after event close; earliest entry next M1 bar open.,Beyond deviation event extreme or volatility-based hard stop; define before replay.,DayVWAP touch or fixed-R target candidate; choose one before replay.,12 bars after activation as discovery-derived candidate expiry; freeze before replay.,"Discovery-only economics; no Backtester replay, no same-bar audit, no true holdout.","Write formal replay spec, deterministic mapper, Backtester replay, cost stress, same-bar review, source concentration, true holdout."
CAND_BTC_EXH_SHORT_3_V1,EXHAUSTION_REVERSAL,SHORT,3,family_side_horizon,,181,54,0.055249,6.364464,0.729282,5.248432,1.757758,"Sprint 06 observable exhaustion predicate: prior impulse, high volume quantile, rejection/stall, delta dominance, VWAP stretch; outcomes are excluded from entry predicates.",SHORT replay after event close; earliest entry next M1 bar open.,Opposite side of exhaustion/rejection event bar or recent impulse extreme; define before replay.,VWAP touch or fixed-R target candidate; choose one before replay.,3 bars after activation as discovery-derived candidate expiry; freeze before replay.,"Discovery-only economics; no Backtester replay, no same-bar audit, no true holdout.","Write formal replay spec, deterministic mapper, Backtester replay, cost stress, same-bar review, source concentration, true holdout."
CAND_BTC_VWAP_DEV_SHORT_6_V1,VWAP_DEVIATION_REVERSION,SHORT,6,family_side_horizon,,1285,56,0.0607,4.783398,0.668482,4.276802,1.822195,"Sprint 06 observable VWAP deviation predicate: price stretched from DayVWAP bucket with stall/rejection, session/regime recorded; outcomes are excluded from entry predicates.",SHORT replay after event close; earliest entry next M1 bar open.,Beyond deviation event extreme or volatility-based hard stop; define before replay.,DayVWAP touch or fixed-R target candidate; choose one before replay.,6 bars after activation as discovery-derived candidate expiry; freeze before replay.,"Discovery-only economics; no Backtester replay, no same-bar audit, no true holdout.","Write formal replay spec, deterministic mapper, Backtester replay, cost stress, same-bar review, source concentration, true holdout."
CAND_BTC_VWAP_DEV_LONG_6_V1,VWAP_DEVIATION_REVERSION,LONG,6,family_side_horizon,,1271,52,0.057435,4.989863,0.667978,4.249346,1.875999,"Sprint 06 observable VWAP deviation predicate: price stretched from DayVWAP bucket with stall/rejection, session/regime recorded; outcomes are excluded from entry predicates.",LONG replay after event close; earliest entry next M1 bar open.,Beyond deviation event extreme or volatility-based hard stop; define before replay.,DayVWAP touch or fixed-R target candidate; choose one before replay.,6 bars after activation as discovery-derived candidate expiry; freeze before replay.,"Discovery-only economics; no Backtester replay, no same-bar audit, no true holdout.","Write formal replay spec, deterministic mapper, Backtester replay, cost stress, same-bar review, source concentration, true holdout."
CAND_BTC_EXH_LONG_6_V1,EXHAUSTION_REVERSAL,LONG,6,family_side_horizon,,161,49,0.062112,7.689801,0.677019,3.946607,1.344341,"Sprint 06 observable exhaustion predicate: prior impulse, high volume quantile, rejection/stall, delta dominance, VWAP stretch; outcomes are excluded from entry predicates.",LONG replay after event close; earliest entry next M1 bar open.,Opposite side of exhaustion/rejection event bar or recent impulse extreme; define before replay.,VWAP touch or fixed-R target candidate; choose one before replay.,6 bars after activation as discovery-derived candidate expiry; freeze before replay.,"Discovery-only economics; no Backtester replay, no same-bar audit, no true holdout.","Write formal replay spec, deterministic mapper, Backtester replay, cost stress, same-bar review, source concentration, true holdout."
CAND_BTC_VWAP_DEV_SHORT_3_V1,VWAP_DEVIATION_REVERSION,SHORT,3,family_side_horizon,,1284,56,0.060748,3.439678,0.66433,2.845516,1.821342,"Sprint 06 observable VWAP deviation predicate: price stretched from DayVWAP bucket with stall/rejection, session/regime recorded; outcomes are excluded from entry predicates.",SHORT replay after event close; earliest entry next M1 bar open.,Beyond deviation event extreme or volatility-based hard stop; define before replay.,DayVWAP touch or fixed-R target candidate; choose one before replay.,3 bars after activation as discovery-derived candidate expiry; freeze before replay.,"Discovery-only economics; no Backtester replay, no same-bar audit, no true holdout.","Write formal replay spec, deterministic mapper, Backtester replay, cost stress, same-bar review, source concentration, true holdout."
CAND_BTC_VWAP_DEV_LONG_3_V1,VWAP_DEVIATION_REVERSION,LONG,3,family_side_horizon,,1271,52,0.057435,3.611831,0.66011,2.671613,1.875999,"Sprint 06 observable VWAP deviation predicate: price stretched from DayVWAP bucket with stall/rejection, session/regime recorded; outcomes are excluded from entry predicates.",LONG replay after event close; earliest entry next M1 bar open.,Beyond deviation event extreme or volatility-based hard stop; define before replay.,DayVWAP touch or fixed-R target candidate; choose one before replay.,3 bars after activation as discovery-derived candidate expiry; freeze before replay.,"Discovery-only economics; no Backtester replay, no same-bar audit, no true holdout.","Write formal replay spec, deterministic mapper, Backtester replay, cost stress, same-bar review, source concentration, true holdout."
CAND_BTC_EXH_LONG_3_V1,EXHAUSTION_REVERSAL,LONG,3,family_side_horizon,,161,49,0.062112,5.149519,0.652174,2.370672,1.344341,"Sprint 06 observable exhaustion predicate: prior impulse, high volume quantile, rejection/stall, delta dominance, VWAP stretch; outcomes are excluded from entry predicates.",LONG replay after event close; earliest entry next M1 bar open.,Opposite side of exhaustion/rejection event bar or recent impulse extreme; define before replay.,VWAP touch or fixed-R target candidate; choose one before replay.,3 bars after activation as discovery-derived candidate expiry; freeze before replay.,"Discovery-only economics; no Backtester replay, no same-bar audit, no true holdout.","Write formal replay spec, deterministic mapper, Backtester replay, cost stress, same-bar review, source concentration, true holdout."
CAND_BTC_VWAP_DEV_LONG_60_100200_V1,VWAP_DEVIATION_REVERSION,LONG,60,vwap_bucket_only,VWAP_100_200BP,423,30,0.096927,9.869024,0.652482,10.214933,1.510358,"Sprint 06 observable VWAP deviation predicate: price stretched from DayVWAP bucket with stall/rejection, session/regime recorded; outcomes are excluded from entry predicates.",LONG replay after event close; earliest entry next M1 bar open.,Beyond deviation event extreme or volatility-based hard stop; define before replay.,DayVWAP touch or fixed-R target candidate; choose one before replay.,60 bars after activation as discovery-derived candidate expiry; freeze before replay.,"Discovery-only economics; no Backtester replay, no same-bar audit, no true holdout.","Write formal replay spec, deterministic mapper, Backtester replay, cost stress, same-bar review, source concentration, true holdout."
CAND_BTC_VWAP_DEV_SHORT_60_100200_V1,VWAP_DEVIATION_REVERSION,SHORT,60,vwap_bucket_only,VWAP_100_200BP,305,31,0.101639,17.474484,0.639344,8.910669,1.375097,"Sprint 06 observable VWAP deviation predicate: price stretched from DayVWAP bucket with stall/rejection, session/regime recorded; outcomes are excluded from entry predicates.",SHORT replay after event close; earliest entry next M1 bar open.,Beyond deviation event extreme or volatility-based hard stop; define before replay.,DayVWAP touch or fixed-R target candidate; choose one before replay.,60 bars after activation as discovery-derived candidate expiry; freeze before replay.,"Discovery-only economics; no Backtester replay, no same-bar audit, no true holdout.","Write formal replay spec, deterministic mapper, Backtester replay, cost stress, same-bar review, source concentration, true holdout."
CAND_BTC_VWAP_DEV_LONG_24_100200_V1,VWAP_DEVIATION_REVERSION,LONG,24,vwap_bucket_only,VWAP_100_200BP,423,30,0.096927,8.023325,0.680851,8.172974,1.790882,"Sprint 06 observable VWAP deviation predicate: price stretched from DayVWAP bucket with stall/rejection, session/regime recorded; outcomes are excluded from entry predicates.",LONG replay after event close; earliest entry next M1 bar open.,Beyond deviation event extreme or volatility-based hard stop; define before replay.,DayVWAP touch or fixed-R target candidate; choose one before replay.,24 bars after activation as discovery-derived candidate expiry; freeze before replay.,"Discovery-only economics; no Backtester replay, no same-bar audit, no true holdout.","Write formal replay spec, deterministic mapper, Backtester replay, cost stress, same-bar review, source concentration, true holdout."
CAND_BTC_VWAP_DEV_SHORT_24_100200_V1,VWAP_DEVIATION_REVERSION,SHORT,24,vwap_bucket_only,VWAP_100_200BP,305,31,0.101639,9.859556,0.629508,7.969676,1.80852,"Sprint 06 observable VWAP deviation predicate: price stretched from DayVWAP bucket with stall/rejection, session/regime recorded; outcomes are excluded from entry predicates.",SHORT replay after event close; earliest entry next M1 bar open.,Beyond deviation event extreme or volatility-based hard stop; define before replay.,DayVWAP touch or fixed-R target candidate; choose one before replay.,24 bars after activation as discovery-derived candidate expiry; freeze before replay.,"Discovery-only economics; no Backtester replay, no same-bar audit, no true holdout.","Write formal replay spec, deterministic mapper, Backtester replay, cost stress, same-bar review, source concentration, true holdout."
CAND_BTC_VWAP_DEV_SHORT_12_100200_V1,VWAP_DEVIATION_REVERSION,SHORT,12,vwap_bucket_only,VWAP_100_200BP,305,31,0.101639,8.849227,0.665574,7.92756,1.80852,"Sprint 06 observable VWAP deviation predicate: price stretched from DayVWAP bucket with stall/rejection, session/regime recorded; outcomes are excluded from entry predicates.",SHORT replay after event close; earliest entry next M1 bar open.,Beyond deviation event extreme or volatility-based hard stop; define before replay.,DayVWAP touch or fixed-R target candidate; choose one before replay.,12 bars after activation as discovery-derived candidate expiry; freeze before replay.,"Discovery-only economics; no Backtester replay, no same-bar audit, no true holdout.","Write formal replay spec, deterministic mapper, Backtester replay, cost stress, same-bar review, source concentration, true holdout."
CAND_BTC_VWAP_DEV_LONG_24_4560_V1,VWAP_DEVIATION_REVERSION,LONG,24,vwap_bucket_only,VWAP_45_60BP,371,52,0.051213,6.629693,0.681941,7.770397,2.327621,"Sprint 06 observable VWAP deviation predicate: price stretched from DayVWAP bucket with stall/rejection, session/regime recorded; outcomes are excluded from entry predicates.",LONG replay after event close; earliest entry next M1 bar open.,Beyond deviation event extreme or volatility-based hard stop; define before replay.,DayVWAP touch or fixed-R target candidate; choose one before replay.,24 bars after activation as discovery-derived candidate expiry; freeze before replay.,"Discovery-only economics; no Backtester replay, no same-bar audit, no true holdout.","Write formal replay spec, deterministic mapper, Backtester replay, cost stress, same-bar review, source concentration, true holdout."
CAND_BTC_VWAP_DEV_LONG_12_4560_V1,VWAP_DEVIATION_REVERSION,LONG,12,vwap_bucket_only,VWAP_45_60BP,371,52,0.051213,8.012115,0.74124,6.930782,2.327621,"Sprint 06 observable VWAP deviation predicate: price stretched from DayVWAP bucket with stall/rejection, session/regime recorded; outcomes are excluded from entry predicates.",LONG replay after event close; earliest entry next M1 bar open.,Beyond deviation event extreme or volatility-based hard stop; define before replay.,DayVWAP touch or fixed-R target candidate; choose one before replay.,12 bars after activation as discovery-derived candidate expiry; freeze before replay.,"Discovery-only economics; no Backtester replay, no same-bar audit, no true holdout.","Write formal replay spec, deterministic mapper, Backtester replay, cost stress, same-bar review, source concentration, true holdout."
CAND_BTC_VWAP_DEV_SHORT_24_60100_V1,VWAP_DEVIATION_REVERSION,SHORT,24,vwap_bucket_only,VWAP_60_100BP,507,49,0.080868,7.674765,0.623274,6.674585,1.787194,"Sprint 06 observable VWAP deviation predicate: price stretched from DayVWAP bucket with stall/rejection, session/regime recorded; outcomes are excluded from entry predicates.",SHORT replay after event close; earliest entry next M1 bar open.,Beyond deviation event extreme or volatility-based hard stop; define before replay.,DayVWAP touch or fixed-R target candidate; choose one before replay.,24 bars after activation as discovery-derived candidate expiry; freeze before replay.,"Discovery-only economics; no Backtester replay, no same-bar audit, no true holdout.","Write formal replay spec, deterministic mapper, Backtester replay, cost stress, same-bar review, source concentration, true holdout."
CAND_BTC_VWAP_DEV_LONG_12_100200_V1,VWAP_DEVIATION_REVERSION,LONG,12,vwap_bucket_only,VWAP_100_200BP,423,30,0.096927,7.045182,0.669031,6.507371,1.790882,"Sprint 06 observable VWAP deviation predicate: price stretched from DayVWAP bucket with stall/rejection, session/regime recorded; outcomes are excluded from entry predicates.",LONG replay after event close; earliest entry next M1 bar open.,Beyond deviation event extreme or volatility-based hard stop; define before replay.,DayVWAP touch or fixed-R target candidate; choose one before replay.,12 bars after activation as discovery-derived candidate expiry; freeze before replay.,"Discovery-only economics; no Backtester replay, no same-bar audit, no true holdout.","Write formal replay spec, deterministic mapper, Backtester replay, cost stress, same-bar review, source concentration, true holdout."
CAND_BTC_VWAP_DEV_SHORT_60_4560_V1,VWAP_DEVIATION_REVERSION,SHORT,60,vwap_bucket_only,VWAP_45_60BP,425,54,0.044706,6.226896,0.595294,6.056187,1.450578,"Sprint 06 observable VWAP deviation predicate: price stretched from DayVWAP bucket with stall/rejection, session/regime recorded; outcomes are excluded from entry predicates.",SHORT replay after event close; earliest entry next M1 bar open.,Beyond deviation event extreme or volatility-based hard stop; define before replay.,DayVWAP touch or fixed-R target candidate; choose one before replay.,60 bars after activation as discovery-derived candidate expiry; freeze before replay.,"Discovery-only economics; no Backtester replay, no same-bar audit, no true holdout.","Write formal replay spec, deterministic mapper, Backtester replay, cost stress, same-bar review, source concentration, true holdout."
CAND_BTC_VWAP_DEV_SHORT_6_100200_V1,VWAP_DEVIATION_REVERSION,SHORT,6,vwap_bucket_only,VWAP_100_200BP,305,31,0.101639,6.278237,0.639344,6.000482,1.80852,"Sprint 06 observable VWAP deviation predicate: price stretched from DayVWAP bucket with stall/rejection, session/regime recorded; outcomes are excluded from entry predicates.",SHORT replay after event close; earliest entry next M1 bar open.,Beyond deviation event extreme or volatility-based hard stop; define before replay.,DayVWAP touch or fixed-R target candidate; choose one before replay.,6 bars after activation as discovery-derived candidate expiry; freeze before replay.,"Discovery-only economics; no Backtester replay, no same-bar audit, no true holdout.","Write formal replay spec, deterministic mapper, Backtester replay, cost stress, same-bar review, source concentration, true holdout."
CAND_BTC_VWAP_DEV_SHORT_12_60100_V1,VWAP_DEVIATION_REVERSION,SHORT,12,vwap_bucket_only,VWAP_60_100BP,508,49,0.080709,6.510299,0.67126,5.418368,1.790066,"Sprint 06 observable VWAP deviation predicate: price stretched from DayVWAP bucket with stall/rejection, session/regime recorded; outcomes are excluded from entry predicates.",SHORT replay after event close; earliest entry next M1 bar open.,Beyond deviation event extreme or volatility-based hard stop; define before replay.,DayVWAP touch or fixed-R target candidate; choose one before replay.,12 bars after activation as discovery-derived candidate expiry; freeze before replay.,"Discovery-only economics; no Backtester replay, no same-bar audit, no true holdout.","Write formal replay spec, deterministic mapper, Backtester replay, cost stress, same-bar review, source concentration, true holdout."
CAND_BTC_VWAP_DEV_SHORT_60_60100_V1,VWAP_DEVIATION_REVERSION,SHORT,60,vwap_bucket_only,VWAP_60_100BP,507,49,0.080868,9.112698,0.593688,5.095662,1.390784,"Sprint 06 observable VWAP deviation predicate: price stretched from DayVWAP bucket with stall/rejection, session/regime recorded; outcomes are excluded from entry predicates.",SHORT replay after event close; earliest entry next M1 bar open.,Beyond deviation event extreme or volatility-based hard stop; define before replay.,DayVWAP touch or fixed-R target candidate; choose one before replay.,60 bars after activation as discovery-derived candidate expiry; freeze before replay.,"Discovery-only economics; no Backtester replay, no same-bar audit, no true holdout.","Write formal replay spec, deterministic mapper, Backtester replay, cost stress, same-bar review, source concentration, true holdout."
CAND_BTC_VWAP_DEV_SHORT_24_4560_V1,VWAP_DEVIATION_REVERSION,SHORT,24,vwap_bucket_only,VWAP_45_60BP,426,54,0.044601,7.863228,0.673709,5.075249,2.113265,"Sprint 06 observable VWAP deviation predicate: price stretched from DayVWAP bucket with stall/rejection, session/regime recorded; outcomes are excluded from entry predicates.",SHORT replay after event close; earliest entry next M1 bar open.,Beyond deviation event extreme or volatility-based hard stop; define before replay.,DayVWAP touch or fixed-R target candidate; choose one before replay.,24 bars after activation as discovery-derived candidate expiry; freeze before replay.,"Discovery-only economics; no Backtester replay, no same-bar audit, no true holdout.","Write formal replay spec, deterministic mapper, Backtester replay, cost stress, same-bar review, source concentration, true holdout."
CAND_BTC_VWAP_DEV_LONG_6_100200_V1,VWAP_DEVIATION_REVERSION,LONG,6,vwap_bucket_only,VWAP_100_200BP,423,30,0.096927,5.298154,0.65721,5.054542,1.790882,"Sprint 06 observable VWAP deviation predicate: price stretched from DayVWAP bucket with stall/rejection, session/regime recorded; outcomes are excluded from entry predicates.",LONG replay after event close; earliest entry next M1 bar open.,Beyond deviation event extreme or volatility-based hard stop; define before replay.,DayVWAP touch or fixed-R target candidate; choose one before replay.,6 bars after activation as discovery-derived candidate expiry; freeze before replay.,"Discovery-only economics; no Backtester replay, no same-bar audit, no true holdout.","Write formal replay spec, deterministic mapper, Backtester replay, cost stress, same-bar review, source concentration, true holdout."
CAND_BTC_VWAP_DEV_SHORT_12_4560_V1,VWAP_DEVIATION_REVERSION,SHORT,12,vwap_bucket_only,VWAP_45_60BP,427,54,0.044496,6.003934,0.697892,4.966764,2.117161,"Sprint 06 observable VWAP deviation predicate: price stretched from DayVWAP bucket with stall/rejection, session/regime recorded; outcomes are excluded from entry predicates.",SHORT replay after event close; earliest entry next M1 bar open.,Beyond deviation event extreme or volatility-based hard stop; define before replay.,DayVWAP touch or fixed-R target candidate; choose one before replay.,12 bars after activation as discovery-derived candidate expiry; freeze before replay.,"Discovery-only economics; no Backtester replay, no same-bar audit, no true holdout.","Write formal replay spec, deterministic mapper, Backtester replay, cost stress, same-bar review, source concentration, true holdout."
CAND_BTC_VWAP_DEV_LONG_60_4560_V1,VWAP_DEVIATION_REVERSION,LONG,60,vwap_bucket_only,VWAP_45_60BP,371,52,0.051213,7.336788,0.606469,4.598498,1.392905,"Sprint 06 observable VWAP deviation predicate: price stretched from DayVWAP bucket with stall/rejection, session/regime recorded; outcomes are excluded from entry predicates.",LONG replay after event close; earliest entry next M1 bar open.,Beyond deviation event extreme or volatility-based hard stop; define before replay.,DayVWAP touch or fixed-R target candidate; choose one before replay.,60 bars after activation as discovery-derived candidate expiry; freeze before replay.,"Discovery-only economics; no Backtester replay, no same-bar audit, no true holdout.","Write formal replay spec, deterministic mapper, Backtester replay, cost stress, same-bar review, source concentration, true holdout."
CAND_BTC_VWAP_DEV_LONG_6_4560_V1,VWAP_DEVIATION_REVERSION,LONG,6,vwap_bucket_only,VWAP_45_60BP,371,52,0.051213,4.975138,0.684636,4.043485,2.327621,"Sprint 06 observable VWAP deviation predicate: price stretched from DayVWAP bucket with stall/rejection, session/regime recorded; outcomes are excluded from entry predicates.",LONG replay after event close; earliest entry next M1 bar open.,Beyond deviation event extreme or volatility-based hard stop; define before replay.,DayVWAP touch or fixed-R target candidate; choose one before replay.,6 bars after activation as discovery-derived candidate expiry; freeze before replay.,"Discovery-only economics; no Backtester replay, no same-bar audit, no true holdout.","Write formal replay spec, deterministic mapper, Backtester replay, cost stress, same-bar review, source concentration, true holdout."
CAND_BTC_VWAP_DEV_SHORT_6_4560_V1,VWAP_DEVIATION_REVERSION,SHORT,6,vwap_bucket_only,VWAP_45_60BP,427,54,0.044496,4.686986,0.704918,4.008096,2.117161,"Sprint 06 observable VWAP deviation predicate: price stretched from DayVWAP bucket with stall/rejection, session/regime recorded; outcomes are excluded from entry predicates.",SHORT replay after event close; earliest entry next M1 bar open.,Beyond deviation event extreme or volatility-based hard stop; define before replay.,DayVWAP touch or fixed-R target candidate; choose one before replay.,6 bars after activation as discovery-derived candidate expiry; freeze before replay.,"Discovery-only economics; no Backtester replay, no same-bar audit, no true holdout.","Write formal replay spec, deterministic mapper, Backtester replay, cost stress, same-bar review, source concentration, true holdout."
CAND_BTC_VWAP_DEV_SHORT_6_60100_V1,VWAP_DEVIATION_REVERSION,SHORT,6,vwap_bucket_only,VWAP_60_100BP,508,49,0.080709,4.387097,0.661417,3.619617,1.790066,"Sprint 06 observable VWAP deviation predicate: price stretched from DayVWAP bucket with stall/rejection, session/regime recorded; outcomes are excluded from entry predicates.",SHORT replay after event close; earliest entry next M1 bar open.,Beyond deviation event extreme or volatility-based hard stop; define before replay.,DayVWAP touch or fixed-R target candidate; choose one before replay.,6 bars after activation as discovery-derived candidate expiry; freeze before replay.,"Discovery-only economics; no Backtester replay, no same-bar audit, no true holdout.","Write formal replay spec, deterministic mapper, Backtester replay, cost stress, same-bar review, source concentration, true holdout."
CAND_BTC_VWAP_DEV_SHORT_3_100200_V1,VWAP_DEVIATION_REVERSION,SHORT,3,vwap_bucket_only,VWAP_100_200BP,305,31,0.101639,4.227196,0.645902,3.528666,1.80852,"Sprint 06 observable VWAP deviation predicate: price stretched from DayVWAP bucket with stall/rejection, session/regime recorded; outcomes are excluded from entry predicates.",SHORT replay after event close; earliest entry next M1 bar open.,Beyond deviation event extreme or volatility-based hard stop; define before replay.,DayVWAP touch or fixed-R target candidate; choose one before replay.,3 bars after activation as discovery-derived candidate expiry; freeze before replay.,"Discovery-only economics; no Backtester replay, no same-bar audit, no true holdout.","Write formal replay spec, deterministic mapper, Backtester replay, cost stress, same-bar review, source concentration, true holdout."
CAND_BTC_VWAP_DEV_LONG_12_60100_V1,VWAP_DEVIATION_REVERSION,LONG,12,vwap_bucket_only,VWAP_60_100BP,454,42,0.081498,4.495627,0.625551,3.39324,1.611046,"Sprint 06 observable VWAP deviation predicate: price stretched from DayVWAP bucket with stall/rejection, session/regime recorded; outcomes are excluded from entry predicates.",LONG replay after event close; earliest entry next M1 bar open.,Beyond deviation event extreme or volatility-based hard stop; define before replay.,DayVWAP touch or fixed-R target candidate; choose one before replay.,12 bars after activation as discovery-derived candidate expiry; freeze before replay.,"Discovery-only economics; no Backtester replay, no same-bar audit, no true holdout.","Write formal replay spec, deterministic mapper, Backtester replay, cost stress, same-bar review, source concentration, true holdout."
CAND_BTC_VWAP_DEV_LONG_3_100200_V1,VWAP_DEVIATION_REVERSION,LONG,3,vwap_bucket_only,VWAP_100_200BP,423,30,0.096927,3.826915,0.661939,3.306174,1.790882,"Sprint 06 observable VWAP deviation predicate: price stretched from DayVWAP bucket with stall/rejection, session/regime recorded; outcomes are excluded from entry predicates.",LONG replay after event close; earliest entry next M1 bar open.,Beyond deviation event extreme or volatility-based hard stop; define before replay.,DayVWAP touch or fixed-R target candidate; choose one before replay.,3 bars after activation as discovery-derived candidate expiry; freeze before replay.,"Discovery-only economics; no Backtester replay, no same-bar audit, no true holdout.","Write formal replay spec, deterministic mapper, Backtester replay, cost stress, same-bar review, source concentration, true holdout."
CAND_BTC_VWAP_DEV_LONG_6_60100_V1,VWAP_DEVIATION_REVERSION,LONG,6,vwap_bucket_only,VWAP_60_100BP,454,42,0.081498,4.51781,0.65859,3.054934,1.611046,"Sprint 06 observable VWAP deviation predicate: price stretched from DayVWAP bucket with stall/rejection, session/regime recorded; outcomes are excluded from entry predicates.",LONG replay after event close; earliest entry next M1 bar open.,Beyond deviation event extreme or volatility-based hard stop; define before replay.,DayVWAP touch or fixed-R target candidate; choose one before replay.,6 bars after activation as discovery-derived candidate expiry; freeze before replay.,"Discovery-only economics; no Backtester replay, no same-bar audit, no true holdout.","Write formal replay spec, deterministic mapper, Backtester replay, cost stress, same-bar review, source concentration, true holdout."
CAND_BTC_VWAP_DEV_LONG_60_60100_V1,VWAP_DEVIATION_REVERSION,LONG,60,vwap_bucket_only,VWAP_60_100BP,454,42,0.081498,4.693392,0.557269,2.884729,1.164553,"Sprint 06 observable VWAP deviation predicate: price stretched from DayVWAP bucket with stall/rejection, session/regime recorded; outcomes are excluded from entry predicates.",LONG replay after event close; earliest entry next M1 bar open.,Beyond deviation event extreme or volatility-based hard stop; define before replay.,DayVWAP touch or fixed-R target candidate; choose one before replay.,60 bars after activation as discovery-derived candidate expiry; freeze before replay.,"Discovery-only economics; no Backtester replay, no same-bar audit, no true holdout.","Write formal replay spec, deterministic mapper, Backtester replay, cost stress, same-bar review, source concentration, true holdout."
CAND_BTC_VWAP_DEV_LONG_24_60100_V1,VWAP_DEVIATION_REVERSION,LONG,24,vwap_bucket_only,VWAP_60_100BP,454,42,0.081498,4.763715,0.588106,2.699599,1.611046,"Sprint 06 observable VWAP deviation predicate: price stretched from DayVWAP bucket with stall/rejection, session/regime recorded; outcomes are excluded from entry predicates.",LONG replay after event close; earliest entry next M1 bar open.,Beyond deviation event extreme or volatility-based hard stop; define before replay.,DayVWAP touch or fixed-R target candidate; choose one before replay.,24 bars after activation as discovery-derived candidate expiry; freeze before replay.,"Discovery-only economics; no Backtester replay, no same-bar audit, no true holdout.","Write formal replay spec, deterministic mapper, Backtester replay, cost stress, same-bar review, source concentration, true holdout."
CAND_BTC_VWAP_DEV_SHORT_3_60100_V1,VWAP_DEVIATION_REVERSION,SHORT,3,vwap_bucket_only,VWAP_60_100BP,508,49,0.080709,3.439792,0.663386,2.537075,1.790066,"Sprint 06 observable VWAP deviation predicate: price stretched from DayVWAP bucket with stall/rejection, session/regime recorded; outcomes are excluded from entry predicates.",SHORT replay after event close; earliest entry next M1 bar open.,Beyond deviation event extreme or volatility-based hard stop; define before replay.,DayVWAP touch or fixed-R target candidate; choose one before replay.,3 bars after activation as discovery-derived candidate expiry; freeze before replay.,"Discovery-only economics; no Backtester replay, no same-bar audit, no true holdout.","Write formal replay spec, deterministic mapper, Backtester replay, cost stress, same-bar review, source concentration, true holdout."
CAND_BTC_VWAP_DEV_SHORT_3_4560_V1,VWAP_DEVIATION_REVERSION,SHORT,3,vwap_bucket_only,VWAP_45_60BP,426,54,0.044601,2.753351,0.678404,2.378103,2.113685,"Sprint 06 observable VWAP deviation predicate: price stretched from DayVWAP bucket with stall/rejection, session/regime recorded; outcomes are excluded from entry predicates.",SHORT replay after event close; earliest entry next M1 bar open.,Beyond deviation event extreme or volatility-based hard stop; define before replay.,DayVWAP touch or fixed-R target candidate; choose one before replay.,3 bars after activation as discovery-derived candidate expiry; freeze before replay.,"Discovery-only economics; no Backtester replay, no same-bar audit, no true holdout.","Write formal replay spec, deterministic mapper, Backtester replay, cost stress, same-bar review, source concentration, true holdout."
CAND_BTC_VWAP_DEV_LONG_3_4560_V1,VWAP_DEVIATION_REVERSION,LONG,3,vwap_bucket_only,VWAP_45_60BP,371,52,0.051213,3.61207,0.665768,2.334727,2.327621,"Sprint 06 observable VWAP deviation predicate: price stretched from DayVWAP bucket with stall/rejection, session/regime recorded; outcomes are excluded from entry predicates.",LONG replay after event close; earliest entry next M1 bar open.,Beyond deviation event extreme or volatility-based hard stop; define before replay.,DayVWAP touch or fixed-R target candidate; choose one before replay.,3 bars after activation as discovery-derived candidate expiry; freeze before replay.,"Discovery-only economics; no Backtester replay, no same-bar audit, no true holdout.","Write formal replay spec, deterministic mapper, Backtester replay, cost stress, same-bar review, source concentration, true holdout."
CAND_BTC_VWAP_DEV_LONG_3_60100_V1,VWAP_DEVIATION_REVERSION,LONG,3,vwap_bucket_only,VWAP_60_100BP,454,42,0.081498,3.21127,0.645374,1.950704,1.611046,"Sprint 06 observable VWAP deviation predicate: price stretched from DayVWAP bucket with stall/rejection, session/regime recorded; outcomes are excluded from entry predicates.",LONG replay after event close; earliest entry next M1 bar open.,Beyond deviation event extreme or volatility-based hard stop; define before replay.,DayVWAP touch or fixed-R target candidate; choose one before replay.,3 bars after activation as discovery-derived candidate expiry; freeze before replay.,"Discovery-only economics; no Backtester replay, no same-bar audit, no true holdout.","Write formal replay spec, deterministic mapper, Backtester replay, cost stress, same-bar review, source concentration, true holdout."
CAND_BTC_EXH_SHORT_24_REJ_STRONGGE045_V1,EXHAUSTION_REVERSAL,SHORT,24,rejection_bucket_only,STRONG_GE_0_45,100,45,0.05,13.41967,0.68,9.920775,1.452713,"Sprint 06 observable exhaustion predicate: prior impulse, high volume quantile, rejection/stall, delta dominance, VWAP stretch; outcomes are excluded from entry predicates.",SHORT replay after event close; earliest entry next M1 bar open.,Opposite side of exhaustion/rejection event bar or recent impulse extreme; define before replay.,VWAP touch or fixed-R target candidate; choose one before replay.,24 bars after activation as discovery-derived candidate expiry; freeze before replay.,"Discovery-only economics; no Backtester replay, no same-bar audit, no true holdout.","Write formal replay spec, deterministic mapper, Backtester replay, cost stress, same-bar review, source concentration, true holdout."
CAND_BTC_EXH_SHORT_12_REJ_STRONGGE045_V1,EXHAUSTION_REVERSAL,SHORT,12,rejection_bucket_only,STRONG_GE_0_45,100,45,0.05,11.190435,0.7,8.727355,1.452713,"Sprint 06 observable exhaustion predicate: prior impulse, high volume quantile, rejection/stall, delta dominance, VWAP stretch; outcomes are excluded from entry predicates.",SHORT replay after event close; earliest entry next M1 bar open.,Opposite side of exhaustion/rejection event bar or recent impulse extreme; define before replay.,VWAP touch or fixed-R target candidate; choose one before replay.,12 bars after activation as discovery-derived candidate expiry; freeze before replay.,"Discovery-only economics; no Backtester replay, no same-bar audit, no true holdout.","Write formal replay spec, deterministic mapper, Backtester replay, cost stress, same-bar review, source concentration, true holdout."
CAND_BTC_EXH_SHORT_60_REJ_STRONGGE045_V1,EXHAUSTION_REVERSAL,SHORT,60,rejection_bucket_only,STRONG_GE_0_45,100,45,0.05,9.53217,0.64,7.52153,1.249282,"Sprint 06 observable exhaustion predicate: prior impulse, high volume quantile, rejection/stall, delta dominance, VWAP stretch; outcomes are excluded from entry predicates.",SHORT replay after event close; earliest entry next M1 bar open.,Opposite side of exhaustion/rejection event bar or recent impulse extreme; define before replay.,VWAP touch or fixed-R target candidate; choose one before replay.,60 bars after activation as discovery-derived candidate expiry; freeze before replay.,"Discovery-only economics; no Backtester replay, no same-bar audit, no true holdout.","Write formal replay spec, deterministic mapper, Backtester replay, cost stress, same-bar review, source concentration, true holdout."
CAND_BTC_EXH_SHORT_6_REJ_STRONGGE045_V1,EXHAUSTION_REVERSAL,SHORT,6,rejection_bucket_only,STRONG_GE_0_45,100,45,0.05,6.593009,0.65,5.470833,1.452713,"Sprint 06 observable exhaustion predicate: prior impulse, high volume quantile, rejection/stall, delta dominance, VWAP stretch; outcomes are excluded from entry predicates.",SHORT replay after event close; earliest entry next M1 bar open.,Opposite side of exhaustion/rejection event bar or recent impulse extreme; define before replay.,VWAP touch or fixed-R target candidate; choose one before replay.,6 bars after activation as discovery-derived candidate expiry; freeze before replay.,"Discovery-only economics; no Backtester replay, no same-bar audit, no true holdout.","Write formal replay spec, deterministic mapper, Backtester replay, cost stress, same-bar review, source concentration, true holdout."
CAND_BTC_EXH_SHORT_3_REJ_STRONGGE045_V1,EXHAUSTION_REVERSAL,SHORT,3,rejection_bucket_only,STRONG_GE_0_45,100,45,0.05,4.266486,0.67,2.922574,1.452713,"Sprint 06 observable exhaustion predicate: prior impulse, high volume quantile, rejection/stall, delta dominance, VWAP stretch; outcomes are excluded from entry predicates.",SHORT replay after event close; earliest entry next M1 bar open.,Opposite side of exhaustion/rejection event bar or recent impulse extreme; define before replay.,VWAP touch or fixed-R target candidate; choose one before replay.,3 bars after activation as discovery-derived candidate expiry; freeze before replay.,"Discovery-only economics; no Backtester replay, no same-bar audit, no true holdout.","Write formal replay spec, deterministic mapper, Backtester replay, cost stress, same-bar review, source concentration, true holdout."
CAND_BTC_VWAP_DEV_SHORT_60_VOL_Q9095_V1,VWAP_DEVIATION_REVERSION,SHORT,60,volume_bucket_only,Q90_95,166,45,0.060241,13.88144,0.638554,13.439985,1.517459,"Sprint 06 observable VWAP deviation predicate: price stretched from DayVWAP bucket with stall/rejection, session/regime recorded; outcomes are excluded from entry predicates.",SHORT replay after event close; earliest entry next M1 bar open.,Beyond deviation event extreme or volatility-based hard stop; define before replay.,DayVWAP touch or fixed-R target candidate; choose one before replay.,60 bars after activation as discovery-derived candidate expiry; freeze before replay.,"Discovery-only economics; no Backtester replay, no same-bar audit, no true holdout.","Write formal replay spec, deterministic mapper, Backtester replay, cost stress, same-bar review, source concentration, true holdout."
CAND_BTC_EXH_SHORT_24_VOL_Q95PLUS_V1,EXHAUSTION_REVERSAL,SHORT,24,volume_bucket_only,Q95_PLUS,144,54,0.048611,14.626353,0.722222,13.288867,1.873215,"Sprint 06 observable exhaustion predicate: prior impulse, high volume quantile, rejection/stall, delta dominance, VWAP stretch; outcomes are excluded from entry predicates.",SHORT replay after event close; earliest entry next M1 bar open.,Opposite side of exhaustion/rejection event bar or recent impulse extreme; define before replay.,VWAP touch or fixed-R target candidate; choose one before replay.,24 bars after activation as discovery-derived candidate expiry; freeze before replay.,"Discovery-only economics; no Backtester replay, no same-bar audit, no true holdout.","Write formal replay spec, deterministic mapper, Backtester replay, cost stress, same-bar review, source concentration, true holdout."
CAND_BTC_EXH_SHORT_12_VOL_Q95PLUS_V1,EXHAUSTION_REVERSAL,SHORT,12,volume_bucket_only,Q95_PLUS,144,54,0.048611,11.622109,0.722222,10.55092,1.873215,"Sprint 06 observable exhaustion predicate: prior impulse, high volume quantile, rejection/stall, delta dominance, VWAP stretch; outcomes are excluded from entry predicates.",SHORT replay after event close; earliest entry next M1 bar open.,Opposite side of exhaustion/rejection event bar or recent impulse extreme; define before replay.,VWAP touch or fixed-R target candidate; choose one before replay.,12 bars after activation as discovery-derived candidate expiry; freeze before replay.,"Discovery-only economics; no Backtester replay, no same-bar audit, no true holdout.","Write formal replay spec, deterministic mapper, Backtester replay, cost stress, same-bar review, source concentration, true holdout."
CAND_BTC_VWAP_DEV_LONG_24_VOL_Q9095_V1,VWAP_DEVIATION_REVERSION,LONG,24,volume_bucket_only,Q90_95,172,45,0.069767,10.971698,0.69186,9.414598,1.881786,"Sprint 06 observable VWAP deviation predicate: price stretched from DayVWAP bucket with stall/rejection, session/regime recorded; outcomes are excluded from entry predicates.",LONG replay after event close; earliest entry next M1 bar open.,Beyond deviation event extreme or volatility-based hard stop; define before replay.,DayVWAP touch or fixed-R target candidate; choose one before replay.,24 bars after activation as discovery-derived candidate expiry; freeze before replay.,"Discovery-only economics; no Backtester replay, no same-bar audit, no true holdout.","Write formal replay spec, deterministic mapper, Backtester replay, cost stress, same-bar review, source concentration, true holdout."
CAND_BTC_VWAP_DEV_LONG_60_VOL_Q9095_V1,VWAP_DEVIATION_REVERSION,LONG,60,volume_bucket_only,Q90_95,172,45,0.069767,8.763211,0.651163,9.230175,1.462999,"Sprint 06 observable VWAP deviation predicate: price stretched from DayVWAP bucket with stall/rejection, session/regime recorded; outcomes are excluded from entry predicates.",LONG replay after event close; earliest entry next M1 bar open.,Beyond deviation event extreme or volatility-based hard stop; define before replay.,DayVWAP touch or fixed-R target candidate; choose one before replay.,60 bars after activation as discovery-derived candidate expiry; freeze before replay.,"Discovery-only economics; no Backtester replay, no same-bar audit, no true holdout.","Write formal replay spec, deterministic mapper, Backtester replay, cost stress, same-bar review, source concentration, true holdout."
CAND_BTC_VWAP_DEV_LONG_60_VOL_BELOWQ75_V1,VWAP_DEVIATION_REVERSION,LONG,60,volume_bucket_only,BELOW_Q75,460,44,0.054348,8.524302,0.597826,8.995988,1.60668,"Sprint 06 observable VWAP deviation predicate: price stretched from DayVWAP bucket with stall/rejection, session/regime recorded; outcomes are excluded from entry predicates.",LONG replay after event close; earliest entry next M1 bar open.,Beyond deviation event extreme or volatility-based hard stop; define before replay.,DayVWAP touch or fixed-R target candidate; choose one before replay.,60 bars after activation as discovery-derived candidate expiry; freeze before replay.,"Discovery-only economics; no Backtester replay, no same-bar audit, no true holdout.","Write formal replay spec, deterministic mapper, Backtester replay, cost stress, same-bar review, source concentration, true holdout."
CAND_BTC_VWAP_DEV_LONG_24_VOL_BELOWQ75_V1,VWAP_DEVIATION_REVERSION,LONG,24,volume_bucket_only,BELOW_Q75,460,44,0.054348,6.810485,0.658696,8.402881,2.358769,"Sprint 06 observable VWAP deviation predicate: price stretched from DayVWAP bucket with stall/rejection, session/regime recorded; outcomes are excluded from entry predicates.",LONG replay after event close; earliest entry next M1 bar open.,Beyond deviation event extreme or volatility-based hard stop; define before replay.,DayVWAP touch or fixed-R target candidate; choose one before replay.,24 bars after activation as discovery-derived candidate expiry; freeze before replay.,"Discovery-only economics; no Backtester replay, no same-bar audit, no true holdout.","Write formal replay spec, deterministic mapper, Backtester replay, cost stress, same-bar review, source concentration, true holdout."
CAND_BTC_EXH_SHORT_6_VOL_Q95PLUS_V1,EXHAUSTION_REVERSAL,SHORT,6,volume_bucket_only,Q95_PLUS,144,54,0.048611,8.792533,0.722222,8.065725,1.873215,"Sprint 06 observable exhaustion predicate: prior impulse, high volume quantile, rejection/stall, delta dominance, VWAP stretch; outcomes are excluded from entry predicates.",SHORT replay after event close; earliest entry next M1 bar open.,Opposite side of exhaustion/rejection event bar or recent impulse extreme; define before replay.,VWAP touch or fixed-R target candidate; choose one before replay.,6 bars after activation as discovery-derived candidate expiry; freeze before replay.,"Discovery-only economics; no Backtester replay, no same-bar audit, no true holdout.","Write formal replay spec, deterministic mapper, Backtester replay, cost stress, same-bar review, source concentration, true holdout."
CAND_BTC_VWAP_DEV_SHORT_60_VOL_Q7590_V1,VWAP_DEVIATION_REVERSION,SHORT,60,volume_bucket_only,Q75_90,327,50,0.06422,10.300153,0.626911,7.530748,1.449665,"Sprint 06 observable VWAP deviation predicate: price stretched from DayVWAP bucket with stall/rejection, session/regime recorded; outcomes are excluded from entry predicates.",SHORT replay after event close; earliest entry next M1 bar open.,Beyond deviation event extreme or volatility-based hard stop; define before replay.,DayVWAP touch or fixed-R target candidate; choose one before replay.,60 bars after activation as discovery-derived candidate expiry; freeze before replay.,"Discovery-only economics; no Backtester replay, no same-bar audit, no true holdout.","Write formal replay spec, deterministic mapper, Backtester replay, cost stress, same-bar review, source concentration, true holdout."
CAND_BTC_VWAP_DEV_SHORT_24_VOL_Q95PLUS_V1,VWAP_DEVIATION_REVERSION,SHORT,24,volume_bucket_only,Q95_PLUS,319,53,0.053292,9.346195,0.667712,7.330329,1.610946,"Sprint 06 observable VWAP deviation predicate: price stretched from DayVWAP bucket with stall/rejection, session/regime recorded; outcomes are excluded from entry predicates.",SHORT replay after event close; earliest entry next M1 bar open.,Beyond deviation event extreme or volatility-based hard stop; define before replay.,DayVWAP touch or fixed-R target candidate; choose one before replay.,24 bars after activation as discovery-derived candidate expiry; freeze before replay.,"Discovery-only economics; no Backtester replay, no same-bar audit, no true holdout.","Write formal replay spec, deterministic mapper, Backtester replay, cost stress, same-bar review, source concentration, true holdout."
CAND_BTC_VWAP_DEV_LONG_12_VOL_Q9095_V1,VWAP_DEVIATION_REVERSION,LONG,12,volume_bucket_only,Q90_95,172,45,0.069767,8.054645,0.72093,7.316183,1.881786,"Sprint 06 observable VWAP deviation predicate: price stretched from DayVWAP bucket with stall/rejection, session/regime recorded; outcomes are excluded from entry predicates.",LONG replay after event close; earliest entry next M1 bar open.,Beyond deviation event extreme or volatility-based hard stop; define before replay.,DayVWAP touch or fixed-R target candidate; choose one before replay.,12 bars after activation as discovery-derived candidate expiry; freeze before replay.,"Discovery-only economics; no Backtester replay, no same-bar audit, no true holdout.","Write formal replay spec, deterministic mapper, Backtester replay, cost stress, same-bar review, source concentration, true holdout."
CAND_BTC_VWAP_DEV_SHORT_24_VOL_Q9095_V1,VWAP_DEVIATION_REVERSION,SHORT,24,volume_bucket_only,Q90_95,166,45,0.060241,9.237121,0.626506,6.862658,1.537756,"Sprint 06 observable VWAP deviation predicate: price stretched from DayVWAP bucket with stall/rejection, session/regime recorded; outcomes are excluded from entry predicates.",SHORT replay after event close; earliest entry next M1 bar open.,Beyond deviation event extreme or volatility-based hard stop; define before replay.,DayVWAP touch or fixed-R target candidate; choose one before replay.,24 bars after activation as discovery-derived candidate expiry; freeze before replay.,"Discovery-only economics; no Backtester replay, no same-bar audit, no true holdout.","Write formal replay spec, deterministic mapper, Backtester replay, cost stress, same-bar review, source concentration, true holdout."
CAND_BTC_EXH_SHORT_60_VOL_Q95PLUS_V1,EXHAUSTION_REVERSAL,SHORT,60,volume_bucket_only,Q95_PLUS,144,54,0.048611,11.136679,0.618056,6.785935,1.293189,"Sprint 06 observable exhaustion predicate: prior impulse, high volume quantile, rejection/stall, delta dominance, VWAP stretch; outcomes are excluded from entry predicates.",SHORT replay after event close; earliest entry next M1 bar open.,Opposite side of exhaustion/rejection event bar or recent impulse extreme; define before replay.,VWAP touch or fixed-R target candidate; choose one before replay.,60 bars after activation as discovery-derived candidate expiry; freeze before replay.,"Discovery-only economics; no Backtester replay, no same-bar audit, no true holdout.","Write formal replay spec, deterministic mapper, Backtester replay, cost stress, same-bar review, source concentration, true holdout."
CAND_BTC_EXH_SHORT_3_VOL_Q95PLUS_V1,EXHAUSTION_REVERSAL,SHORT,3,volume_bucket_only,Q95_PLUS,144,54,0.048611,7.946694,0.75,6.698162,1.873215,"Sprint 06 observable exhaustion predicate: prior impulse, high volume quantile, rejection/stall, delta dominance, VWAP stretch; outcomes are excluded from entry predicates.",SHORT replay after event close; earliest entry next M1 bar open.,Opposite side of exhaustion/rejection event bar or recent impulse extreme; define before replay.,VWAP touch or fixed-R target candidate; choose one before replay.,3 bars after activation as discovery-derived candidate expiry; freeze before replay.,"Discovery-only economics; no Backtester replay, no same-bar audit, no true holdout.","Write formal replay spec, deterministic mapper, Backtester replay, cost stress, same-bar review, source concentration, true holdout."
CAND_BTC_VWAP_DEV_LONG_12_VOL_BELOWQ75_V1,VWAP_DEVIATION_REVERSION,LONG,12,volume_bucket_only,BELOW_Q75,460,44,0.054348,6.024556,0.680435,6.679231,2.358769,"Sprint 06 observable VWAP deviation predicate: price stretched from DayVWAP bucket with stall/rejection, session/regime recorded; outcomes are excluded from entry predicates.",LONG replay after event close; earliest entry next M1 bar open.,Beyond deviation event extreme or volatility-based hard stop; define before replay.,DayVWAP touch or fixed-R target candidate; choose one before replay.,12 bars after activation as discovery-derived candidate expiry; freeze before replay.,"Discovery-only economics; no Backtester replay, no same-bar audit, no true holdout.","Write formal replay spec, deterministic mapper, Backtester replay, cost stress, same-bar review, source concentration, true holdout."
CAND_BTC_EXH_LONG_12_VOL_Q95PLUS_V1,EXHAUSTION_REVERSAL,LONG,12,volume_bucket_only,Q95_PLUS,129,47,0.054264,8.106128,0.713178,6.667197,1.382437,"Sprint 06 observable exhaustion predicate: prior impulse, high volume quantile, rejection/stall, delta dominance, VWAP stretch; outcomes are excluded from entry predicates.",LONG replay after event close; earliest entry next M1 bar open.,Opposite side of exhaustion/rejection event bar or recent impulse extreme; define before replay.,VWAP touch or fixed-R target candidate; choose one before replay.,12 bars after activation as discovery-derived candidate expiry; freeze before replay.,"Discovery-only economics; no Backtester replay, no same-bar audit, no true holdout.","Write formal replay spec, deterministic mapper, Backtester replay, cost stress, same-bar review, source concentration, true holdout."
CAND_BTC_VWAP_DEV_SHORT_12_VOL_Q7590_V1,VWAP_DEVIATION_REVERSION,SHORT,12,volume_bucket_only,Q75_90,327,50,0.06422,6.563305,0.672783,6.48285,1.849071,"Sprint 06 observable VWAP deviation predicate: price stretched from DayVWAP bucket with stall/rejection, session/regime recorded; outcomes are excluded from entry predicates.",SHORT replay after event close; earliest entry next M1 bar open.,Beyond deviation event extreme or volatility-based hard stop; define before replay.,DayVWAP touch or fixed-R target candidate; choose one before replay.,12 bars after activation as discovery-derived candidate expiry; freeze before replay.,"Discovery-only economics; no Backtester replay, no same-bar audit, no true holdout.","Write formal replay spec, deterministic mapper, Backtester replay, cost stress, same-bar review, source concentration, true holdout."
CAND_BTC_VWAP_DEV_SHORT_12_VOL_Q95PLUS_V1,VWAP_DEVIATION_REVERSION,SHORT,12,volume_bucket_only,Q95_PLUS,320,53,0.053125,7.082337,0.65625,6.270339,1.614557,"Sprint 06 observable VWAP deviation predicate: price stretched from DayVWAP bucket with stall/rejection, session/regime recorded; outcomes are excluded from entry predicates.",SHORT replay after event close; earliest entry next M1 bar open.,Beyond deviation event extreme or volatility-based hard stop; define before replay.,DayVWAP touch or fixed-R target candidate; choose one before replay.,12 bars after activation as discovery-derived candidate expiry; freeze before replay.,"Discovery-only economics; no Backtester replay, no same-bar audit, no true holdout.","Write formal replay spec, deterministic mapper, Backtester replay, cost stress, same-bar review, source concentration, true holdout."
CAND_BTC_VWAP_DEV_SHORT_24_VOL_Q7590_V1,VWAP_DEVIATION_REVERSION,SHORT,24,volume_bucket_only,Q75_90,327,50,0.06422,7.767789,0.651376,6.234783,1.849071,"Sprint 06 observable VWAP deviation predicate: price stretched from DayVWAP bucket with stall/rejection, session/regime recorded; outcomes are excluded from entry predicates.",SHORT replay after event close; earliest entry next M1 bar open.,Beyond deviation event extreme or volatility-based hard stop; define before replay.,DayVWAP touch or fixed-R target candidate; choose one before replay.,24 bars after activation as discovery-derived candidate expiry; freeze before replay.,"Discovery-only economics; no Backtester replay, no same-bar audit, no true holdout.","Write formal replay spec, deterministic mapper, Backtester replay, cost stress, same-bar review, source concentration, true holdout."
CAND_BTC_VWAP_DEV_LONG_24_VOL_Q95PLUS_V1,VWAP_DEVIATION_REVERSION,LONG,24,volume_bucket_only,Q95_PLUS,319,48,0.059561,6.968196,0.642633,6.101617,1.528798,"Sprint 06 observable VWAP deviation predicate: price stretched from DayVWAP bucket with stall/rejection, session/regime recorded; outcomes are excluded from entry predicates.",LONG replay after event close; earliest entry next M1 bar open.,Beyond deviation event extreme or volatility-based hard stop; define before replay.,DayVWAP touch or fixed-R target candidate; choose one before replay.,24 bars after activation as discovery-derived candidate expiry; freeze before replay.,"Discovery-only economics; no Backtester replay, no same-bar audit, no true holdout.","Write formal replay spec, deterministic mapper, Backtester replay, cost stress, same-bar review, source concentration, true holdout."
CAND_BTC_VWAP_DEV_LONG_12_VOL_Q95PLUS_V1,VWAP_DEVIATION_REVERSION,LONG,12,volume_bucket_only,Q95_PLUS,319,48,0.059561,7.445336,0.661442,5.988437,1.528798,"Sprint 06 observable VWAP deviation predicate: price stretched from DayVWAP bucket with stall/rejection, session/regime recorded; outcomes are excluded from entry predicates.",LONG replay after event close; earliest entry next M1 bar open.,Beyond deviation event extreme or volatility-based hard stop; define before replay.,DayVWAP touch or fixed-R target candidate; choose one before replay.,12 bars after activation as discovery-derived candidate expiry; freeze before replay.,"Discovery-only economics; no Backtester replay, no same-bar audit, no true holdout.","Write formal replay spec, deterministic mapper, Backtester replay, cost stress, same-bar review, source concentration, true holdout."
CAND_BTC_VWAP_DEV_SHORT_24_VOL_BELOWQ75_V1,VWAP_DEVIATION_REVERSION,SHORT,24,volume_bucket_only,BELOW_Q75,471,51,0.065817,7.293367,0.613588,5.987076,2.143922,"Sprint 06 observable VWAP deviation predicate: price stretched from DayVWAP bucket with stall/rejection, session/regime recorded; outcomes are excluded from entry predicates.",SHORT replay after event close; earliest entry next M1 bar open.,Beyond deviation event extreme or volatility-based hard stop; define before replay.,DayVWAP touch or fixed-R target candidate; choose one before replay.,24 bars after activation as discovery-derived candidate expiry; freeze before replay.,"Discovery-only economics; no Backtester replay, no same-bar audit, no true holdout.","Write formal replay spec, deterministic mapper, Backtester replay, cost stress, same-bar review, source concentration, true holdout."
CAND_BTC_VWAP_DEV_SHORT_60_VOL_Q95PLUS_V1,VWAP_DEVIATION_REVERSION,SHORT,60,volume_bucket_only,Q95_PLUS,318,53,0.053459,10.167748,0.59434,5.563475,1.230944,"Sprint 06 observable VWAP deviation predicate: price stretched from DayVWAP bucket with stall/rejection, session/regime recorded; outcomes are excluded from entry predicates.",SHORT replay after event close; earliest entry next M1 bar open.,Beyond deviation event extreme or volatility-based hard stop; define before replay.,DayVWAP touch or fixed-R target candidate; choose one before replay.,60 bars after activation as discovery-derived candidate expiry; freeze before replay.,"Discovery-only economics; no Backtester replay, no same-bar audit, no true holdout.","Write formal replay spec, deterministic mapper, Backtester replay, cost stress, same-bar review, source concentration, true holdout."
CAND_BTC_VWAP_DEV_SHORT_12_VOL_BELOWQ75_V1,VWAP_DEVIATION_REVERSION,SHORT,12,volume_bucket_only,BELOW_Q75,472,51,0.065678,6.578933,0.684322,5.542594,2.147085,"Sprint 06 observable VWAP deviation predicate: price stretched from DayVWAP bucket with stall/rejection, session/regime recorded; outcomes are excluded from entry predicates.",SHORT replay after event close; earliest entry next M1 bar open.,Beyond deviation event extreme or volatility-based hard stop; define before replay.,DayVWAP touch or fixed-R target candidate; choose one before replay.,12 bars after activation as discovery-derived candidate expiry; freeze before replay.,"Discovery-only economics; no Backtester replay, no same-bar audit, no true holdout.","Write formal replay spec, deterministic mapper, Backtester replay, cost stress, same-bar review, source concentration, true holdout."
CAND_BTC_VWAP_DEV_LONG_60_VOL_Q95PLUS_V1,VWAP_DEVIATION_REVERSION,LONG,60,volume_bucket_only,Q95_PLUS,319,48,0.059561,8.63887,0.62069,5.510947,1.224158,"Sprint 06 observable VWAP deviation predicate: price stretched from DayVWAP bucket with stall/rejection, session/regime recorded; outcomes are excluded from entry predicates.",LONG replay after event close; earliest entry next M1 bar open.,Beyond deviation event extreme or volatility-based hard stop; define before replay.,DayVWAP touch or fixed-R target candidate; choose one before replay.,60 bars after activation as discovery-derived candidate expiry; freeze before replay.,"Discovery-only economics; no Backtester replay, no same-bar audit, no true holdout.","Write formal replay spec, deterministic mapper, Backtester replay, cost stress, same-bar review, source concentration, true holdout."
CAND_BTC_EXH_LONG_24_VOL_Q95PLUS_V1,EXHAUSTION_REVERSAL,LONG,24,volume_bucket_only,Q95_PLUS,129,47,0.054264,7.705527,0.658915,5.084079,1.382437,"Sprint 06 observable exhaustion predicate: prior impulse, high volume quantile, rejection/stall, delta dominance, VWAP stretch; outcomes are excluded from entry predicates.",LONG replay after event close; earliest entry next M1 bar open.,Opposite side of exhaustion/rejection event bar or recent impulse extreme; define before replay.,VWAP touch or fixed-R target candidate; choose one before replay.,24 bars after activation as discovery-derived candidate expiry; freeze before replay.,"Discovery-only economics; no Backtester replay, no same-bar audit, no true holdout.","Write formal replay spec, deterministic mapper, Backtester replay, cost stress, same-bar review, source concentration, true holdout."
CAND_BTC_VWAP_DEV_LONG_6_VOL_BELOWQ75_V1,VWAP_DEVIATION_REVERSION,LONG,6,volume_bucket_only,BELOW_Q75,460,44,0.054348,4.875253,0.673913,5.061079,2.358769,"Sprint 06 observable VWAP deviation predicate: price stretched from DayVWAP bucket with stall/rejection, session/regime recorded; outcomes are excluded from entry predicates.",LONG replay after event close; earliest entry next M1 bar open.,Beyond deviation event extreme or volatility-based hard stop; define before replay.,DayVWAP touch or fixed-R target candidate; choose one before replay.,6 bars after activation as discovery-derived candidate expiry; freeze before replay.,"Discovery-only economics; no Backtester replay, no same-bar audit, no true holdout.","Write formal replay spec, deterministic mapper, Backtester replay, cost stress, same-bar review, source concentration, true holdout."
CAND_BTC_EXH_LONG_60_VOL_Q95PLUS_V1,EXHAUSTION_REVERSAL,LONG,60,volume_bucket_only,Q95_PLUS,129,47,0.054264,7.583854,0.604651,4.960803,1.133285,"Sprint 06 observable exhaustion predicate: prior impulse, high volume quantile, rejection/stall, delta dominance, VWAP stretch; outcomes are excluded from entry predicates.",LONG replay after event close; earliest entry next M1 bar open.,Opposite side of exhaustion/rejection event bar or recent impulse extreme; define before replay.,VWAP touch or fixed-R target candidate; choose one before replay.,60 bars after activation as discovery-derived candidate expiry; freeze before replay.,"Discovery-only economics; no Backtester replay, no same-bar audit, no true holdout.","Write formal replay spec, deterministic mapper, Backtester replay, cost stress, same-bar review, source concentration, true holdout."
CAND_BTC_VWAP_DEV_SHORT_6_VOL_Q95PLUS_V1,VWAP_DEVIATION_REVERSION,SHORT,6,volume_bucket_only,Q95_PLUS,320,53,0.053125,5.389826,0.65,4.702563,1.614557,"Sprint 06 observable VWAP deviation predicate: price stretched from DayVWAP bucket with stall/rejection, session/regime recorded; outcomes are excluded from entry predicates.",SHORT replay after event close; earliest entry next M1 bar open.,Beyond deviation event extreme or volatility-based hard stop; define before replay.,DayVWAP touch or fixed-R target candidate; choose one before replay.,6 bars after activation as discovery-derived candidate expiry; freeze before replay.,"Discovery-only economics; no Backtester replay, no same-bar audit, no true holdout.","Write formal replay spec, deterministic mapper, Backtester replay, cost stress, same-bar review, source concentration, true holdout."
CAND_BTC_VWAP_DEV_SHORT_6_VOL_BELOWQ75_V1,VWAP_DEVIATION_REVERSION,SHORT,6,volume_bucket_only,BELOW_Q75,472,51,0.065678,5.196195,0.684322,4.678814,2.147085,"Sprint 06 observable VWAP deviation predicate: price stretched from DayVWAP bucket with stall/rejection, session/regime recorded; outcomes are excluded from entry predicates.",SHORT replay after event close; earliest entry next M1 bar open.,Beyond deviation event extreme or volatility-based hard stop; define before replay.,DayVWAP touch or fixed-R target candidate; choose one before replay.,6 bars after activation as discovery-derived candidate expiry; freeze before replay.,"Discovery-only economics; no Backtester replay, no same-bar audit, no true holdout.","Write formal replay spec, deterministic mapper, Backtester replay, cost stress, same-bar review, source concentration, true holdout."
CAND_BTC_VWAP_DEV_SHORT_12_VOL_Q9095_V1,VWAP_DEVIATION_REVERSION,SHORT,12,volume_bucket_only,Q90_95,166,45,0.060241,6.610114,0.692771,4.455758,1.537756,"Sprint 06 observable VWAP deviation predicate: price stretched from DayVWAP bucket with stall/rejection, session/regime recorded; outcomes are excluded from entry predicates.",SHORT replay after event close; earliest entry next M1 bar open.,Beyond deviation event extreme or volatility-based hard stop; define before replay.,DayVWAP touch or fixed-R target candidate; choose one before replay.,12 bars after activation as discovery-derived candidate expiry; freeze before replay.,"Discovery-only economics; no Backtester replay, no same-bar audit, no true holdout.","Write formal replay spec, deterministic mapper, Backtester replay, cost stress, same-bar review, source concentration, true holdout."
CAND_BTC_VWAP_DEV_LONG_6_VOL_Q9095_V1,VWAP_DEVIATION_REVERSION,LONG,6,volume_bucket_only,Q90_95,172,45,0.069767,5.828201,0.651163,4.363665,1.881786,"Sprint 06 observable VWAP deviation predicate: price stretched from DayVWAP bucket with stall/rejection, session/regime recorded; outcomes are excluded from entry predicates.",LONG replay after event close; earliest entry next M1 bar open.,Beyond deviation event extreme or volatility-based hard stop; define before replay.,DayVWAP touch or fixed-R target candidate; choose one before replay.,6 bars after activation as discovery-derived candidate expiry; freeze before replay.,"Discovery-only economics; no Backtester replay, no same-bar audit, no true holdout.","Write formal replay spec, deterministic mapper, Backtester replay, cost stress, same-bar review, source concentration, true holdout."
CAND_BTC_VWAP_DEV_SHORT_60_VOL_BELOWQ75_V1,VWAP_DEVIATION_REVERSION,SHORT,60,volume_bucket_only,BELOW_Q75,471,51,0.065817,7.425702,0.585987,4.310799,1.439596,"Sprint 06 observable VWAP deviation predicate: price stretched from DayVWAP bucket with stall/rejection, session/regime recorded; outcomes are excluded from entry predicates.",SHORT replay after event close; earliest entry next M1 bar open.,Beyond deviation event extreme or volatility-based hard stop; define before replay.,DayVWAP touch or fixed-R target candidate; choose one before replay.,60 bars after activation as discovery-derived candidate expiry; freeze before replay.,"Discovery-only economics; no Backtester replay, no same-bar audit, no true holdout.","Write formal replay spec, deterministic mapper, Backtester replay, cost stress, same-bar review, source concentration, true holdout."
CAND_BTC_EXH_LONG_6_VOL_Q95PLUS_V1,EXHAUSTION_REVERSAL,LONG,6,volume_bucket_only,Q95_PLUS,129,47,0.054264,7.689801,0.697674,4.202807,1.382437,"Sprint 06 observable exhaustion predicate: prior impulse, high volume quantile, rejection/stall, delta dominance, VWAP stretch; outcomes are excluded from entry predicates.",LONG replay after event close; earliest entry next M1 bar open.,Opposite side of exhaustion/rejection event bar or recent impulse extreme; define before replay.,VWAP touch or fixed-R target candidate; choose one before replay.,6 bars after activation as discovery-derived candidate expiry; freeze before replay.,"Discovery-only economics; no Backtester replay, no same-bar audit, no true holdout.","Write formal replay spec, deterministic mapper, Backtester replay, cost stress, same-bar review, source concentration, true holdout."
CAND_BTC_VWAP_DEV_SHORT_6_VOL_Q7590_V1,VWAP_DEVIATION_REVERSION,SHORT,6,volume_bucket_only,Q75_90,327,50,0.06422,4.379524,0.66055,4.039306,1.849071,"Sprint 06 observable VWAP deviation predicate: price stretched from DayVWAP bucket with stall/rejection, session/regime recorded; outcomes are excluded from entry predicates.",SHORT replay after event close; earliest entry next M1 bar open.,Beyond deviation event extreme or volatility-based hard stop; define before replay.,DayVWAP touch or fixed-R target candidate; choose one before replay.,6 bars after activation as discovery-derived candidate expiry; freeze before replay.,"Discovery-only economics; no Backtester replay, no same-bar audit, no true holdout.","Write formal replay spec, deterministic mapper, Backtester replay, cost stress, same-bar review, source concentration, true holdout."
CAND_BTC_VWAP_DEV_SHORT_3_VOL_Q95PLUS_V1,VWAP_DEVIATION_REVERSION,SHORT,3,volume_bucket_only,Q95_PLUS,320,53,0.053125,4.213265,0.66875,3.881332,1.614557,"Sprint 06 observable VWAP deviation predicate: price stretched from DayVWAP bucket with stall/rejection, session/regime recorded; outcomes are excluded from entry predicates.",SHORT replay after event close; earliest entry next M1 bar open.,Beyond deviation event extreme or volatility-based hard stop; define before replay.,DayVWAP touch or fixed-R target candidate; choose one before replay.,3 bars after activation as discovery-derived candidate expiry; freeze before replay.,"Discovery-only economics; no Backtester replay, no same-bar audit, no true holdout.","Write formal replay spec, deterministic mapper, Backtester replay, cost stress, same-bar review, source concentration, true holdout."
CAND_BTC_VWAP_DEV_LONG_6_VOL_Q7590_V1,VWAP_DEVIATION_REVERSION,LONG,6,volume_bucket_only,Q75_90,320,45,0.06875,5.029644,0.703125,3.812726,1.766146,"Sprint 06 observable VWAP deviation predicate: price stretched from DayVWAP bucket with stall/rejection, session/regime recorded; outcomes are excluded from entry predicates.",LONG replay after event close; earliest entry next M1 bar open.,Beyond deviation event extreme or volatility-based hard stop; define before replay.,DayVWAP touch or fixed-R target candidate; choose one before replay.,6 bars after activation as discovery-derived candidate expiry; freeze before replay.,"Discovery-only economics; no Backtester replay, no same-bar audit, no true holdout.","Write formal replay spec, deterministic mapper, Backtester replay, cost stress, same-bar review, source concentration, true holdout."
CAND_BTC_VWAP_DEV_LONG_12_VOL_Q7590_V1,VWAP_DEVIATION_REVERSION,LONG,12,volume_bucket_only,Q75_90,320,45,0.06875,4.974103,0.665625,3.74647,1.766146,"Sprint 06 observable VWAP deviation predicate: price stretched from DayVWAP bucket with stall/rejection, session/regime recorded; outcomes are excluded from entry predicates.",LONG replay after event close; earliest entry next M1 bar open.,Beyond deviation event extreme or volatility-based hard stop; define before replay.,DayVWAP touch or fixed-R target candidate; choose one before replay.,12 bars after activation as discovery-derived candidate expiry; freeze before replay.,"Discovery-only economics; no Backtester replay, no same-bar audit, no true holdout.","Write formal replay spec, deterministic mapper, Backtester replay, cost stress, same-bar review, source concentration, true holdout."
CAND_BTC_VWAP_DEV_LONG_3_VOL_Q9095_V1,VWAP_DEVIATION_REVERSION,LONG,3,volume_bucket_only,Q90_95,172,45,0.069767,4.793007,0.697674,3.542319,1.881786,"Sprint 06 observable VWAP deviation predicate: price stretched from DayVWAP bucket with stall/rejection, session/regime recorded; outcomes are excluded from entry predicates.",LONG replay after event close; earliest entry next M1 bar open.,Beyond deviation event extreme or volatility-based hard stop; define before replay.,DayVWAP touch or fixed-R target candidate; choose one before replay.,3 bars after activation as discovery-derived candidate expiry; freeze before replay.,"Discovery-only economics; no Backtester replay, no same-bar audit, no true holdout.","Write formal replay spec, deterministic mapper, Backtester replay, cost stress, same-bar review, source concentration, true holdout."
CAND_BTC_VWAP_DEV_LONG_6_VOL_Q95PLUS_V1,VWAP_DEVIATION_REVERSION,LONG,6,volume_bucket_only,Q95_PLUS,319,48,0.059561,4.934904,0.633229,3.455172,1.528798,"Sprint 06 observable VWAP deviation predicate: price stretched from DayVWAP bucket with stall/rejection, session/regime recorded; outcomes are excluded from entry predicates.",LONG replay after event close; earliest entry next M1 bar open.,Beyond deviation event extreme or volatility-based hard stop; define before replay.,DayVWAP touch or fixed-R target candidate; choose one before replay.,6 bars after activation as discovery-derived candidate expiry; freeze before replay.,"Discovery-only economics; no Backtester replay, no same-bar audit, no true holdout.","Write formal replay spec, deterministic mapper, Backtester replay, cost stress, same-bar review, source concentration, true holdout."
CAND_BTC_VWAP_DEV_LONG_3_VOL_Q95PLUS_V1,VWAP_DEVIATION_REVERSION,LONG,3,volume_bucket_only,Q95_PLUS,319,48,0.059561,3.735621,0.639498,3.096028,1.528798,"Sprint 06 observable VWAP deviation predicate: price stretched from DayVWAP bucket with stall/rejection, session/regime recorded; outcomes are excluded from entry predicates.",LONG replay after event close; earliest entry next M1 bar open.,Beyond deviation event extreme or volatility-based hard stop; define before replay.,DayVWAP touch or fixed-R target candidate; choose one before replay.,3 bars after activation as discovery-derived candidate expiry; freeze before replay.,"Discovery-only economics; no Backtester replay, no same-bar audit, no true holdout.","Write formal replay spec, deterministic mapper, Backtester replay, cost stress, same-bar review, source concentration, true holdout."
CAND_BTC_VWAP_DEV_LONG_3_VOL_BELOWQ75_V1,VWAP_DEVIATION_REVERSION,LONG,3,volume_bucket_only,BELOW_Q75,460,44,0.054348,3.388489,0.665217,2.868296,2.358769,"Sprint 06 observable VWAP deviation predicate: price stretched from DayVWAP bucket with stall/rejection, session/regime recorded; outcomes are excluded from entry predicates.",LONG replay after event close; earliest entry next M1 bar open.,Beyond deviation event extreme or volatility-based hard stop; define before replay.,DayVWAP touch or fixed-R target candidate; choose one before replay.,3 bars after activation as discovery-derived candidate expiry; freeze before replay.,"Discovery-only economics; no Backtester replay, no same-bar audit, no true holdout.","Write formal replay spec, deterministic mapper, Backtester replay, cost stress, same-bar review, source concentration, true holdout."
CAND_BTC_VWAP_DEV_SHORT_6_VOL_Q9095_V1,VWAP_DEVIATION_REVERSION,SHORT,6,volume_bucket_only,Q90_95,166,45,0.060241,4.401909,0.674699,2.780824,1.537756,"Sprint 06 observable VWAP deviation predicate: price stretched from DayVWAP bucket with stall/rejection, session/regime recorded; outcomes are excluded from entry predicates.",SHORT replay after event close; earliest entry next M1 bar open.,Beyond deviation event extreme or volatility-based hard stop; define before replay.,DayVWAP touch or fixed-R target candidate; choose one before replay.,6 bars after activation as discovery-derived candidate expiry; freeze before replay.,"Discovery-only economics; no Backtester replay, no same-bar audit, no true holdout.","Write formal replay spec, deterministic mapper, Backtester replay, cost stress, same-bar review, source concentration, true holdout."
CAND_BTC_VWAP_DEV_SHORT_3_VOL_BELOWQ75_V1,VWAP_DEVIATION_REVERSION,SHORT,3,volume_bucket_only,BELOW_Q75,472,51,0.065678,3.170389,0.65678,2.746844,2.147085,"Sprint 06 observable VWAP deviation predicate: price stretched from DayVWAP bucket with stall/rejection, session/regime recorded; outcomes are excluded from entry predicates.",SHORT replay after event close; earliest entry next M1 bar open.,Beyond deviation event extreme or volatility-based hard stop; define before replay.,DayVWAP touch or fixed-R target candidate; choose one before replay.,3 bars after activation as discovery-derived candidate expiry; freeze before replay.,"Discovery-only economics; no Backtester replay, no same-bar audit, no true holdout.","Write formal replay spec, deterministic mapper, Backtester replay, cost stress, same-bar review, source concentration, true holdout."
CAND_BTC_VWAP_DEV_LONG_24_VOL_Q7590_V1,VWAP_DEVIATION_REVERSION,LONG,24,volume_bucket_only,Q75_90,320,45,0.06875,5.540151,0.628125,2.743863,1.766146,"Sprint 06 observable VWAP deviation predicate: price stretched from DayVWAP bucket with stall/rejection, session/regime recorded; outcomes are excluded from entry predicates.",LONG replay after event close; earliest entry next M1 bar open.,Beyond deviation event extreme or volatility-based hard stop; define before replay.,DayVWAP touch or fixed-R target candidate; choose one before replay.,24 bars after activation as discovery-derived candidate expiry; freeze before replay.,"Discovery-only economics; no Backtester replay, no same-bar audit, no true holdout.","Write formal replay spec, deterministic mapper, Backtester replay, cost stress, same-bar review, source concentration, true holdout."
CAND_BTC_VWAP_DEV_SHORT_3_VOL_Q7590_V1,VWAP_DEVIATION_REVERSION,SHORT,3,volume_bucket_only,Q75_90,327,50,0.06422,3.198976,0.654434,2.598526,1.849071,"Sprint 06 observable VWAP deviation predicate: price stretched from DayVWAP bucket with stall/rejection, session/regime recorded; outcomes are excluded from entry predicates.",SHORT replay after event close; earliest entry next M1 bar open.,Beyond deviation event extreme or volatility-based hard stop; define before replay.,DayVWAP touch or fixed-R target candidate; choose one before replay.,3 bars after activation as discovery-derived candidate expiry; freeze before replay.,"Discovery-only economics; no Backtester replay, no same-bar audit, no true holdout.","Write formal replay spec, deterministic mapper, Backtester replay, cost stress, same-bar review, source concentration, true holdout."
CAND_BTC_VWAP_DEV_LONG_60_VOL_Q7590_V1,VWAP_DEVIATION_REVERSION,LONG,60,volume_bucket_only,Q75_90,320,45,0.06875,6.78779,0.59375,2.536039,1.182837,"Sprint 06 observable VWAP deviation predicate: price stretched from DayVWAP bucket with stall/rejection, session/regime recorded; outcomes are excluded from entry predicates.",LONG replay after event close; earliest entry next M1 bar open.,Beyond deviation event extreme or volatility-based hard stop; define before replay.,DayVWAP touch or fixed-R target candidate; choose one before replay.,60 bars after activation as discovery-derived candidate expiry; freeze before replay.,"Discovery-only economics; no Backtester replay, no same-bar audit, no true holdout.","Write formal replay spec, deterministic mapper, Backtester replay, cost stress, same-bar review, source concentration, true holdout."
CAND_BTC_EXH_LONG_3_VOL_Q95PLUS_V1,EXHAUSTION_REVERSAL,LONG,3,volume_bucket_only,Q95_PLUS,129,47,0.054264,5.168079,0.635659,2.143925,1.382437,"Sprint 06 observable exhaustion predicate: prior impulse, high volume quantile, rejection/stall, delta dominance, VWAP stretch; outcomes are excluded from entry predicates.",LONG replay after event close; earliest entry next M1 bar open.,Opposite side of exhaustion/rejection event bar or recent impulse extreme; define before replay.,VWAP touch or fixed-R target candidate; choose one before replay.,3 bars after activation as discovery-derived candidate expiry; freeze before replay.,"Discovery-only economics; no Backtester replay, no same-bar audit, no true holdout.","Write formal replay spec, deterministic mapper, Backtester replay, cost stress, same-bar review, source concentration, true holdout."
CAND_BTC_VWAP_DEV_SHORT_3_VOL_Q9095_V1,VWAP_DEVIATION_REVERSION,SHORT,3,volume_bucket_only,Q90_95,165,45,0.060606,3.319935,0.69697,1.608413,1.531903,"Sprint 06 observable VWAP deviation predicate: price stretched from DayVWAP bucket with stall/rejection, session/regime recorded; outcomes are excluded from entry predicates.",SHORT replay after event close; earliest entry next M1 bar open.,Beyond deviation event extreme or volatility-based hard stop; define before replay.,DayVWAP touch or fixed-R target candidate; choose one before replay.,3 bars after activation as discovery-derived candidate expiry; freeze before replay.,"Discovery-only economics; no Backtester replay, no same-bar audit, no true holdout.","Write formal replay spec, deterministic mapper, Backtester replay, cost stress, same-bar review, source concentration, true holdout."
CAND_BTC_VWAP_DEV_LONG_3_VOL_Q7590_V1,VWAP_DEVIATION_REVERSION,LONG,3,volume_bucket_only,Q75_90,320,45,0.06875,3.148668,0.653125,1.497788,1.766146,"Sprint 06 observable VWAP deviation predicate: price stretched from DayVWAP bucket with stall/rejection, session/regime recorded; outcomes are excluded from entry predicates.",LONG replay after event close; earliest entry next M1 bar open.,Beyond deviation event extreme or volatility-based hard stop; define before replay.,DayVWAP touch or fixed-R target candidate; choose one before replay.,3 bars after activation as discovery-derived candidate expiry; freeze before replay.,"Discovery-only economics; no Backtester replay, no same-bar audit, no true holdout.","Write formal replay spec, deterministic mapper, Backtester replay, cost stress, same-bar review, source concentration, true holdout."
