family,side,horizon,session,surface_type,events,independent_days,max_day_count,max_day_share,mean_return_bp,median_return_bp,positive_rate,net_bp_after_0_00015,net_bp_after_0_00020,avg_MFE,avg_MAE,MFE_MAE_ratio,max_session_share,session_distribution,no_lookahead_predicates,verdict,verdict_reason
EXHAUSTION_REVERSAL,LONG,12,LATE_US,session_sanity,20,15,2,0.1,20.666015,22.062501,0.9,19.166015,18.666015,40.286299,-13.848271,2.909121,1.0,"{""LATE_US"": 20}",True,REJECT_SURFACE,events_below_50;session_concentration_above_0_75
EXHAUSTION_REVERSAL,SHORT,12,LONDON,session_sanity,33,19,3,0.090909,16.187084,15.694162,0.818182,14.687084,14.187084,26.586875,-13.087454,2.031478,1.0,"{""LONDON"": 33}",True,REJECT_SURFACE,events_below_50;session_concentration_above_0_75
EXHAUSTION_REVERSAL,LONG,6,LATE_US,session_sanity,20,15,2,0.1,15.867765,15.756653,0.8,14.367765,13.867765,40.286299,-13.848271,2.909121,1.0,"{""LATE_US"": 20}",True,REJECT_SURFACE,events_below_50;session_concentration_above_0_75
EXHAUSTION_REVERSAL,LONG,24,LATE_US,session_sanity,20,15,2,0.1,15.173158,18.291792,0.7,13.673158,13.173158,40.286299,-13.848271,2.909121,1.0,"{""LATE_US"": 20}",True,REJECT_SURFACE,events_below_50;session_concentration_above_0_75
EXHAUSTION_REVERSAL,SHORT,24,LONDON,session_sanity,33,19,3,0.090909,14.562979,15.744784,0.787879,13.062979,12.562979,26.586875,-13.087454,2.031478,1.0,"{""LONDON"": 33}",True,REJECT_SURFACE,events_below_50;session_concentration_above_0_75
EXHAUSTION_REVERSAL,LONG,60,LATE_US,session_sanity,20,15,2,0.1,13.300745,7.173485,0.7,11.800745,11.300745,52.406469,-40.207845,1.303389,1.0,"{""LATE_US"": 20}",True,REJECT_SURFACE,events_below_50;session_concentration_above_0_75
EXHAUSTION_REVERSAL,LONG,3,LATE_US,session_sanity,20,15,2,0.1,12.4495,11.60613,0.85,10.9495,10.4495,40.286299,-13.848271,2.909121,1.0,"{""LATE_US"": 20}",True,REJECT_SURFACE,events_below_50;session_concentration_above_0_75
EXHAUSTION_REVERSAL,SHORT,24,ASIA,session_sanity,43,26,4,0.093023,11.83217,14.914658,0.744186,10.33217,9.83217,22.556206,-11.932131,1.890375,1.0,"{""ASIA"": 43}",True,REJECT_SURFACE,events_below_50;session_concentration_above_0_75
EXHAUSTION_REVERSAL,SHORT,6,LONDON,session_sanity,33,19,3,0.090909,11.756221,9.64192,0.787879,10.256221,9.756221,26.586875,-13.087454,2.031478,1.0,"{""LONDON"": 33}",True,REJECT_SURFACE,events_below_50;session_concentration_above_0_75
EXHAUSTION_REVERSAL,LONG,24,LONDON,session_sanity,33,18,4,0.121212,10.975495,12.446529,0.787879,9.475495,8.975495,23.74923,-14.860387,1.598157,1.0,"{""LONDON"": 33}",True,REJECT_SURFACE,events_below_50;session_concentration_above_0_75
EXHAUSTION_REVERSAL,LONG,12,LONDON,session_sanity,33,18,4,0.121212,9.925569,9.251381,0.69697,8.425569,7.925569,23.74923,-14.860387,1.598157,1.0,"{""LONDON"": 33}",True,REJECT_SURFACE,events_below_50;session_concentration_above_0_75
EXHAUSTION_REVERSAL,SHORT,12,ASIA,session_sanity,43,26,4,0.093023,9.754069,9.526119,0.674419,8.254069,7.754069,22.556206,-11.932131,1.890375,1.0,"{""ASIA"": 43}",True,REJECT_SURFACE,events_below_50;session_concentration_above_0_75
EXHAUSTION_REVERSAL,SHORT,60,ASIA,session_sanity,43,26,4,0.093023,9.323334,18.601584,0.651163,7.823334,7.323334,39.123269,-31.5579,1.23973,1.0,"{""ASIA"": 43}",True,REJECT_SURFACE,events_below_50;session_concentration_above_0_75
EXHAUSTION_REVERSAL,SHORT,12,LATE_US,session_sanity,33,18,5,0.151515,9.322817,11.987615,0.69697,7.822817,7.322817,26.895609,-19.593606,1.372673,1.0,"{""LATE_US"": 33}",True,REJECT_SURFACE,events_below_50;day_concentration_above_0_15;session_concentration_above_0_75
EXHAUSTION_REVERSAL,SHORT,3,LONDON,session_sanity,33,19,3,0.090909,8.526223,8.295178,0.727273,7.026223,6.526223,26.586875,-13.087454,2.031478,1.0,"{""LONDON"": 33}",True,REJECT_SURFACE,events_below_50;session_concentration_above_0_75
EXHAUSTION_REVERSAL,LONG,60,LONDON,session_sanity,33,18,4,0.121212,8.376412,7.436131,0.575758,6.876412,6.376412,44.22159,-39.222324,1.12746,1.0,"{""LONDON"": 33}",True,REJECT_SURFACE,events_below_50;session_concentration_above_0_75
EXHAUSTION_REVERSAL,SHORT,3,ASIA,session_sanity,43,26,4,0.093023,7.689642,6.019656,0.813953,6.189642,5.689642,22.556206,-11.932131,1.890375,1.0,"{""ASIA"": 43}",True,REJECT_SURFACE,events_below_50;session_concentration_above_0_75
EXHAUSTION_REVERSAL,SHORT,6,ASIA,session_sanity,43,26,4,0.093023,7.279238,6.018258,0.674419,5.779238,5.279238,22.556206,-11.932131,1.890375,1.0,"{""ASIA"": 43}",True,REJECT_SURFACE,events_below_50;session_concentration_above_0_75
EXHAUSTION_REVERSAL,SHORT,6,LATE_US,session_sanity,33,18,5,0.151515,6.918922,10.334959,0.757576,5.418922,4.918922,26.895609,-19.593606,1.372673,1.0,"{""LATE_US"": 33}",True,REJECT_SURFACE,events_below_50;day_concentration_above_0_15;session_concentration_above_0_75
EXHAUSTION_REVERSAL,SHORT,24,LATE_US,session_sanity,33,18,5,0.151515,5.700987,10.370567,0.636364,4.200987,3.700987,26.895609,-19.593606,1.372673,1.0,"{""LATE_US"": 33}",True,REJECT_SURFACE,events_below_50;day_concentration_above_0_15;session_concentration_above_0_75
EXHAUSTION_REVERSAL,SHORT,3,LATE_US,session_sanity,33,18,5,0.151515,5.211018,8.708603,0.727273,3.711018,3.211018,26.895609,-19.593606,1.372673,1.0,"{""LATE_US"": 33}",True,REJECT_SURFACE,events_below_50;day_concentration_above_0_15;session_concentration_above_0_75
EXHAUSTION_REVERSAL,LONG,3,LONDON,session_sanity,33,18,4,0.121212,4.976408,4.220091,0.606061,3.476408,2.976408,23.74923,-14.860387,1.598157,1.0,"{""LONDON"": 33}",True,REJECT_SURFACE,events_below_50;session_concentration_above_0_75
EXHAUSTION_REVERSAL,LONG,6,LONDON,session_sanity,33,18,4,0.121212,4.53408,5.868329,0.69697,3.03408,2.53408,23.74923,-14.860387,1.598157,1.0,"{""LONDON"": 33}",True,REJECT_SURFACE,events_below_50;session_concentration_above_0_75
EXHAUSTION_REVERSAL,LONG,12,ASIA,session_sanity,40,28,4,0.1,3.964909,2.467534,0.625,2.464909,1.964909,17.974274,-15.819595,1.136203,1.0,"{""ASIA"": 40}",True,REJECT_SURFACE,events_below_50;session_concentration_above_0_75
EXHAUSTION_REVERSAL,LONG,3,ASIA,session_sanity,40,28,4,0.1,3.627244,5.277396,0.65,2.127244,1.627244,17.974274,-15.819595,1.136203,1.0,"{""ASIA"": 40}",True,REJECT_SURFACE,events_below_50;session_concentration_above_0_75
EXHAUSTION_REVERSAL,LONG,6,ASIA,session_sanity,40,28,4,0.1,2.568084,5.799826,0.65,1.068084,0.568084,17.974274,-15.819595,1.136203,1.0,"{""ASIA"": 40}",True,REJECT_SURFACE,events_below_50;session_concentration_above_0_75
EXHAUSTION_REVERSAL,SHORT,60,LONDON,session_sanity,33,19,3,0.090909,1.207183,7.594676,0.636364,-0.292817,-0.792817,46.956372,-41.075728,1.143166,1.0,"{""LONDON"": 33}",True,REJECT_SURFACE,events_below_50;cost_0_00015_kills_edge;session_concentration_above_0_75
EXHAUSTION_REVERSAL,LONG,24,ASIA,session_sanity,40,28,4,0.1,0.702541,1.774395,0.55,-0.797459,-1.297459,17.974274,-15.819595,1.136203,1.0,"{""ASIA"": 40}",True,REJECT_SURFACE,events_below_50;cost_0_00015_kills_edge;session_concentration_above_0_75
EXHAUSTION_REVERSAL,LONG,60,ASIA,session_sanity,40,28,4,0.1,-1.255012,10.094717,0.625,-2.755012,-3.255012,31.674816,-33.680883,0.940439,1.0,"{""ASIA"": 40}",True,REJECT_SURFACE,events_below_50;cost_0_00015_kills_edge;session_concentration_above_0_75
EXHAUSTION_REVERSAL,SHORT,60,LATE_US,session_sanity,33,18,5,0.151515,-11.992513,13.870016,0.515152,-13.492513,-13.992513,48.217886,-60.048045,0.802988,1.0,"{""LATE_US"": 33}",True,REJECT_SURFACE,events_below_50;positive_rate_below_0_53;cost_0_00015_kills_edge;day_concentration_above_0_15;session_concentration_above_0_75
EXHAUSTION_REVERSAL,SHORT,60,US,session_sanity,72,40,5,0.069444,23.924413,12.662192,0.666667,22.424413,21.924413,62.876717,-34.249046,1.835868,1.0,"{""US"": 72}",True,WATCH_SURFACE,session_concentration_above_0_75
EXHAUSTION_REVERSAL,SHORT,24,US,session_sanity,72,40,5,0.069444,16.854542,12.779177,0.680556,15.354542,14.854542,28.589365,-15.769006,1.81301,1.0,"{""US"": 72}",True,WATCH_SURFACE,session_concentration_above_0_75
EXHAUSTION_REVERSAL,LONG,60,US,session_sanity,68,33,4,0.058824,15.834488,12.084394,0.705882,14.334488,13.834488,48.788,-36.748856,1.327606,1.0,"{""US"": 68}",True,WATCH_SURFACE,session_concentration_above_0_75
VWAP_DEVIATION_REVERSION,SHORT,60,US,session_sanity,489,44,26,0.05317,13.356886,12.392667,0.609407,11.856886,11.356886,51.279238,-30.909123,1.659032,1.0,"{""US"": 489}",True,WATCH_SURFACE,session_concentration_above_0_75
EXHAUSTION_REVERSAL,SHORT,12,US,session_sanity,72,40,5,0.069444,12.120231,11.268138,0.736111,10.620231,10.120231,28.589365,-15.769006,1.81301,1.0,"{""US"": 72}",True,WATCH_SURFACE,session_concentration_above_0_75
VWAP_DEVIATION_REVERSION,LONG,60,ASIA,session_sanity,164,32,22,0.134146,11.915911,12.172009,0.664634,10.415911,9.915911,38.10763,-23.751242,1.604448,1.0,"{""ASIA"": 164}",True,WATCH_SURFACE,session_concentration_above_0_75
VWAP_DEVIATION_REVERSION,LONG,60,US,session_sanity,523,41,27,0.051625,10.476606,10.49674,0.632887,8.976606,8.476606,46.701395,-30.858213,1.513419,1.0,"{""US"": 523}",True,WATCH_SURFACE,session_concentration_above_0_75
VWAP_DEVIATION_REVERSION,SHORT,24,US,session_sanity,489,44,26,0.05317,10.2364,9.572549,0.642127,8.7364,8.2364,24.296966,-11.795576,2.059837,1.0,"{""US"": 489}",True,WATCH_SURFACE,session_concentration_above_0_75
VWAP_DEVIATION_REVERSION,SHORT,12,US,session_sanity,489,44,26,0.05317,9.474998,8.629663,0.672802,7.974998,7.474998,24.296966,-11.795576,2.059837,1.0,"{""US"": 489}",True,WATCH_SURFACE,session_concentration_above_0_75
VWAP_DEVIATION_REVERSION,LONG,24,US,session_sanity,523,41,27,0.051625,9.181374,8.518186,0.661568,7.681374,7.181374,22.911144,-11.27017,2.032901,1.0,"{""US"": 523}",True,WATCH_SURFACE,session_concentration_above_0_75
EXHAUSTION_REVERSAL,SHORT,6,US,session_sanity,72,40,5,0.069444,9.117665,7.557174,0.694444,7.617665,7.117665,28.589365,-15.769006,1.81301,1.0,"{""US"": 72}",True,WATCH_SURFACE,session_concentration_above_0_75
VWAP_DEVIATION_REVERSION,LONG,12,US,session_sanity,523,41,27,0.051625,9.0502,8.274062,0.674952,7.5502,7.0502,22.911144,-11.27017,2.032901,1.0,"{""US"": 523}",True,WATCH_SURFACE,session_concentration_above_0_75
VWAP_DEVIATION_REVERSION,LONG,12,ASIA,session_sanity,164,32,22,0.134146,8.846003,6.817312,0.713415,7.346003,6.846003,20.179758,-8.932139,2.25923,1.0,"{""ASIA"": 164}",True,WATCH_SURFACE,session_concentration_above_0_75
VWAP_DEVIATION_REVERSION,SHORT,60,ASIA,session_sanity,171,29,18,0.105263,8.682175,8.309618,0.602339,7.182175,6.682175,36.812087,-28.052152,1.312273,1.0,"{""ASIA"": 171}",True,WATCH_SURFACE,session_concentration_above_0_75
VWAP_DEVIATION_REVERSION,SHORT,24,ASIA,session_sanity,171,29,18,0.105263,8.659572,11.148023,0.678363,7.159572,6.659572,19.107391,-11.663066,1.638282,1.0,"{""ASIA"": 171}",True,WATCH_SURFACE,session_concentration_above_0_75
VWAP_DEVIATION_REVERSION,SHORT,24,LONDON,session_sanity,261,30,22,0.084291,8.484992,7.778924,0.628352,6.984992,6.484992,18.563702,-9.89561,1.875953,1.0,"{""LONDON"": 261}",True,WATCH_SURFACE,session_concentration_above_0_75
VWAP_DEVIATION_REVERSION,LONG,24,ASIA,session_sanity,164,32,22,0.134146,8.413827,7.474332,0.664634,6.913827,6.413827,20.179758,-8.932139,2.25923,1.0,"{""ASIA"": 164}",True,WATCH_SURFACE,session_concentration_above_0_75
VWAP_DEVIATION_REVERSION,SHORT,12,LONDON,session_sanity,263,30,22,0.08365,8.40903,8.477307,0.714829,6.90903,6.40903,18.561714,-9.834911,1.887329,1.0,"{""LONDON"": 263}",True,WATCH_SURFACE,session_concentration_above_0_75
VWAP_DEVIATION_REVERSION,SHORT,60,LONDON,session_sanity,260,30,22,0.084615,8.224626,8.757898,0.611538,6.724626,6.224626,38.563889,-28.445755,1.355699,1.0,"{""LONDON"": 260}",True,WATCH_SURFACE,session_concentration_above_0_75
EXHAUSTION_REVERSAL,LONG,24,US,session_sanity,68,33,4,0.058824,7.801859,9.693568,0.676471,6.301859,5.801859,24.194847,-22.659291,1.067767,1.0,"{""US"": 68}",True,WATCH_SURFACE,session_concentration_above_0_75
VWAP_DEVIATION_REVERSION,LONG,24,LATE_US,session_sanity,294,29,16,0.054422,7.740414,6.070692,0.639456,6.240414,5.740414,17.627715,-9.791763,1.800259,1.0,"{""LATE_US"": 294}",True,WATCH_SURFACE,session_concentration_above_0_75
VWAP_DEVIATION_REVERSION,SHORT,6,US,session_sanity,489,44,26,0.05317,7.331486,5.883939,0.691207,5.831486,5.331486,24.296966,-11.795576,2.059837,1.0,"{""US"": 489}",True,WATCH_SURFACE,session_concentration_above_0_75
VWAP_DEVIATION_REVERSION,LONG,60,LATE_US,session_sanity,294,29,16,0.054422,7.220672,6.728873,0.595238,5.720672,5.220672,35.132673,-26.190054,1.341451,1.0,"{""LATE_US"": 294}",True,WATCH_SURFACE,session_concentration_above_0_75
VWAP_DEVIATION_REVERSION,LONG,6,ASIA,session_sanity,164,32,22,0.134146,6.980209,6.591671,0.743902,5.480209,4.980209,20.179758,-8.932139,2.25923,1.0,"{""ASIA"": 164}",True,WATCH_SURFACE,session_concentration_above_0_75
VWAP_DEVIATION_REVERSION,LONG,6,US,session_sanity,523,41,27,0.051625,6.907098,5.958316,0.67304,5.407098,4.907098,22.911144,-11.27017,2.032901,1.0,"{""US"": 523}",True,WATCH_SURFACE,session_concentration_above_0_75
VWAP_DEVIATION_REVERSION,SHORT,12,ASIA,session_sanity,171,29,18,0.105263,6.451151,5.87314,0.690058,4.951151,4.451151,19.107391,-11.663066,1.638282,1.0,"{""ASIA"": 171}",True,WATCH_SURFACE,session_concentration_above_0_75
VWAP_DEVIATION_REVERSION,SHORT,6,ASIA,session_sanity,171,29,18,0.105263,6.308325,5.797805,0.678363,4.808325,4.308325,19.107391,-11.663066,1.638282,1.0,"{""ASIA"": 171}",True,WATCH_SURFACE,session_concentration_above_0_75
EXHAUSTION_REVERSAL,LONG,12,US,session_sanity,68,33,4,0.058824,6.109206,9.622051,0.691176,4.609206,4.109206,24.194847,-22.659291,1.067767,1.0,"{""US"": 68}",True,WATCH_SURFACE,session_concentration_above_0_75
EXHAUSTION_REVERSAL,SHORT,3,US,session_sanity,72,40,5,0.069444,6.076148,4.081216,0.680556,4.576148,4.076148,28.589365,-15.769006,1.81301,1.0,"{""US"": 72}",True,WATCH_SURFACE,session_concentration_above_0_75
VWAP_DEVIATION_REVERSION,LONG,24,LONDON,session_sanity,290,34,22,0.075862,6.062691,5.725286,0.637931,4.562691,4.062691,16.317659,-11.029147,1.479503,1.0,"{""LONDON"": 290}",True,WATCH_SURFACE,session_concentration_above_0_75
VWAP_DEVIATION_REVERSION,LONG,12,LATE_US,session_sanity,294,29,16,0.054422,5.904365,5.42479,0.676871,4.404365,3.904365,17.627715,-9.791763,1.800259,1.0,"{""LATE_US"": 294}",True,WATCH_SURFACE,session_concentration_above_0_75
VWAP_DEVIATION_REVERSION,SHORT,3,US,session_sanity,488,44,26,0.053279,5.416903,4.444075,0.686475,3.916903,3.416903,24.321765,-11.819747,2.057723,1.0,"{""US"": 488}",True,WATCH_SURFACE,session_concentration_above_0_75
VWAP_DEVIATION_REVERSION,LONG,3,ASIA,session_sanity,164,32,22,0.134146,5.134392,4.649207,0.719512,3.634392,3.134392,20.179758,-8.932139,2.25923,1.0,"{""ASIA"": 164}",True,WATCH_SURFACE,session_concentration_above_0_75
VWAP_DEVIATION_REVERSION,LONG,6,LATE_US,session_sanity,294,29,16,0.054422,5.038743,3.887821,0.632653,3.538743,3.038743,17.627715,-9.791763,1.800259,1.0,"{""LATE_US"": 294}",True,WATCH_SURFACE,session_concentration_above_0_75
VWAP_DEVIATION_REVERSION,SHORT,6,LONDON,session_sanity,263,30,22,0.08365,4.933741,3.792986,0.684411,3.433741,2.933741,18.561714,-9.834911,1.887329,1.0,"{""LONDON"": 263}",True,WATCH_SURFACE,session_concentration_above_0_75
VWAP_DEVIATION_REVERSION,LONG,12,LONDON,session_sanity,290,34,22,0.075862,4.919411,5.315195,0.662069,3.419411,2.919411,16.317659,-11.029147,1.479503,1.0,"{""LONDON"": 290}",True,WATCH_SURFACE,session_concentration_above_0_75
VWAP_DEVIATION_REVERSION,LONG,3,US,session_sanity,523,41,27,0.051625,4.899326,4.491664,0.667304,3.399326,2.899326,22.911144,-11.27017,2.032901,1.0,"{""US"": 523}",True,WATCH_SURFACE,session_concentration_above_0_75
EXHAUSTION_REVERSAL,LONG,6,US,session_sanity,68,33,4,0.058824,4.517654,7.633475,0.647059,3.017654,2.517654,24.194847,-22.659291,1.067767,1.0,"{""US"": 68}",True,WATCH_SURFACE,session_concentration_above_0_75
VWAP_DEVIATION_REVERSION,SHORT,24,LATE_US,session_sanity,362,37,16,0.044199,4.308822,6.082703,0.621547,2.808822,2.308822,16.62808,-10.902665,1.525139,1.0,"{""LATE_US"": 362}",True,WATCH_SURFACE,session_concentration_above_0_75
VWAP_DEVIATION_REVERSION,SHORT,6,LATE_US,session_sanity,362,37,16,0.044199,4.03811,3.539896,0.621547,2.53811,2.03811,16.62808,-10.902665,1.525139,1.0,"{""LATE_US"": 362}",True,WATCH_SURFACE,session_concentration_above_0_75
VWAP_DEVIATION_REVERSION,SHORT,12,LATE_US,session_sanity,362,37,16,0.044199,4.037748,3.95538,0.643646,2.537748,2.037748,16.62808,-10.902665,1.525139,1.0,"{""LATE_US"": 362}",True,WATCH_SURFACE,session_concentration_above_0_75
VWAP_DEVIATION_REVERSION,SHORT,3,ASIA,session_sanity,171,29,18,0.105263,3.992735,3.044843,0.660819,2.492735,1.992735,19.107391,-11.663066,1.638282,1.0,"{""ASIA"": 171}",True,WATCH_SURFACE,session_concentration_above_0_75
VWAP_DEVIATION_REVERSION,LONG,6,LONDON,session_sanity,290,34,22,0.075862,3.68573,3.812996,0.651724,2.18573,1.68573,16.317659,-11.029147,1.479503,1.0,"{""LONDON"": 290}",True,WATCH_SURFACE,session_concentration_above_0_75
VWAP_DEVIATION_REVERSION,SHORT,3,LONDON,session_sanity,263,30,22,0.08365,3.624112,2.656267,0.657795,2.124112,1.624112,18.561714,-9.834911,1.887329,1.0,"{""LONDON"": 263}",True,WATCH_SURFACE,session_concentration_above_0_75
VWAP_DEVIATION_REVERSION,SHORT,3,LATE_US,session_sanity,362,37,16,0.044199,3.591975,2.949667,0.640884,2.091975,1.591975,16.62808,-10.902665,1.525139,1.0,"{""LATE_US"": 362}",True,WATCH_SURFACE,session_concentration_above_0_75
VWAP_DEVIATION_REVERSION,LONG,3,LATE_US,session_sanity,294,29,16,0.054422,3.484012,2.728689,0.64966,1.984012,1.484012,17.627715,-9.791763,1.800259,1.0,"{""LATE_US"": 294}",True,WATCH_SURFACE,session_concentration_above_0_75
VWAP_DEVIATION_REVERSION,LONG,3,LONDON,session_sanity,290,34,22,0.075862,3.011837,3.331238,0.624138,1.511837,1.011837,16.317659,-11.029147,1.479503,1.0,"{""LONDON"": 290}",True,WATCH_SURFACE,session_concentration_above_0_75
VWAP_DEVIATION_REVERSION,LONG,60,LONDON,session_sanity,290,34,22,0.075862,2.225577,4.272702,0.551724,0.725577,0.225577,31.281584,-30.631132,1.021235,1.0,"{""LONDON"": 290}",True,WATCH_SURFACE,session_concentration_above_0_75
EXHAUSTION_REVERSAL,LONG,3,US,session_sanity,68,33,4,0.058824,0.954073,4.02891,0.617647,-0.545927,-1.045927,24.194847,-22.659291,1.067767,1.0,"{""US"": 68}",True,WATCH_SURFACE,cost_0_00015_not_positive;session_concentration_above_0_75
VWAP_DEVIATION_REVERSION,SHORT,60,LATE_US,session_sanity,362,37,16,0.044199,0.722628,6.981749,0.596685,-0.777372,-1.277372,35.656059,-32.419051,1.099849,1.0,"{""LATE_US"": 362}",True,WATCH_SURFACE,cost_0_00015_not_positive;session_concentration_above_0_75
